pivot_1,pivot_2,pivot_3,pivot_4,pf_x,pf_y,pf_z,tau_c_1,tau_c_2,tau_c_3,tau_c_4,tau_c_5,tau_c_6,tau_c_7,tau_c_8,tau_c_scaled_1,tau_c_scaled_2,tau_c_scaled_3,tau_c_scaled_4,tau_c_scaled_5,f_drive_ref_1,f_drive_ref_2,f_drive_ref_3,f_drive_ref_4,f_drive_ref_5,f_drive_ref_6,f_drive_ref_7,f_drive_ref_8,f_krnl_1,f_krnl_2,f_krnl_3,f_krnl_4,f_krnl_5,f_krnl_6,f_krnl_7,f_krnl_8,f_null_1,f_null_2,f_null_3,f_null_4,f_null_5,f_null_6,f_null_7,f_null_8,f_null_scale_factor,f_null_scaled_1,f_null_scaled_2,f_null_scaled_3,f_null_scaled_4,f_null_scaled_5,f_null_scaled_6,f_null_scaled_7,f_null_scaled_8,f_drv_1,f_drv_2,f_drv_3,f_drv_4,f_drv_5,f_drv_6,f_drv_7,f_drv_8,f_wheel_1,f_wheel_2,f_wheel_3,f_wheel_4,f_wheel_5,f_wheel_6,f_wheel_7,f_wheel_8
0.179835,5.78704,3.37187,0.0670398,0,0,0,-0,0,-0,0,-0,0,-0,0,-0,0,-0,0,-0,0,-0,0,0,0,0,0,0,0,0,0,0,0,0,0,0,0,0,0,0,0,0,0,0,0,0,0,1,0,0,0,0,0,0,0,0,0,0,0,0,0,0,0,0,-0,0,-0,0,-0,0,-0,0,
0.179835,5.78704,3.37187,0.0670398,0,0,0,-0,0,-0,0,-0,0,-0,0,-0,0,-0,0,-0,0,-0,0,0,0,0,0,0,0,0,0,0,0,0,0,0,0,0,0,0,0,0,0,0,0,0,0,1,0,0,0,0,0,0,0,0,0,0,0,0,0,0,0,0,-0,0,-0,0,-0,0,-0,0,
0.179835,5.78704,3.37187,0.0670398,0,0,0,-0,0,-0,0,-0,0,-0,0,-0,0,-0,0,-0,0,-0,0,0,0,0,0,0,0,0,0,0,0,0,0,0,0,0,0,0,0,0,0,0,0,0,0,1,0,0,0,0,0,0,0,0,0,0,0,0,0,0,0,0,-0,0,-0,0,-0,0,-0,0,
0.179835,5.78704,3.37187,0.0670398,0,0,0,-0,0,-0,0,-0,0,-0,0,-0,0,-0,0,-0,0,-0,0,0,0,0,0,0,0,0,0,0,0,0,0,0,0,0,0,0,0,0,0,0,0,0,0,1,0,0,0,0,0,0,0,0,0,0,0,0,0,0,0,0,-0,0,-0,0,-0,0,-0,0,
0.179847,5.78701,3.37188,0.0670398,0,0,0,-0,0,-0,0,-0,0,-0,0,-0,0,-0,0,-0,0,-0,0,0,0,0,0,0,0,0,0,0,0,0,0,0,0,0,0,0,0,0,0,0,0,0,0,1,0,0,0,0,0,0,0,0,0,0,0,0,0,0,0,0,-0,0,-0,0,-0,0,-0,0,
0.179847,5.78701,3.37188,0.0670398,0,0,0,-0,0,-0,0,-0,0,-0,0,-0,0,-0,0,-0,0,-0,0,0,0,0,0,0,0,0,0,0,0,0,0,0,0,0,0,0,0,0,0,0,0,0,0,1,0,0,0,0,0,0,0,0,0,0,0,0,0,0,0,0,-0,0,-0,0,-0,0,-0,0,
0.179859,5.78701,3.37188,0.0670398,0,0,0,-0,0,-0,0,-0,0,-0,0,-0,0,-0,0,-0,0,-0,0,0,0,0,0,0,0,0,0,0,0,0,0,0,0,0,0,0,0,0,0,0,0,0,0,1,0,0,0,0,0,0,0,0,0,0,0,0,0,0,0,0,-0,0,-0,0,-0,0,-0,0,
0.179847,5.78701,3.37188,0.0670398,0,0,0,-0,0,-0,0,-0,0,-0,0,-0,0,-0,0,-0,0,-0,0,0,0,0,0,0,0,0,0,0,0,0,0,0,0,0,0,0,0,0,0,0,0,0,0,1,0,0,0,0,0,0,0,0,0,0,0,0,0,0,0,0,-0,0,-0,0,-0,0,-0,0,
0.179859,5.78701,3.37188,0.0670398,0,0,0,-0,0,-0,0,-0,0,-0,0,-0,0,-0,0,-0,0,-0,0,0,0,0,0,0,0,0,0,0,0,0,0,0,0,0,0,0,0,0,0,0,0,0,0,1,0,0,0,0,0,0,0,0,0,0,0,0,0,0,0,0,-0,0,-0,0,-0,0,-0,0,
0.179847,5.78701,3.37188,0.0670517,0,0,0,-0,0,-0,0,-0,0,-0,0,-0,0,-0,0,-0,0,-0,0,0,0,0,0,0,0,0,0,0,0,0,0,0,0,0,0,0,0,0,0,0,0,0,0,1,0,0,0,0,0,0,0,0,0,0,0,0,0,0,0,0,-0,0,-0,0,-0,0,-0,0,
0.179835,5.78701,3.37187,0.0670637,0,0,0,-0,0,-0,0,-0,0,-0,0,-0,0,-0,0,-0,0,-0,0,0,0,0,0,0,0,0,0,0,0,0,0,0,0,0,0,0,0,0,0,0,0,0,0,1,0,0,0,0,0,0,0,0,0,0,0,0,0,0,0,0,-0,0,-0,0,-0,0,-0,0,
0.179847,5.78704,3.37187,0.0670637,0,0,0,-0,0,-0,0,-0,0,-0,0,-0,0,-0,0,-0,0,-0,0,0,0,0,0,0,0,0,0,0,0,0,0,0,0,0,0,0,0,0,0,0,0,0,0,1,0,0,0,0,0,0,0,0,0,0,0,0,0,0,0,0,-0,0,-0,0,-0,0,-0,0,
0.179847,5.78703,3.37187,0.0670757,0,0,0,-0,0,-0,0,-0,0,-0,0,-0,0,-0,0,-0,0,-0,0,0,0,0,0,0,0,0,0,0,0,0,0,0,0,0,0,0,0,0,0,0,0,0,0,1,0,0,0,0,0,0,0,0,0,0,0,0,0,0,0,0,-0,0,-0,0,-0,0,-0,0,
0.179847,5.78701,3.37187,0.0670877,0,0,0,-0,0,-0,0,-0,0,-0,0,-0,0,-0,0,-0,0,-0,0,0,0,0,0,0,0,0,0,0,0,0,0,0,0,0,0,0,0,0,0,0,0,0,0,1,0,0,0,0,0,0,0,0,0,0,0,0,0,0,0,0,-0,0,-0,0,-0,0,-0,0,
0.179847,5.78701,3.37188,0.0670997,0,0,0,-0,0,-0,0,-0,0,-0,0,-0,0,-0,0,-0,0,-0,0,0,0,0,0,0,0,0,0,0,0,0,0,0,0,0,0,0,0,0,0,0,0,0,0,1,0,0,0,0,0,0,0,0,0,0,0,0,0,0,0,0,-0,0,-0,0,-0,0,-0,0,
0.179835,5.78703,3.37188,0.0671117,0,0,0,-0,0,-0,0,-0,0,-0,0,-0,0,-0,0,-0,0,-0,0,0,0,0,0,0,0,0,0,0,0,0,0,0,0,0,0,0,0,0,0,0,0,0,0,1,0,0,0,0,0,0,0,0,0,0,0,0,0,0,0,0,-0,0,-0,0,-0,0,-0,0,
0.179835,5.78701,3.37188,0.0671476,0,0,0,-0,0,-0,0,-0,0,-0,0,-0,0,-0,0,-0,0,-0,0,0,0,0,0,0,0,0,0,0,0,0,0,0,0,0,0,0,0,0,0,0,0,0,0,1,0,0,0,0,0,0,0,0,0,0,0,0,0,0,0,0,-0,0,-0,0,-0,0,-0,0,
0.179847,5.78703,3.37189,0.0671716,0,0,0,-0,0,-0,0,-0,0,-0,0,-0,0,-0,0,-0,0,-0,0,0,0,0,0,0,0,0,0,0,0,0,0,0,0,0,0,0,0,0,0,0,0,0,0,1,0,0,0,0,0,0,0,0,0,0,0,0,0,0,0,0,-0,0,-0,0,-0,0,-0,0,
0.179847,5.78703,3.37189,0.0671955,0,0,0,-0,0,-0,0,-0,0,-0,0,-0,0,-0,0,-0,0,-0,0,0,0,0,0,0,0,0,0,0,0,0,0,0,0,0,0,0,0,0,0,0,0,0,0,1,0,0,0,0,0,0,0,0,0,0,0,0,0,0,0,0,-0,0,-0,0,-0,0,-0,0,
0.179847,5.78704,3.37191,0.0672195,0,0,0,-0,0,-0,0,-0,0,-0,0,-0,0,-0,0,-0,0,-0,0,0,0,0,0,0,0,0,0,0,0,0,0,0,0,0,0,0,0,0,0,0,0,0,0,1,0,0,0,0,0,0,0,0,0,0,0,0,0,0,0,0,-0,0,-0,0,-0,0,-0,0,
0.179847,5.78704,3.37191,0.0672195,0,0,0,-0,0,-0,0,-0,0,-0,0,-0,0,-0,0,-0,0,-0,0,0,0,0,0,0,0,0,0,0,0,0,0,0,0,0,0,0,0,0,0,0,0,0,0,1,0,0,0,0,0,0,0,0,0,0,0,0,0,0,0,0,-0,0,-0,0,-0,0,-0,0,
0.179871,5.78704,3.37189,0.0672435,0,0,0,-0,0,-0,0,-0,0,-0,0,-0,0,-0,0,-0,0,-0,0,0,0,0,0,0,0,0,0,0,0,0,0,0,0,0,0,0,0,0,0,0,0,0,0,1,0,0,0,0,0,0,0,0,0,0,0,0,0,0,0,0,-0,0,-0,0,-0,0,-0,0,
0.179871,5.78703,3.37189,0.0672555,0,0,0,-0,0,-0,0,-0,0,-0,0,-0,0,-0,0,-0,0,-0,0,0,0,0,0,0,0,0,0,0,0,0,0,0,0,0,0,0,0,0,0,0,0,0,0,1,0,0,0,0,0,0,0,0,0,0,0,0,0,0,0,0,-0,0,-0,0,-0,0,-0,0,
0.179859,5.78704,3.37191,0.0672675,0,0,0,-0,0,-0,0,-0,0,-0,0,-0,0,-0,0,-0,0,-0,0,0,0,0,0,0,0,0,0,0,0,0,0,0,0,0,0,0,0,0,0,0,0,0,0,1,0,0,0,0,0,0,0,0,0,0,0,0,0,0,0,0,-0,0,-0,0,-0,0,-0,0,
0.179847,5.78704,3.37189,0.0672794,0,0,0,-0,0,-0,0,-0,0,-0,0,-0,0,-0,0,-0,0,-0,0,0,0,0,0,0,0,0,0,0,0,0,0,0,0,0,0,0,0,0,0,0,0,0,0,1,0,0,0,0,0,0,0,0,0,0,0,0,0,0,0,0,-0,0,-0,0,-0,0,-0,0,
0.179835,5.78704,3.37189,0.0673034,0,0,0,-0,0,-0,0,-0,0,-0,0,-0,0,-0,0,-0,0,-0,0,0,0,0,0,0,0,0,0,0,0,0,0,0,0,0,0,0,0,0,0,0,0,0,0,1,0,0,0,0,0,0,0,0,0,0,0,0,0,0,0,0,-0,0,-0,0,-0,0,-0,0,
0.179847,5.78704,3.37191,0.0673034,0,0,0,-0,0,-0,0,-0,0,-0,0,-0,0,-0,0,-0,0,-0,0,0,0,0,0,0,0,0,0,0,0,0,0,0,0,0,0,0,0,0,0,0,0,0,0,1,0,0,0,0,0,0,0,0,0,0,0,0,0,0,0,0,-0,0,-0,0,-0,0,-0,0,
0.179835,5.78704,3.37191,0.0673274,0,0,0,-0,0,-0,0,-0,0,-0,0,-0,0,-0,0,-0,0,-0,0,0,0,0,0,0,0,0,0,0,0,0,0,0,0,0,0,0,0,0,0,0,0,0,0,1,0,0,0,0,0,0,0,0,0,0,0,0,0,0,0,0,-0,0,-0,0,-0,0,-0,0,
0.179847,5.78705,3.37189,0.0673274,0,0,0,-0,0,-0,0,-0,0,-0,0,-0,0,-0,0,-0,0,-0,0,0,0,0,0,0,0,0,0,0,0,0,0,0,0,0,0,0,0,0,0,0,0,0,0,1,0,0,0,0,0,0,0,0,0,0,0,0,0,0,0,0,-0,0,-0,0,-0,0,-0,0,
0.179847,5.78704,3.37191,0.0673274,0,0,0,-0,0,-0,0,-0,0,-0,0,-0,0,-0,0,-0,0,-0,0,0,0,0,0,0,0,0,0,0,0,0,0,0,0,0,0,0,0,0,0,0,0,0,0,1,0,0,0,0,0,0,0,0,0,0,0,0,0,0,0,0,-0,0,-0,0,-0,0,-0,0,
0.179847,5.78704,3.37188,0.0673394,0,0,0,-0,0,-0,0,-0,0,-0,0,-0,0,-0,0,-0,0,-0,0,0,0,0,0,0,0,0,0,0,0,0,0,0,0,0,0,0,0,0,0,0,0,0,0,1,0,0,0,0,0,0,0,0,0,0,0,0,0,0,0,0,-0,0,-0,0,-0,0,-0,0,
0.179835,5.78701,3.37189,0.0673513,0,0,0,-0,0,-0,0,-0,0,-0,0,-0,0,-0,0,-0,0,-0,0,0,0,0,0,0,0,0,0,0,0,0,0,0,0,0,0,0,0,0,0,0,0,0,0,1,0,0,0,0,0,0,0,0,0,0,0,0,0,0,0,0,-0,0,-0,0,-0,0,-0,0,
0.179835,5.78701,3.37188,0.0673513,0,0,0,-0,0,-0,0,-0,0,-0,0,-0,0,-0,0,-0,0,-0,0,0,0,0,0,0,0,0,0,0,0,0,0,0,0,0,0,0,0,0,0,0,0,0,0,1,0,0,0,0,0,0,0,0,0,0,0,0,0,0,0,0,-0,0,-0,0,-0,0,-0,0,
0.179847,5.78703,3.37187,0.0673274,0,0,0,-0,0,-0,0,-0,0,-0,0,-0,0,-0,0,-0,0,-0,0,0,0,0,0,0,0,0,0,0,0,0,0,0,0,0,0,0,0,0,0,0,0,0,0,1,0,0,0,0,0,0,0,0,0,0,0,0,0,0,0,0,-0,0,-0,0,-0,0,-0,0,
0.179835,5.78701,3.37188,0.0673154,0,0,0,-0,0,-0,0,-0,0,-0,0,-0,0,-0,0,-0,0,-0,0,0,0,0,0,0,0,0,0,0,0,0,0,0,0,0,0,0,0,0,0,0,0,0,0,1,0,0,0,0,0,0,0,0,0,0,0,0,0,0,0,0,-0,0,-0,0,-0,0,-0,0,
0.179835,5.78703,3.37188,0.0673274,0,0,0,-0,0,-0,0,-0,0,-0,0,-0,0,-0,0,-0,0,-0,0,0,0,0,0,0,0,0,0,0,0,0,0,0,0,0,0,0,0,0,0,0,0,0,0,1,0,0,0,0,0,0,0,0,0,0,0,0,0,0,0,0,-0,0,-0,0,-0,0,-0,0,
0.179835,5.78704,3.37189,0.0673154,0,0,0,-0,0,-0,0,-0,0,-0,0,-0,0,-0,0,-0,0,-0,0,0,0,0,0,0,0,0,0,0,0,0,0,0,0,0,0,0,0,0,0,0,0,0,0,1,0,0,0,0,0,0,0,0,0,0,0,0,0,0,0,0,-0,0,-0,0,-0,0,-0,0,
0.179835,5.78704,3.37189,0.0673154,0,0,0,-0,0,-0,0,-0,0,-0,0,-0,0,-0,0,-0,0,-0,0,0,0,0,0,0,0,0,0,0,0,0,0,0,0,0,0,0,0,0,0,0,0,0,0,1,0,0,0,0,0,0,0,0,0,0,0,0,0,0,0,0,-0,0,-0,0,-0,0,-0,0,
0.179847,5.78704,3.37189,0.0673034,0,0,0,-0,0,-0,0,-0,0,-0,0,-0,0,-0,0,-0,0,-0,0,0,0,0,0,0,0,0,0,0,0,0,0,0,0,0,0,0,0,0,0,0,0,0,0,1,0,0,0,0,0,0,0,0,0,0,0,0,0,0,0,0,-0,0,-0,0,-0,0,-0,0,
0.179835,5.78703,3.37191,0.0673034,0,0,0,-0,0,-0,0,-0,0,-0,0,-0,0,-0,0,-0,0,-0,0,0,0,0,0,0,0,0,0,0,0,0,0,0,0,0,0,0,0,0,0,0,0,0,0,1,0,0,0,0,0,0,0,0,0,0,0,0,0,0,0,0,-0,0,-0,0,-0,0,-0,0,
0.179835,5.78703,3.37189,0.0672914,0,0,0,-0,0,-0,0,-0,0,-0,0,-0,0,-0,0,-0,0,-0,0,0,0,0,0,0,0,0,0,0,0,0,0,0,0,0,0,0,0,0,0,0,0,0,0,1,0,0,0,0,0,0,0,0,0,0,0,0,0,0,0,0,-0,0,-0,0,-0,0,-0,0,
0.179835,5.78703,3.37189,0.0672675,0,0,0,-0,0,-0,0,-0,0,-0,0,-0,0,-0,0,-0,0,-0,0,0,0,0,0,0,0,0,0,0,0,0,0,0,0,0,0,0,0,0,0,0,0,0,0,1,0,0,0,0,0,0,0,0,0,0,0,0,0,0,0,0,-0,0,-0,0,-0,0,-0,0,
0.179835,5.78703,3.37191,0.0672555,0,0,0,-0,0,-0,0,-0,0,-0,0,-0,0,-0,0,-0,0,-0,0,0,0,0,0,0,0,0,0,0,0,0,0,0,0,0,0,0,0,0,0,0,0,0,0,1,0,0,0,0,0,0,0,0,0,0,0,0,0,0,0,0,-0,0,-0,0,-0,0,-0,0,
0.179847,5.78704,3.37189,0.0672435,0,0,0,-0,0,-0,0,-0,0,-0,0,-0,0,-0,0,-0,0,-0,0,0,0,0,0,0,0,0,0,0,0,0,0,0,0,0,0,0,0,0,0,0,0,0,0,1,0,0,0,0,0,0,0,0,0,0,0,0,0,0,0,0,-0,0,-0,0,-0,0,-0,0,
0.179835,5.78705,3.37191,0.0672315,0,0,0,-0,0,-0,0,-0,0,-0,0,-0,0,-0,0,-0,0,-0,0,0,0,0,0,0,0,0,0,0,0,0,0,0,0,0,0,0,0,0,0,0,0,0,0,1,0,0,0,0,0,0,0,0,0,0,0,0,0,0,0,0,-0,0,-0,0,-0,0,-0,0,
0.179847,5.78705,3.37192,0.0672195,0,0,0,-0,0,-0,0,-0,0,-0,0,-0,0,-0,0,-0,0,-0,0,0,0,0,0,0,0,0,0,0,0,0,0,0,0,0,0,0,0,0,0,0,0,0,0,1,0,0,0,0,0,0,0,0,0,0,0,0,0,0,0,0,-0,0,-0,0,-0,0,-0,0,
0.179859,5.78704,3.37192,0.0672075,0,0,0,-0,0,-0,0,-0,0,-0,0,-0,0,-0,0,-0,0,-0,0,0,0,0,0,0,0,0,0,0,0,0,0,0,0,0,0,0,0,0,0,0,0,0,0,1,0,0,0,0,0,0,0,0,0,0,0,0,0,0,0,0,-0,0,-0,0,-0,0,-0,0,
0.179859,5.78705,3.37193,0.0671955,0,0,0,-0,0,-0,0,-0,0,-0,0,-0,0,-0,0,-0,0,-0,0,0,0,0,0,0,0,0,0,0,0,0,0,0,0,0,0,0,0,0,0,0,0,0,0,1,0,0,0,0,0,0,0,0,0,0,0,0,0,0,0,0,-0,0,-0,0,-0,0,-0,0,
0.179859,5.78704,3.37193,0.0671955,0,0,0,-0,0,-0,0,-0,0,-0,0,-0,0,-0,0,-0,0,-0,0,0,0,0,0,0,0,0,0,0,0,0,0,0,0,0,0,0,0,0,0,0,0,0,0,1,0,0,0,0,0,0,0,0,0,0,0,0,0,0,0,0,-0,0,-0,0,-0,0,-0,0,
0.179859,5.78705,3.37192,0.0671716,0,0,0,-0,0,-0,0,-0,0,-0,0,-0,0,-0,0,-0,0,-0,0,0,0,0,0,0,0,0,0,0,0,0,0,0,0,0,0,0,0,0,0,0,0,0,0,1,0,0,0,0,0,0,0,0,0,0,0,0,0,0,0,0,-0,0,-0,0,-0,0,-0,0,
0.179871,5.78705,3.37192,0.0671836,0,0,0,-0,0,-0,0,-0,0,-0,0,-0,0,-0,0,-0,0,-0,0,0,0,0,0,0,0,0,0,0,0,0,0,0,0,0,0,0,0,0,0,0,0,0,0,1,0,0,0,0,0,0,0,0,0,0,0,0,0,0,0,0,-0,0,-0,0,-0,0,-0,0,
0.179859,5.78704,3.37192,0.0671716,0,0,0,-0,0,-0,0,-0,0,-0,0,-0,0,-0,0,-0,0,-0,0,0,0,0,0,0,0,0,0,0,0,0,0,0,0,0,0,0,0,0,0,0,0,0,0,1,0,0,0,0,0,0,0,0,0,0,0,0,0,0,0,0,-0,0,-0,0,-0,0,-0,0,
0.179859,5.78705,3.37191,0.0671716,0,0,0,-0,0,-0,0,-0,0,-0,0,-0,0,-0,0,-0,0,-0,0,0,0,0,0,0,0,0,0,0,0,0,0,0,0,0,0,0,0,0,0,0,0,0,0,1,0,0,0,0,0,0,0,0,0,0,0,0,0,0,0,0,-0,0,-0,0,-0,0,-0,0,
0.179847,5.78705,3.37191,0.0671716,0,0,0,-0,0,-0,0,-0,0,-0,0,-0,0,-0,0,-0,0,-0,0,0,0,0,0,0,0,0,0,0,0,0,0,0,0,0,0,0,0,0,0,0,0,0,0,1,0,0,0,0,0,0,0,0,0,0,0,0,0,0,0,0,-0,0,-0,0,-0,0,-0,0,
0.179847,5.78705,3.37189,0.0671716,0,0,0,-0,0,-0,0,-0,0,-0,0,-0,0,-0,0,-0,0,-0,0,0,0,0,0,0,0,0,0,0,0,0,0,0,0,0,0,0,0,0,0,0,0,0,0,1,0,0,0,0,0,0,0,0,0,0,0,0,0,0,0,0,-0,0,-0,0,-0,0,-0,0,
0.179847,5.78706,3.37189,0.0671716,0,0,0,-0,0,-0,0,-0,0,-0,0,-0,0,-0,0,-0,0,-0,0,0,0,0,0,0,0,0,0,0,0,0,0,0,0,0,0,0,0,0,0,0,0,0,0,1,0,0,0,0,0,0,0,0,0,0,0,0,0,0,0,0,-0,0,-0,0,-0,0,-0,0,
0.179847,5.78706,3.37189,0.0671716,0,0,0,-0,0,-0,0,-0,0,-0,0,-0,0,-0,0,-0,0,-0,0,0,0,0,0,0,0,0,0,0,0,0,0,0,0,0,0,0,0,0,0,0,0,0,0,1,0,0,0,0,0,0,0,0,0,0,0,0,0,0,0,0,-0,0,-0,0,-0,0,-0,0,
0.179847,5.78705,3.37194,0.0671836,0,0,0,-0,0,-0,0,-0,0,-0,0,-0,0,-0,0,-0,0,-0,0,0,0,0,0,0,0,0,0,0,0,0,0,0,0,0,0,0,0,0,0,0,0,0,0,1,0,0,0,0,0,0,0,0,0,0,0,0,0,0,0,0,-0,0,-0,0,-0,0,-0,0,
0.179859,5.78704,3.37189,0.0671836,0,0,0,-0,0,-0,0,-0,0,-0,0,-0,0,-0,0,-0,0,-0,0,0,0,0,0,0,0,0,0,0,0,0,0,0,0,0,0,0,0,0,0,0,0,0,0,1,0,0,0,0,0,0,0,0,0,0,0,0,0,0,0,0,-0,0,-0,0,-0,0,-0,0,
0.179871,5.78703,3.37189,0.0671955,0,0,0,-0,0,-0,0,-0,0,-0,0,-0,0,-0,0,-0,0,-0,0,0,0,0,0,0,0,0,0,0,0,0,0,0,0,0,0,0,0,0,0,0,0,0,0,1,0,0,0,0,0,0,0,0,0,0,0,0,0,0,0,0,-0,0,-0,0,-0,0,-0,0,
0.179859,5.78703,3.37189,0.0672075,0,0,0,-0,0,-0,0,-0,0,-0,0,-0,0,-0,0,-0,0,-0,0,0,0,0,0,0,0,0,0,0,0,0,0,0,0,0,0,0,0,0,0,0,0,0,0,1,0,0,0,0,0,0,0,0,0,0,0,0,0,0,0,0,-0,0,-0,0,-0,0,-0,0,
0.179847,5.78703,3.37191,0.0672075,0,0,0,-0,0,-0,0,-0,0,-0,0,-0,0,-0,0,-0,0,-0,0,0,0,0,0,0,0,0,0,0,0,0,0,0,0,0,0,0,0,0,0,0,0,0,0,1,0,0,0,0,0,0,0,0,0,0,0,0,0,0,0,0,-0,0,-0,0,-0,0,-0,0,
0.179835,5.78704,3.37191,0.0672075,0,0,0,-0,0,-0,0,-0,0,-0,0,-0,0,-0,0,-0,0,-0,0,0,0,0,0,0,0,0,0,0,0,0,0,0,0,0,0,0,0,0,0,0,0,0,0,1,0,0,0,0,0,0,0,0,0,0,0,0,0,0,0,0,-0,0,-0,0,-0,0,-0,0,
0.179847,5.78704,3.37192,0.0672075,0,0,0,-0,0,-0,0,-0,0,-0,0,-0,0,-0,0,-0,0,-0,0,0,0,0,0,0,0,0,0,0,0,0,0,0,0,0,0,0,0,0,0,0,0,0,0,1,0,0,0,0,0,0,0,0,0,0,0,0,0,0,0,0,-0,0,-0,0,-0,0,-0,0,
0.179847,5.78704,3.37193,0.0672195,0,0,0,-0,0,-0,0,-0,0,-0,0,-0,0,-0,0,-0,0,-0,0,0,0,0,0,0,0,0,0,0,0,0,0,0,0,0,0,0,0,0,0,0,0,0,0,1,0,0,0,0,0,0,0,0,0,0,0,0,0,0,0,0,-0,0,-0,0,-0,0,-0,0,
0.179859,5.78703,3.37192,0.0672195,0,0,0,-0,0,-0,0,-0,0,-0,0,-0,0,-0,0,-0,0,-0,0,0,0,0,0,0,0,0,0,0,0,0,0,0,0,0,0,0,0,0,0,0,0,0,0,1,0,0,0,0,0,0,0,0,0,0,0,0,0,0,0,0,-0,0,-0,0,-0,0,-0,0,
0.179859,5.78701,3.37193,0.0672195,0,0,0,-0,0,-0,0,-0,0,-0,0,-0,0,-0,0,-0,0,-0,0,0,0,0,0,0,0,0,0,0,0,0,0,0,0,0,0,0,0,0,0,0,0,0,0,1,0,0,0,0,0,0,0,0,0,0,0,0,0,0,0,0,-0,0,-0,0,-0,0,-0,0,
0.179847,5.78701,3.37193,0.0672315,0,0,0,-0,0,-0,0,-0,0,-0,0,-0,0,-0,0,-0,0,-0,0,0,0,0,0,0,0,0,0,0,0,0,0,0,0,0,0,0,0,0,0,0,0,0,0,1,0,0,0,0,0,0,0,0,0,0,0,0,0,0,0,0,-0,0,-0,0,-0,0,-0,0,
0.179847,5.78701,3.37194,0.0672435,0,0,0,-0,0,-0,0,-0,0,-0,0,-0,0,-0,0,-0,0,-0,0,0,0,0,0,0,0,0,0,0,0,0,0,0,0,0,0,0,0,0,0,0,0,0,0,1,0,0,0,0,0,0,0,0,0,0,0,0,0,0,0,0,-0,0,-0,0,-0,0,-0,0,
0.179859,5.78703,3.37194,0.0672435,0,0,0,-0,0,-0,0,-0,0,-0,0,-0,0,-0,0,-0,0,-0,0,0,0,0,0,0,0,0,0,0,0,0,0,0,0,0,0,0,0,0,0,0,0,0,0,1,0,0,0,0,0,0,0,0,0,0,0,0,0,0,0,0,-0,0,-0,0,-0,0,-0,0,
0.179847,5.78703,3.37194,0.0672435,0,0,0,-0,0,-0,0,-0,0,-0,0,-0,0,-0,0,-0,0,-0,0,0,0,0,0,0,0,0,0,0,0,0,0,0,0,0,0,0,0,0,0,0,0,0,0,1,0,0,0,0,0,0,0,0,0,0,0,0,0,0,0,0,-0,0,-0,0,-0,0,-0,0,
0.179823,5.78704,3.37194,0.0672435,0,0,0,-0,0,-0,0,-0,0,-0,0,-0,0,-0,0,-0,0,-0,0,0,0,0,0,0,0,0,0,0,0,0,0,0,0,0,0,0,0,0,0,0,0,0,0,1,0,0,0,0,0,0,0,0,0,0,0,0,0,0,0,0,-0,0,-0,0,-0,0,-0,0,
0.179823,5.78704,3.37194,0.0672555,0,0,0,-0,0,-0,0,-0,0,-0,0,-0,0,-0,0,-0,0,-0,0,0,0,0,0,0,0,0,0,0,0,0,0,0,0,0,0,0,0,0,0,0,0,0,0,1,0,0,0,0,0,0,0,0,0,0,0,0,0,0,0,0,-0,0,-0,0,-0,0,-0,0,
0.179835,5.78705,3.37193,0.0672675,0,0,0,-0,0,-0,0,-0,0,-0,0,-0,0,-0,0,-0,0,-0,0,0,0,0,0,0,0,0,0,0,0,0,0,0,0,0,0,0,0,0,0,0,0,0,0,1,0,0,0,0,0,0,0,0,0,0,0,0,0,0,0,0,-0,0,-0,0,-0,0,-0,0,
0.179835,5.78706,3.37194,0.0672794,0,0,0,-0,0,-0,0,-0,0,-0,0,-0,0,-0,0,-0,0,-0,0,0,0,0,0,0,0,0,0,0,0,0,0,0,0,0,0,0,0,0,0,0,0,0,0,1,0,0,0,0,0,0,0,0,0,0,0,0,0,0,0,0,-0,0,-0,0,-0,0,-0,0,
0.179835,5.78703,3.37193,0.0672675,0,0,0,-0,0,-0,0,-0,0,-0,0,-0,0,-0,0,-0,0,-0,0,0,0,0,0,0,0,0,0,0,0,0,0,0,0,0,0,0,0,0,0,0,0,0,0,1,0,0,0,0,0,0,0,0,0,0,0,0,0,0,0,0,-0,0,-0,0,-0,0,-0,0,
0.179835,5.78704,3.37191,0.0672675,0,0,0,-0,0,-0,0,-0,0,-0,0,-0,0,-0,0,-0,0,-0,0,0,0,0,0,0,0,0,0,0,0,0,0,0,0,0,0,0,0,0,0,0,0,0,0,1,0,0,0,0,0,0,0,0,0,0,0,0,0,0,0,0,-0,0,-0,0,-0,0,-0,0,
0.179847,5.78705,3.37191,0.0672675,0,0,0,-0,0,-0,0,-0,0,-0,0,-0,0,-0,0,-0,0,-0,0,0,0,0,0,0,0,0,0,0,0,0,0,0,0,0,0,0,0,0,0,0,0,0,0,1,0,0,0,0,0,0,0,0,0,0,0,0,0,0,0,0,-0,0,-0,0,-0,0,-0,0,
0.179835,5.78705,3.37192,0.0672555,0,0,0,-0,0,-0,0,-0,0,-0,0,-0,0,-0,0,-0,0,-0,0,0,0,0,0,0,0,0,0,0,0,0,0,0,0,0,0,0,0,0,0,0,0,0,0,1,0,0,0,0,0,0,0,0,0,0,0,0,0,0,0,0,-0,0,-0,0,-0,0,-0,0,
0.179847,5.78704,3.37191,0.0672555,0,0,0,-0,0,-0,0,-0,0,-0,0,-0,0,-0,0,-0,0,-0,0,0,0,0,0,0,0,0,0,0,0,0,0,0,0,0,0,0,0,0,0,0,0,0,0,1,0,0,0,0,0,0,0,0,0,0,0,0,0,0,0,0,-0,0,-0,0,-0,0,-0,0,
0.179859,5.78704,3.37191,0.0672555,0,0,0,-0,0,-0,0,-0,0,-0,0,-0,0,-0,0,-0,0,-0,0,0,0,0,0,0,0,0,0,0,0,0,0,0,0,0,0,0,0,0,0,0,0,0,0,1,0,0,0,0,0,0,0,0,0,0,0,0,0,0,0,0,-0,0,-0,0,-0,0,-0,0,
0.179847,5.78703,3.37191,0.0672555,0,0,0,-0,0,-0,0,-0,0,-0,0,-0,0,-0,0,-0,0,-0,0,0,0,0,0,0,0,0,0,0,0,0,0,0,0,0,0,0,0,0,0,0,0,0,0,1,0,0,0,0,0,0,0,0,0,0,0,0,0,0,0,0,-0,0,-0,0,-0,0,-0,0,
0.179859,5.78703,3.37189,0.0672555,0,0,0,-0,0,-0,0,-0,0,-0,0,-0,0,-0,0,-0,0,-0,0,0,0,0,0,0,0,0,0,0,0,0,0,0,0,0,0,0,0,0,0,0,0,0,0,1,0,0,0,0,0,0,0,0,0,0,0,0,0,0,0,0,-0,0,-0,0,-0,0,-0,0,
0.179859,5.78703,3.37189,0.0672435,0,0,0,-0,0,-0,0,-0,0,-0,0,-0,0,-0,0,-0,0,-0,0,0,0,0,0,0,0,0,0,0,0,0,0,0,0,0,0,0,0,0,0,0,0,0,0,1,0,0,0,0,0,0,0,0,0,0,0,0,0,0,0,0,-0,0,-0,0,-0,0,-0,0,
0.179859,5.787,3.37191,0.0672435,0,0,0,-0,0,-0,0,-0,0,-0,0,-0,0,-0,0,-0,0,-0,0,0,0,0,0,0,0,0,0,0,0,0,0,0,0,0,0,0,0,0,0,0,0,0,0,1,0,0,0,0,0,0,0,0,0,0,0,0,0,0,0,0,-0,0,-0,0,-0,0,-0,0,
0.179859,5.78703,3.37192,0.0672315,0,0,0,-0,0,-0,0,-0,0,-0,0,-0,0,-0,0,-0,0,-0,0,0,0,0,0,0,0,0,0,0,0,0,0,0,0,0,0,0,0,0,0,0,0,0,0,1,0,0,0,0,0,0,0,0,0,0,0,0,0,0,0,0,-0,0,-0,0,-0,0,-0,0,
0.179859,5.78703,3.37192,0.0672195,0,0,0,-0,0,-0,0,-0,0,-0,0,-0,0,-0,0,-0,0,-0,0,0,0,0,0,0,0,0,0,0,0,0,0,0,0,0,0,0,0,0,0,0,0,0,0,1,0,0,0,0,0,0,0,0,0,0,0,0,0,0,0,0,-0,0,-0,0,-0,0,-0,0,
0.179847,5.78704,3.37192,0.0672195,0,0,0,-0,0,-0,0,-0,0,-0,0,-0,0,-0,0,-0,0,-0,0,0,0,0,0,0,0,0,0,0,0,0,0,0,0,0,0,0,0,0,0,0,0,0,0,1,0,0,0,0,0,0,0,0,0,0,0,0,0,0,0,0,-0,0,-0,0,-0,0,-0,0,
0.179859,5.78704,3.37193,0.0672195,0,0,0,-0,0,-0,0,-0,0,-0,0,-0,0,-0,0,-0,0,-0,0,0,0,0,0,0,0,0,0,0,0,0,0,0,0,0,0,0,0,0,0,0,0,0,0,1,0,0,0,0,0,0,0,0,0,0,0,0,0,0,0,0,-0,0,-0,0,-0,0,-0,0,
0.179859,5.78703,3.37193,0.0672195,0,0,0,-0,0,-0,0,-0,0,-0,0,-0,0,-0,0,-0,0,-0,0,0,0,0,0,0,0,0,0,0,0,0,0,0,0,0,0,0,0,0,0,0,0,0,0,1,0,0,0,0,0,0,0,0,0,0,0,0,0,0,0,0,-0,0,-0,0,-0,0,-0,0,
0.179847,5.78704,3.37193,0.0672195,0,0,0,-0,0,-0,0,-0,0,-0,0,-0,0,-0,0,-0,0,-0,0,0,0,0,0,0,0,0,0,0,0,0,0,0,0,0,0,0,0,0,0,0,0,0,0,1,0,0,0,0,0,0,0,0,0,0,0,0,0,0,0,0,-0,0,-0,0,-0,0,-0,0,
0.179847,5.78703,3.37192,0.0672195,0,0,0,-0,0,-0,0,-0,0,-0,0,-0,0,-0,0,-0,0,-0,0,0,0,0,0,0,0,0,0,0,0,0,0,0,0,0,0,0,0,0,0,0,0,0,0,1,0,0,0,0,0,0,0,0,0,0,0,0,0,0,0,0,-0,0,-0,0,-0,0,-0,0,
0.179847,5.78703,3.37193,0.0672195,0,0,0,-0,0,-0,0,-0,0,-0,0,-0,0,-0,0,-0,0,-0,0,0,0,0,0,0,0,0,0,0,0,0,0,0,0,0,0,0,0,0,0,0,0,0,0,1,0,0,0,0,0,0,0,0,0,0,0,0,0,0,0,0,-0,0,-0,0,-0,0,-0,0,
0.179859,5.78701,3.37194,0.0672315,0,0,0,-0,0,-0,0,-0,0,-0,0,-0,0,-0,0,-0,0,-0,0,0,0,0,0,0,0,0,0,0,0,0,0,0,0,0,0,0,0,0,0,0,0,0,0,1,0,0,0,0,0,0,0,0,0,0,0,0,0,0,0,0,-0,0,-0,0,-0,0,-0,0,
0.179835,5.78703,3.37194,0.0672195,0,0,0,-0,0,-0,0,-0,0,-0,0,-0,0,-0,0,-0,0,-0,0,0,0,0,0,0,0,0,0,0,0,0,0,0,0,0,0,0,0,0,0,0,0,0,0,1,0,0,0,0,0,0,0,0,0,0,0,0,0,0,0,0,-0,0,-0,0,-0,0,-0,0,
0.179847,5.78703,3.37193,0.0672195,0,0,0,-0,0,-0,0,-0,0,-0,0,-0,0,-0,0,-0,0,-0,0,0,0,0,0,0,0,0,0,0,0,0,0,0,0,0,0,0,0,0,0,0,0,0,0,1,0,0,0,0,0,0,0,0,0,0,0,0,0,0,0,0,-0,0,-0,0,-0,0,-0,0,
0.179835,5.78703,3.37192,0.0672075,0,0,0,-0,0,-0,0,-0,0,-0,0,-0,0,-0,0,-0,0,-0,0,0,0,0,0,0,0,0,0,0,0,0,0,0,0,0,0,0,0,0,0,0,0,0,0,1,0,0,0,0,0,0,0,0,0,0,0,0,0,0,0,0,-0,0,-0,0,-0,0,-0,0,
0.179835,5.78701,3.37191,0.0672075,0,0,0,-0,0,-0,0,-0,0,-0,0,-0,0,-0,0,-0,0,-0,0,0,0,0,0,0,0,0,0,0,0,0,0,0,0,0,0,0,0,0,0,0,0,0,0,1,0,0,0,0,0,0,0,0,0,0,0,0,0,0,0,0,-0,0,-0,0,-0,0,-0,0,
0.179835,5.78703,3.37189,0.0672075,0,0,0,-0,0,-0,0,-0,0,-0,0,-0,0,-0,0,-0,0,-0,0,0,0,0,0,0,0,0,0,0,0,0,0,0,0,0,0,0,0,0,0,0,0,0,0,1,0,0,0,0,0,0,0,0,0,0,0,0,0,0,0,0,-0,0,-0,0,-0,0,-0,0,
0.179847,5.78704,3.37191,0.0671955,0,0,0,-0,0,-0,0,-0,0,-0,0,-0,0,-0,0,-0,0,-0,0,0,0,0,0,0,0,0,0,0,0,0,0,0,0,0,0,0,0,0,0,0,0,0,0,1,0,0,0,0,0,0,0,0,0,0,0,0,0,0,0,0,-0,0,-0,0,-0,0,-0,0,
0.179823,5.78704,3.37191,0.0671955,0,0,0,-0,0,-0,0,-0,0,-0,0,-0,0,-0,0,-0,0,-0,0,0,0,0,0,0,0,0,0,0,0,0,0,0,0,0,0,0,0,0,0,0,0,0,0,1,0,0,0,0,0,0,0,0,0,0,0,0,0,0,0,0,-0,0,-0,0,-0,0,-0,0,
0.179835,5.78706,3.37191,0.0672075,0,0,0,-0,0,-0,0,-0,0,-0,0,-0,0,-0,0,-0,0,-0,0,0,0,0,0,0,0,0,0,0,0,0,0,0,0,0,0,0,0,0,0,0,0,0,0,1,0,0,0,0,0,0,0,0,0,0,0,0,0,0,0,0,-0,0,-0,0,-0,0,-0,0,
0.179835,5.78704,3.37191,0.0672075,0,0,0,-0,0,-0,0,-0,0,-0,0,-0,0,-0,0,-0,0,-0,0,0,0,0,0,0,0,0,0,0,0,0,0,0,0,0,0,0,0,0,0,0,0,0,0,1,0,0,0,0,0,0,0,0,0,0,0,0,0,0,0,0,-0,0,-0,0,-0,0,-0,0,
0.179847,5.78704,3.37191,0.0672195,0,0,0,-0,0,-0,0,-0,0,-0,0,-0,0,-0,0,-0,0,-0,0,0,0,0,0,0,0,0,0,0,0,0,0,0,0,0,0,0,0,0,0,0,0,0,0,1,0,0,0,0,0,0,0,0,0,0,0,0,0,0,0,0,-0,0,-0,0,-0,0,-0,0,
0.179859,5.78704,3.37191,0.0672315,0,0,0,-0,0,-0,0,-0,0,-0,0,-0,0,-0,0,-0,0,-0,0,0,0,0,0,0,0,0,0,0,0,0,0,0,0,0,0,0,0,0,0,0,0,0,0,1,0,0,0,0,0,0,0,0,0,0,0,0,0,0,0,0,-0,0,-0,0,-0,0,-0,0,
0.179859,5.78703,3.37192,0.0672315,0,0,0,-0,0,-0,0,-0,0,-0,0,-0,0,-0,0,-0,0,-0,0,0,0,0,0,0,0,0,0,0,0,0,0,0,0,0,0,0,0,0,0,0,0,0,0,1,0,0,0,0,0,0,0,0,0,0,0,0,0,0,0,0,-0,0,-0,0,-0,0,-0,0,
0.179847,5.78703,3.37192,0.0672315,0,0,0,-0,0,-0,0,-0,0,-0,0,-0,0,-0,0,-0,0,-0,0,0,0,0,0,0,0,0,0,0,0,0,0,0,0,0,0,0,0,0,0,0,0,0,0,1,0,0,0,0,0,0,0,0,0,0,0,0,0,0,0,0,-0,0,-0,0,-0,0,-0,0,
0.179847,5.78703,3.37192,0.0672195,0,0,0,-0,0,-0,0,-0,0,-0,0,-0,0,-0,0,-0,0,-0,0,0,0,0,0,0,0,0,0,0,0,0,0,0,0,0,0,0,0,0,0,0,0,0,0,1,0,0,0,0,0,0,0,0,0,0,0,0,0,0,0,0,-0,0,-0,0,-0,0,-0,0,
0.179835,5.78703,3.37193,0.0672195,0,0,0,-0,0,-0,0,-0,0,-0,0,-0,0,-0,0,-0,0,-0,0,0,0,0,0,0,0,0,0,0,0,0,0,0,0,0,0,0,0,0,0,0,0,0,0,1,0,0,0,0,0,0,0,0,0,0,0,0,0,0,0,0,-0,0,-0,0,-0,0,-0,0,
0.179823,5.78703,3.37194,0.0672315,0,0,0,-0,0,-0,0,-0,0,-0,0,-0,0,-0,0,-0,0,-0,0,0,0,0,0,0,0,0,0,0,0,0,0,0,0,0,0,0,0,0,0,0,0,0,0,1,0,0,0,0,0,0,0,0,0,0,0,0,0,0,0,0,-0,0,-0,0,-0,0,-0,0,
0.179847,5.78703,3.37194,0.0672435,0,0,0,-0,0,-0,0,-0,0,-0,0,-0,0,-0,0,-0,0,-0,0,0,0,0,0,0,0,0,0,0,0,0,0,0,0,0,0,0,0,0,0,0,0,0,0,1,0,0,0,0,0,0,0,0,0,0,0,0,0,0,0,0,-0,0,-0,0,-0,0,-0,0,
0.179847,5.78703,3.37194,0.0672555,0,0,0,-0,0,-0,0,-0,0,-0,0,-0,0,-0,0,-0,0,-0,0,0,0,0,0,0,0,0,0,0,0,0,0,0,0,0,0,0,0,0,0,0,0,0,0,1,0,0,0,0,0,0,0,0,0,0,0,0,0,0,0,0,-0,0,-0,0,-0,0,-0,0,
0.179835,5.78704,3.37194,0.0672555,0,0,0,-0,0,-0,0,-0,0,-0,0,-0,0,-0,0,-0,0,-0,0,0,0,0,0,0,0,0,0,0,0,0,0,0,0,0,0,0,0,0,0,0,0,0,0,1,0,0,0,0,0,0,0,0,0,0,0,0,0,0,0,0,-0,0,-0,0,-0,0,-0,0,
0.179847,5.78703,3.37193,0.0672435,0,0,0,-0,0,-0,0,-0,0,-0,0,-0,0,-0,0,-0,0,-0,0,0,0,0,0,0,0,0,0,0,0,0,0,0,0,0,0,0,0,0,0,0,0,0,0,1,0,0,0,0,0,0,0,0,0,0,0,0,0,0,0,0,-0,0,-0,0,-0,0,-0,0,
0.179835,5.78703,3.37194,0.0672555,0,0,0,-0,0,-0,0,-0,0,-0,0,-0,0,-0,0,-0,0,-0,0,0,0,0,0,0,0,0,0,0,0,0,0,0,0,0,0,0,0,0,0,0,0,0,0,1,0,0,0,0,0,0,0,0,0,0,0,0,0,0,0,0,-0,0,-0,0,-0,0,-0,0,
0.179835,5.78701,3.37193,0.0672435,0,0,0,-0,0,-0,0,-0,0,-0,0,-0,0,-0,0,-0,0,-0,0,0,0,0,0,0,0,0,0,0,0,0,0,0,0,0,0,0,0,0,0,0,0,0,0,1,0,0,0,0,0,0,0,0,0,0,0,0,0,0,0,0,-0,0,-0,0,-0,0,-0,0,
0.179847,5.78703,3.37193,0.0672555,0,0,0,-0,0,-0,0,-0,0,-0,0,-0,0,-0,0,-0,0,-0,0,0,0,0,0,0,0,0,0,0,0,0,0,0,0,0,0,0,0,0,0,0,0,0,0,1,0,0,0,0,0,0,0,0,0,0,0,0,0,0,0,0,-0,0,-0,0,-0,0,-0,0,
0.179835,5.78701,3.37193,0.0672555,0,0,0,-0,0,-0,0,-0,0,-0,0,-0,0,-0,0,-0,0,-0,0,0,0,0,0,0,0,0,0,0,0,0,0,0,0,0,0,0,0,0,0,0,0,0,0,1,0,0,0,0,0,0,0,0,0,0,0,0,0,0,0,0,-0,0,-0,0,-0,0,-0,0,
0.179847,5.78701,3.37194,0.0672555,0,0,0,-0,0,-0,0,-0,0,-0,0,-0,0,-0,0,-0,0,-0,0,0,0,0,0,0,0,0,0,0,0,0,0,0,0,0,0,0,0,0,0,0,0,0,0,1,0,0,0,0,0,0,0,0,0,0,0,0,0,0,0,0,-0,0,-0,0,-0,0,-0,0,
0.179859,5.78701,3.37193,0.0672555,0,0,0,-0,0,-0,0,-0,0,-0,0,-0,0,-0,0,-0,0,-0,0,0,0,0,0,0,0,0,0,0,0,0,0,0,0,0,0,0,0,0,0,0,0,0,0,1,0,0,0,0,0,0,0,0,0,0,0,0,0,0,0,0,-0,0,-0,0,-0,0,-0,0,
0.179847,5.78701,3.37191,0.0672555,0,0,0,-0,0,-0,0,-0,0,-0,0,-0,0,-0,0,-0,0,-0,0,0,0,0,0,0,0,0,0,0,0,0,0,0,0,0,0,0,0,0,0,0,0,0,0,1,0,0,0,0,0,0,0,0,0,0,0,0,0,0,0,0,-0,0,-0,0,-0,0,-0,0,
0.179847,5.78703,3.37191,0.0672555,0,0,0,-0,0,-0,0,-0,0,-0,0,-0,0,-0,0,-0,0,-0,0,0,0,0,0,0,0,0,0,0,0,0,0,0,0,0,0,0,0,0,0,0,0,0,0,1,0,0,0,0,0,0,0,0,0,0,0,0,0,0,0,0,-0,0,-0,0,-0,0,-0,0,
0.179847,5.78703,3.37191,0.0672315,0,0,0,-0,0,-0,0,-0,0,-0,0,-0,0,-0,0,-0,0,-0,0,0,0,0,0,0,0,0,0,0,0,0,0,0,0,0,0,0,0,0,0,0,0,0,0,1,0,0,0,0,0,0,0,0,0,0,0,0,0,0,0,0,-0,0,-0,0,-0,0,-0,0,
0.179847,5.78703,3.37191,0.0672435,0,0,0,-0,0,-0,0,-0,0,-0,0,-0,0,-0,0,-0,0,-0,0,0,0,0,0,0,0,0,0,0,0,0,0,0,0,0,0,0,0,0,0,0,0,0,0,1,0,0,0,0,0,0,0,0,0,0,0,0,0,0,0,0,-0,0,-0,0,-0,0,-0,0,
0.179847,5.78703,3.37191,0.0672315,0,0,0,-0,0,-0,0,-0,0,-0,0,-0,0,-0,0,-0,0,-0,0,0,0,0,0,0,0,0,0,0,0,0,0,0,0,0,0,0,0,0,0,0,0,0,0,1,0,0,0,0,0,0,0,0,0,0,0,0,0,0,0,0,-0,0,-0,0,-0,0,-0,0,
0.179847,5.78704,3.37191,0.0672315,0,0,0,-0,0,-0,0,-0,0,-0,0,-0,0,-0,0,-0,0,-0,0,0,0,0,0,0,0,0,0,0,0,0,0,0,0,0,0,0,0,0,0,0,0,0,0,1,0,0,0,0,0,0,0,0,0,0,0,0,0,0,0,0,-0,0,-0,0,-0,0,-0,0,
0.179847,5.78704,3.37191,0.0672315,0,0,0,-0,0,-0,0,-0,0,-0,0,-0,0,-0,0,-0,0,-0,0,0,0,0,0,0,0,0,0,0,0,0,0,0,0,0,0,0,0,0,0,0,0,0,0,1,0,0,0,0,0,0,0,0,0,0,0,0,0,0,0,0,-0,0,-0,0,-0,0,-0,0,
0.179859,5.78704,3.37191,0.0672315,0,0,0,-0,0,-0,0,-0,0,-0,0,-0,0,-0,0,-0,0,-0,0,0,0,0,0,0,0,0,0,0,0,0,0,0,0,0,0,0,0,0,0,0,0,0,0,1,0,0,0,0,0,0,0,0,0,0,0,0,0,0,0,0,-0,0,-0,0,-0,0,-0,0,
0.179847,5.78704,3.37191,0.0672315,0,0,0,-0,0,-0,0,-0,0,-0,0,-0,0,-0,0,-0,0,-0,0,0,0,0,0,0,0,0,0,0,0,0,0,0,0,0,0,0,0,0,0,0,0,0,0,1,0,0,0,0,0,0,0,0,0,0,0,0,0,0,0,0,-0,0,-0,0,-0,0,-0,0,
0.179859,5.78704,3.37191,0.0672315,0,0,0,-0,0,-0,0,-0,0,-0,0,-0,0,-0,0,-0,0,-0,0,0,0,0,0,0,0,0,0,0,0,0,0,0,0,0,0,0,0,0,0,0,0,0,0,1,0,0,0,0,0,0,0,0,0,0,0,0,0,0,0,0,-0,0,-0,0,-0,0,-0,0,
0.179859,5.78703,3.37192,0.0672195,0,0,0,-0,0,-0,0,-0,0,-0,0,-0,0,-0,0,-0,0,-0,0,0,0,0,0,0,0,0,0,0,0,0,0,0,0,0,0,0,0,0,0,0,0,0,0,1,0,0,0,0,0,0,0,0,0,0,0,0,0,0,0,0,-0,0,-0,0,-0,0,-0,0,
0.179859,5.78703,3.37193,0.0672315,0,0,0,-0,0,-0,0,-0,0,-0,0,-0,0,-0,0,-0,0,-0,0,0,0,0,0,0,0,0,0,0,0,0,0,0,0,0,0,0,0,0,0,0,0,0,0,1,0,0,0,0,0,0,0,0,0,0,0,0,0,0,0,0,-0,0,-0,0,-0,0,-0,0,
0.179847,5.78703,3.37194,0.0672435,0,0,0,-0,0,-0,0,-0,0,-0,0,-0,0,-0,0,-0,0,-0,0,0,0,0,0,0,0,0,0,0,0,0,0,0,0,0,0,0,0,0,0,0,0,0,0,1,0,0,0,0,0,0,0,0,0,0,0,0,0,0,0,0,-0,0,-0,0,-0,0,-0,0,
0.179859,5.78701,3.37194,0.0672315,0,0,0,-0,0,-0,0,-0,0,-0,0,-0,0,-0,0,-0,0,-0,0,0,0,0,0,0,0,0,0,0,0,0,0,0,0,0,0,0,0,0,0,0,0,0,0,1,0,0,0,0,0,0,0,0,0,0,0,0,0,0,0,0,-0,0,-0,0,-0,0,-0,0,
0.179859,5.78701,3.37193,0.0672315,0,0,0,-0,0,-0,0,-0,0,-0,0,-0,0,-0,0,-0,0,-0,0,0,0,0,0,0,0,0,0,0,0,0,0,0,0,0,0,0,0,0,0,0,0,0,0,1,0,0,0,0,0,0,0,0,0,0,0,0,0,0,0,0,-0,0,-0,0,-0,0,-0,0,
0.179859,5.78701,3.37194,0.0672315,0,0,0,-0,0,-0,0,-0,0,-0,0,-0,0,-0,0,-0,0,-0,0,0,0,0,0,0,0,0,0,0,0,0,0,0,0,0,0,0,0,0,0,0,0,0,0,1,0,0,0,0,0,0,0,0,0,0,0,0,0,0,0,0,-0,0,-0,0,-0,0,-0,0,
0.179847,5.78703,3.37194,0.0672315,0,0,0,-0,0,-0,0,-0,0,-0,0,-0,0,-0,0,-0,0,-0,0,0,0,0,0,0,0,0,0,0,0,0,0,0,0,0,0,0,0,0,0,0,0,0,0,1,0,0,0,0,0,0,0,0,0,0,0,0,0,0,0,0,-0,0,-0,0,-0,0,-0,0,
0.179847,5.78703,3.37194,0.0672315,0,0,0,-0,0,-0,0,-0,0,-0,0,-0,0,-0,0,-0,0,-0,0,0,0,0,0,0,0,0,0,0,0,0,0,0,0,0,0,0,0,0,0,0,0,0,0,1,0,0,0,0,0,0,0,0,0,0,0,0,0,0,0,0,-0,0,-0,0,-0,0,-0,0,
0.179871,5.78704,3.37193,0.0672435,0,0,0,-0,0,-0,0,-0,0,-0,0,-0,0,-0,0,-0,0,-0,0,0,0,0,0,0,0,0,0,0,0,0,0,0,0,0,0,0,0,0,0,0,0,0,0,1,0,0,0,0,0,0,0,0,0,0,0,0,0,0,0,0,-0,0,-0,0,-0,0,-0,0,
0.179847,5.78703,3.37193,0.0672315,0,0,0,-0,0,-0,0,-0,0,-0,0,-0,0,-0,0,-0,0,-0,0,0,0,0,0,0,0,0,0,0,0,0,0,0,0,0,0,0,0,0,0,0,0,0,0,1,0,0,0,0,0,0,0,0,0,0,0,0,0,0,0,0,-0,0,-0,0,-0,0,-0,0,
0.179847,5.78703,3.37192,0.0672435,0,0,0,-0,0,-0,0,-0,0,-0,0,-0,0,-0,0,-0,0,-0,0,0,0,0,0,0,0,0,0,0,0,0,0,0,0,0,0,0,0,0,0,0,0,0,0,1,0,0,0,0,0,0,0,0,0,0,0,0,0,0,0,0,-0,0,-0,0,-0,0,-0,0,
0.179847,5.78701,3.37192,0.0672315,0,0,0,-0,0,-0,0,-0,0,-0,0,-0,0,-0,0,-0,0,-0,0,0,0,0,0,0,0,0,0,0,0,0,0,0,0,0,0,0,0,0,0,0,0,0,0,1,0,0,0,0,0,0,0,0,0,0,0,0,0,0,0,0,-0,0,-0,0,-0,0,-0,0,
0.179847,5.78701,3.37192,0.0672315,0,0,0,-0,0,-0,0,-0,0,-0,0,-0,0,-0,0,-0,0,-0,0,0,0,0,0,0,0,0,0,0,0,0,0,0,0,0,0,0,0,0,0,0,0,0,0,1,0,0,0,0,0,0,0,0,0,0,0,0,0,0,0,0,-0,0,-0,0,-0,0,-0,0,
0.179859,5.78703,3.37192,0.0672435,0,0,0,-0,0,-0,0,-0,0,-0,0,-0,0,-0,0,-0,0,-0,0,0,0,0,0,0,0,0,0,0,0,0,0,0,0,0,0,0,0,0,0,0,0,0,0,1,0,0,0,0,0,0,0,0,0,0,0,0,0,0,0,0,-0,0,-0,0,-0,0,-0,0,
0.179871,5.78704,3.37192,0.0672315,0,0,0,-0,0,-0,0,-0,0,-0,0,-0,0,-0,0,-0,0,-0,0,0,0,0,0,0,0,0,0,0,0,0,0,0,0,0,0,0,0,0,0,0,0,0,0,1,0,0,0,0,0,0,0,0,0,0,0,0,0,0,0,0,-0,0,-0,0,-0,0,-0,0,
0.179871,5.78704,3.37192,0.0672315,0,0,0,-0,0,-0,0,-0,0,-0,0,-0,0,-0,0,-0,0,-0,0,0,0,0,0,0,0,0,0,0,0,0,0,0,0,0,0,0,0,0,0,0,0,0,0,1,0,0,0,0,0,0,0,0,0,0,0,0,0,0,0,0,-0,0,-0,0,-0,0,-0,0,
0.179859,5.78704,3.37192,0.0672435,0,0,0,-0,0,-0,0,-0,0,-0,0,-0,0,-0,0,-0,0,-0,0,0,0,0,0,0,0,0,0,0,0,0,0,0,0,0,0,0,0,0,0,0,0,0,0,1,0,0,0,0,0,0,0,0,0,0,0,0,0,0,0,0,-0,0,-0,0,-0,0,-0,0,
0.179871,5.78704,3.37192,0.0672315,0,0,0,-0,0,-0,0,-0,0,-0,0,-0,0,-0,0,-0,0,-0,0,0,0,0,0,0,0,0,0,0,0,0,0,0,0,0,0,0,0,0,0,0,0,0,0,1,0,0,0,0,0,0,0,0,0,0,0,0,0,0,0,0,-0,0,-0,0,-0,0,-0,0,
0.179859,5.78703,3.37193,0.0672435,0,0,0,-0,0,-0,0,-0,0,-0,0,-0,0,-0,0,-0,0,-0,0,0,0,0,0,0,0,0,0,0,0,0,0,0,0,0,0,0,0,0,0,0,0,0,0,1,0,0,0,0,0,0,0,0,0,0,0,0,0,0,0,0,-0,0,-0,0,-0,0,-0,0,
0.179871,5.78704,3.37192,0.0672435,0,0,0,-0,0,-0,0,-0,0,-0,0,-0,0,-0,0,-0,0,-0,0,0,0,0,0,0,0,0,0,0,0,0,0,0,0,0,0,0,0,0,0,0,0,0,0,1,0,0,0,0,0,0,0,0,0,0,0,0,0,0,0,0,-0,0,-0,0,-0,0,-0,0,
0.179871,5.78705,3.37192,0.0672435,0,0,0,-0,0,-0,0,-0,0,-0,0,-0,0,-0,0,-0,0,-0,0,0,0,0,0,0,0,0,0,0,0,0,0,0,0,0,0,0,0,0,0,0,0,0,0,1,0,0,0,0,0,0,0,0,0,0,0,0,0,0,0,0,-0,0,-0,0,-0,0,-0,0,
0.179859,5.78704,3.37192,0.0672315,0,0,0,-0,0,-0,0,-0,0,-0,0,-0,0,-0,0,-0,0,-0,0,0,0,0,0,0,0,0,0,0,0,0,0,0,0,0,0,0,0,0,0,0,0,0,0,1,0,0,0,0,0,0,0,0,0,0,0,0,0,0,0,0,-0,0,-0,0,-0,0,-0,0,
0.179871,5.78703,3.37193,0.0672435,0,0,0,-0,0,-0,0,-0,0,-0,0,-0,0,-0,0,-0,0,-0,0,0,0,0,0,0,0,0,0,0,0,0,0,0,0,0,0,0,0,0,0,0,0,0,0,1,0,0,0,0,0,0,0,0,0,0,0,0,0,0,0,0,-0,0,-0,0,-0,0,-0,0,
0.179859,5.78704,3.37193,0.0672315,0,0,0,-0,0,-0,0,-0,0,-0,0,-0,0,-0,0,-0,0,-0,0,0,0,0,0,0,0,0,0,0,0,0,0,0,0,0,0,0,0,0,0,0,0,0,0,1,0,0,0,0,0,0,0,0,0,0,0,0,0,0,0,0,-0,0,-0,0,-0,0,-0,0,
0.179871,5.78704,3.37193,0.0672315,0,0,0,-0,0,-0,0,-0,0,-0,0,-0,0,-0,0,-0,0,-0,0,0,0,0,0,0,0,0,0,0,0,0,0,0,0,0,0,0,0,0,0,0,0,0,0,1,0,0,0,0,0,0,0,0,0,0,0,0,0,0,0,0,-0,0,-0,0,-0,0,-0,0,
0.179847,5.78704,3.37194,0.0672315,0,0,0,-0,0,-0,0,-0,0,-0,0,-0,0,-0,0,-0,0,-0,0,0,0,0,0,0,0,0,0,0,0,0,0,0,0,0,0,0,0,0,0,0,0,0,0,1,0,0,0,0,0,0,0,0,0,0,0,0,0,0,0,0,-0,0,-0,0,-0,0,-0,0,
0.179835,5.78703,3.37194,0.0672315,0,0,0,-0,0,-0,0,-0,0,-0,0,-0,0,-0,0,-0,0,-0,0,0,0,0,0,0,0,0,0,0,0,0,0,0,0,0,0,0,0,0,0,0,0,0,0,1,0,0,0,0,0,0,0,0,0,0,0,0,0,0,0,0,-0,0,-0,0,-0,0,-0,0,
0.179847,5.78704,3.37194,0.0672315,0,0,0,-0,0,-0,0,-0,0,-0,0,-0,0,-0,0,-0,0,-0,0,0,0,0,0,0,0,0,0,0,0,0,0,0,0,0,0,0,0,0,0,0,0,0,0,1,0,0,0,0,0,0,0,0,0,0,0,0,0,0,0,0,-0,0,-0,0,-0,0,-0,0,
0.179835,5.78701,3.37194,0.0672195,0,0,0,-0,0,-0,0,-0,0,-0,0,-0,0,-0,0,-0,0,-0,0,0,0,0,0,0,0,0,0,0,0,0,0,0,0,0,0,0,0,0,0,0,0,0,0,1,0,0,0,0,0,0,0,0,0,0,0,0,0,0,0,0,-0,0,-0,0,-0,0,-0,0,
0.179847,5.78703,3.37195,0.0672195,0,0,0,-0,0,-0,0,-0,0,-0,0,-0,0,-0,0,-0,0,-0,0,0,0,0,0,0,0,0,0,0,0,0,0,0,0,0,0,0,0,0,0,0,0,0,0,1,0,0,0,0,0,0,0,0,0,0,0,0,0,0,0,0,-0,0,-0,0,-0,0,-0,0,
0.179835,5.78703,3.37194,0.0672195,0,0,0,-0,0,-0,0,-0,0,-0,0,-0,0,-0,0,-0,0,-0,0,0,0,0,0,0,0,0,0,0,0,0,0,0,0,0,0,0,0,0,0,0,0,0,0,1,0,0,0,0,0,0,0,0,0,0,0,0,0,0,0,0,-0,0,-0,0,-0,0,-0,0,
0.179835,5.78701,3.37193,0.0672315,0,0,0,-0,0,-0,0,-0,0,-0,0,-0,0,-0,0,-0,0,-0,0,0,0,0,0,0,0,0,0,0,0,0,0,0,0,0,0,0,0,0,0,0,0,0,0,1,0,0,0,0,0,0,0,0,0,0,0,0,0,0,0,0,-0,0,-0,0,-0,0,-0,0,
0.179835,5.78703,3.37192,0.0672315,0,0,0,-0,0,-0,0,-0,0,-0,0,-0,0,-0,0,-0,0,-0,0,0,0,0,0,0,0,0,0,0,0,0,0,0,0,0,0,0,0,0,0,0,0,0,0,1,0,0,0,0,0,0,0,0,0,0,0,0,0,0,0,0,-0,0,-0,0,-0,0,-0,0,
0.179835,5.78703,3.37192,0.0672195,0,0,0,-0,0,-0,0,-0,0,-0,0,-0,0,-0,0,-0,0,-0,0,0,0,0,0,0,0,0,0,0,0,0,0,0,0,0,0,0,0,0,0,0,0,0,0,1,0,0,0,0,0,0,0,0,0,0,0,0,0,0,0,0,-0,0,-0,0,-0,0,-0,0,
0.179847,5.78703,3.37192,0.0672195,0,0,0,-0,0,-0,0,-0,0,-0,0,-0,0,-0,0,-0,0,-0,0,0,0,0,0,0,0,0,0,0,0,0,0,0,0,0,0,0,0,0,0,0,0,0,0,1,0,0,0,0,0,0,0,0,0,0,0,0,0,0,0,0,-0,0,-0,0,-0,0,-0,0,
0.179847,5.78704,3.37192,0.0672315,0,0,0,-0,0,-0,0,-0,0,-0,0,-0,0,-0,0,-0,0,-0,0,0,0,0,0,0,0,0,0,0,0,0,0,0,0,0,0,0,0,0,0,0,0,0,0,1,0,0,0,0,0,0,0,0,0,0,0,0,0,0,0,0,-0,0,-0,0,-0,0,-0,0,
0.179835,5.78704,3.37193,0.0672435,0,0,0,-0,0,-0,0,-0,0,-0,0,-0,0,-0,0,-0,0,-0,0,0,0,0,0,0,0,0,0,0,0,0,0,0,0,0,0,0,0,0,0,0,0,0,0,1,0,0,0,0,0,0,0,0,0,0,0,0,0,0,0,0,-0,0,-0,0,-0,0,-0,0,
0.179847,5.78704,3.37193,0.0672435,0,0,0,-0,0,-0,0,-0,0,-0,0,-0,0,-0,0,-0,0,-0,0,0,0,0,0,0,0,0,0,0,0,0,0,0,0,0,0,0,0,0,0,0,0,0,0,1,0,0,0,0,0,0,0,0,0,0,0,0,0,0,0,0,-0,0,-0,0,-0,0,-0,0,
0.179835,5.78703,3.37192,0.0672315,0,0,0,-0,0,-0,0,-0,0,-0,0,-0,0,-0,0,-0,0,-0,0,0,0,0,0,0,0,0,0,0,0,0,0,0,0,0,0,0,0,0,0,0,0,0,0,1,0,0,0,0,0,0,0,0,0,0,0,0,0,0,0,0,-0,0,-0,0,-0,0,-0,0,
0.179859,5.78703,3.37192,0.0672435,0,0,0,-0,0,-0,0,-0,0,-0,0,-0,0,-0,0,-0,0,-0,0,0,0,0,0,0,0,0,0,0,0,0,0,0,0,0,0,0,0,0,0,0,0,0,0,1,0,0,0,0,0,0,0,0,0,0,0,0,0,0,0,0,-0,0,-0,0,-0,0,-0,0,
0.179859,5.78703,3.37192,0.0672435,0,0,0,-0,0,-0,0,-0,0,-0,0,-0,0,-0,0,-0,0,-0,0,0,0,0,0,0,0,0,0,0,0,0,0,0,0,0,0,0,0,0,0,0,0,0,0,1,0,0,0,0,0,0,0,0,0,0,0,0,0,0,0,0,-0,0,-0,0,-0,0,-0,0,
0.179871,5.78703,3.37192,0.0672435,0,0,0,-0,0,-0,0,-0,0,-0,0,-0,0,-0,0,-0,0,-0,0,0,0,0,0,0,0,0,0,0,0,0,0,0,0,0,0,0,0,0,0,0,0,0,0,1,0,0,0,0,0,0,0,0,0,0,0,0,0,0,0,0,-0,0,-0,0,-0,0,-0,0,
0.179859,5.78703,3.37192,0.0672315,0,0,0,-0,0,-0,0,-0,0,-0,0,-0,0,-0,0,-0,0,-0,0,0,0,0,0,0,0,0,0,0,0,0,0,0,0,0,0,0,0,0,0,0,0,0,0,1,0,0,0,0,0,0,0,0,0,0,0,0,0,0,0,0,-0,0,-0,0,-0,0,-0,0,
0.179859,5.78703,3.37191,0.0672315,0,0,0,-0,0,-0,0,-0,0,-0,0,-0,0,-0,0,-0,0,-0,0,0,0,0,0,0,0,0,0,0,0,0,0,0,0,0,0,0,0,0,0,0,0,0,0,1,0,0,0,0,0,0,0,0,0,0,0,0,0,0,0,0,-0,0,-0,0,-0,0,-0,0,
0.179847,5.78703,3.37192,0.0672315,0,0,0,-0,0,-0,0,-0,0,-0,0,-0,0,-0,0,-0,0,-0,0,0,0,0,0,0,0,0,0,0,0,0,0,0,0,0,0,0,0,0,0,0,0,0,0,1,0,0,0,0,0,0,0,0,0,0,0,0,0,0,0,0,-0,0,-0,0,-0,0,-0,0,
0.179847,5.78703,3.37193,0.0672435,0,0,0,-0,0,-0,0,-0,0,-0,0,-0,0,-0,0,-0,0,-0,0,0,0,0,0,0,0,0,0,0,0,0,0,0,0,0,0,0,0,0,0,0,0,0,0,1,0,0,0,0,0,0,0,0,0,0,0,0,0,0,0,0,-0,0,-0,0,-0,0,-0,0,
0.179847,5.78701,3.37193,0.0672435,0,0,0,-0,0,-0,0,-0,0,-0,0,-0,0,-0,0,-0,0,-0,0,0,0,0,0,0,0,0,0,0,0,0,0,0,0,0,0,0,0,0,0,0,0,0,0,1,0,0,0,0,0,0,0,0,0,0,0,0,0,0,0,0,-0,0,-0,0,-0,0,-0,0,
0.179847,5.78703,3.37193,0.0672315,0,0,0,-0,0,-0,0,-0,0,-0,0,-0,0,-0,0,-0,0,-0,0,0,0,0,0,0,0,0,0,0,0,0,0,0,0,0,0,0,0,0,0,0,0,0,0,1,0,0,0,0,0,0,0,0,0,0,0,0,0,0,0,0,-0,0,-0,0,-0,0,-0,0,
0.179847,5.78704,3.37193,0.0672315,0,0,0,-0,0,-0,0,-0,0,-0,0,-0,0,-0,0,-0,0,-0,0,0,0,0,0,0,0,0,0,0,0,0,0,0,0,0,0,0,0,0,0,0,0,0,0,1,0,0,0,0,0,0,0,0,0,0,0,0,0,0,0,0,-0,0,-0,0,-0,0,-0,0,
0.179847,5.78704,3.37194,0.0672435,0,0,0,-0,0,-0,0,-0,0,-0,0,-0,0,-0,0,-0,0,-0,0,0,0,0,0,0,0,0,0,0,0,0,0,0,0,0,0,0,0,0,0,0,0,0,0,1,0,0,0,0,0,0,0,0,0,0,0,0,0,0,0,0,-0,0,-0,0,-0,0,-0,0,
0.179859,5.78704,3.37194,0.0672435,0,0,0,-0,0,-0,0,-0,0,-0,0,-0,0,-0,0,-0,0,-0,0,0,0,0,0,0,0,0,0,0,0,0,0,0,0,0,0,0,0,0,0,0,0,0,0,1,0,0,0,0,0,0,0,0,0,0,0,0,0,0,0,0,-0,0,-0,0,-0,0,-0,0,
0.179847,5.78704,3.37194,0.0672315,0,0,0,-0,0,-0,0,-0,0,-0,0,-0,0,-0,0,-0,0,-0,0,0,0,0,0,0,0,0,0,0,0,0,0,0,0,0,0,0,0,0,0,0,0,0,0,1,0,0,0,0,0,0,0,0,0,0,0,0,0,0,0,0,-0,0,-0,0,-0,0,-0,0,
0.179847,5.78703,3.37193,0.0672435,0,0,0,-0,0,-0,0,-0,0,-0,0,-0,0,-0,0,-0,0,-0,0,0,0,0,0,0,0,0,0,0,0,0,0,0,0,0,0,0,0,0,0,0,0,0,0,1,0,0,0,0,0,0,0,0,0,0,0,0,0,0,0,0,-0,0,-0,0,-0,0,-0,0,
0.179847,5.78703,3.37193,0.0672435,0,0,0,-0,0,-0,0,-0,0,-0,0,-0,0,-0,0,-0,0,-0,0,0,0,0,0,0,0,0,0,0,0,0,0,0,0,0,0,0,0,0,0,0,0,0,0,1,0,0,0,0,0,0,0,0,0,0,0,0,0,0,0,0,-0,0,-0,0,-0,0,-0,0,
0.179859,5.78703,3.37193,0.0672435,0,0,0,-0,0,-0,0,-0,0,-0,0,-0,0,-0,0,-0,0,-0,0,0,0,0,0,0,0,0,0,0,0,0,0,0,0,0,0,0,0,0,0,0,0,0,0,1,0,0,0,0,0,0,0,0,0,0,0,0,0,0,0,0,-0,0,-0,0,-0,0,-0,0,
0.179859,5.78704,3.37193,0.0672435,0,0,0,-0,0,-0,0,-0,0,-0,0,-0,0,-0,0,-0,0,-0,0,0,0,0,0,0,0,0,0,0,0,0,0,0,0,0,0,0,0,0,0,0,0,0,0,1,0,0,0,0,0,0,0,0,0,0,0,0,0,0,0,0,-0,0,-0,0,-0,0,-0,0,
0.179859,5.78703,3.37193,0.0672435,0,0,0,-0,0,-0,0,-0,0,-0,0,-0,0,-0,0,-0,0,-0,0,0,0,0,0,0,0,0,0,0,0,0,0,0,0,0,0,0,0,0,0,0,0,0,0,1,0,0,0,0,0,0,0,0,0,0,0,0,0,0,0,0,-0,0,-0,0,-0,0,-0,0,
0.179859,5.78701,3.37193,0.0672435,0,0,0,-0,0,-0,0,-0,0,-0,0,-0,0,-0,0,-0,0,-0,0,0,0,0,0,0,0,0,0,0,0,0,0,0,0,0,0,0,0,0,0,0,0,0,0,1,0,0,0,0,0,0,0,0,0,0,0,0,0,0,0,0,-0,0,-0,0,-0,0,-0,0,
0.179835,5.78701,3.37193,0.0672435,0,0,0,-0,0,-0,0,-0,0,-0,0,-0,0,-0,0,-0,0,-0,0,0,0,0,0,0,0,0,0,0,0,0,0,0,0,0,0,0,0,0,0,0,0,0,0,1,0,0,0,0,0,0,0,0,0,0,0,0,0,0,0,0,-0,0,-0,0,-0,0,-0,0,
0.179847,5.78701,3.37193,0.0672435,0,0,0,-0,0,-0,0,-0,0,-0,0,-0,0,-0,0,-0,0,-0,0,0,0,0,0,0,0,0,0,0,0,0,0,0,0,0,0,0,0,0,0,0,0,0,0,1,0,0,0,0,0,0,0,0,0,0,0,0,0,0,0,0,-0,0,-0,0,-0,0,-0,0,
0.179835,5.78701,3.37193,0.0672315,0,0,0,-0,0,-0,0,-0,0,-0,0,-0,0,-0,0,-0,0,-0,0,0,0,0,0,0,0,0,0,0,0,0,0,0,0,0,0,0,0,0,0,0,0,0,0,1,0,0,0,0,0,0,0,0,0,0,0,0,0,0,0,0,-0,0,-0,0,-0,0,-0,0,
0.179835,5.78701,3.37192,0.0672315,0,0,0,-0,0,-0,0,-0,0,-0,0,-0,0,-0,0,-0,0,-0,0,0,0,0,0,0,0,0,0,0,0,0,0,0,0,0,0,0,0,0,0,0,0,0,0,1,0,0,0,0,0,0,0,0,0,0,0,0,0,0,0,0,-0,0,-0,0,-0,0,-0,0,
0.179835,5.78703,3.37192,0.0672315,0,0,0,-0,0,-0,0,-0,0,-0,0,-0,0,-0,0,-0,0,-0,0,0,0,0,0,0,0,0,0,0,0,0,0,0,0,0,0,0,0,0,0,0,0,0,0,1,0,0,0,0,0,0,0,0,0,0,0,0,0,0,0,0,-0,0,-0,0,-0,0,-0,0,
0.179835,5.78703,3.37192,0.0672315,0,0,0,-0,0,-0,0,-0,0,-0,0,-0,0,-0,0,-0,0,-0,0,0,0,0,0,0,0,0,0,0,0,0,0,0,0,0,0,0,0,0,0,0,0,0,0,1,0,0,0,0,0,0,0,0,0,0,0,0,0,0,0,0,-0,0,-0,0,-0,0,-0,0,
0.179847,5.78701,3.37193,0.0672195,0,0,0,-0,0,-0,0,-0,0,-0,0,-0,0,-0,0,-0,0,-0,0,0,0,0,0,0,0,0,0,0,0,0,0,0,0,0,0,0,0,0,0,0,0,0,0,1,0,0,0,0,0,0,0,0,0,0,0,0,0,0,0,0,-0,0,-0,0,-0,0,-0,0,
0.179847,5.78703,3.37194,0.0672315,0,0,0,-0,0,-0,0,-0,0,-0,0,-0,0,-0,0,-0,0,-0,0,0,0,0,0,0,0,0,0,0,0,0,0,0,0,0,0,0,0,0,0,0,0,0,0,1,0,0,0,0,0,0,0,0,0,0,0,0,0,0,0,0,-0,0,-0,0,-0,0,-0,0,
0.179847,5.78703,3.37194,0.0672315,0,0,0,-0,0,-0,0,-0,0,-0,0,-0,0,-0,0,-0,0,-0,0,0,0,0,0,0,0,0,0,0,0,0,0,0,0,0,0,0,0,0,0,0,0,0,0,1,0,0,0,0,0,0,0,0,0,0,0,0,0,0,0,0,-0,0,-0,0,-0,0,-0,0,
0.179847,5.78703,3.37194,0.0672195,0,0,0,-0,0,-0,0,-0,0,-0,0,-0,0,-0,0,-0,0,-0,0,0,0,0,0,0,0,0,0,0,0,0,0,0,0,0,0,0,0,0,0,0,0,0,0,1,0,0,0,0,0,0,0,0,0,0,0,0,0,0,0,0,-0,0,-0,0,-0,0,-0,0,
0.179859,5.78703,3.37194,0.0672315,0,0,0,-0,0,-0,0,-0,0,-0,0,-0,0,-0,0,-0,0,-0,0,0,0,0,0,0,0,0,0,0,0,0,0,0,0,0,0,0,0,0,0,0,0,0,0,1,0,0,0,0,0,0,0,0,0,0,0,0,0,0,0,0,-0,0,-0,0,-0,0,-0,0,
0.179847,5.78703,3.37194,0.0672435,0,0,0,-0,0,-0,0,-0,0,-0,0,-0,0,-0,0,-0,0,-0,0,0,0,0,0,0,0,0,0,0,0,0,0,0,0,0,0,0,0,0,0,0,0,0,0,1,0,0,0,0,0,0,0,0,0,0,0,0,0,0,0,0,-0,0,-0,0,-0,0,-0,0,
0.179847,5.78703,3.37194,0.0672315,0,0,0,-0,0,-0,0,-0,0,-0,0,-0,0,-0,0,-0,0,-0,0,0,0,0,0,0,0,0,0,0,0,0,0,0,0,0,0,0,0,0,0,0,0,0,0,1,0,0,0,0,0,0,0,0,0,0,0,0,0,0,0,0,-0,0,-0,0,-0,0,-0,0,
0.179835,5.78701,3.37194,0.0672315,0,0,0,-0,0,-0,0,-0,0,-0,0,-0,0,-0,0,-0,0,-0,0,0,0,0,0,0,0,0,0,0,0,0,0,0,0,0,0,0,0,0,0,0,0,0,0,1,0,0,0,0,0,0,0,0,0,0,0,0,0,0,0,0,-0,0,-0,0,-0,0,-0,0,
0.179835,5.78701,3.37194,0.0672315,0,0,0,-0,0,-0,0,-0,0,-0,0,-0,0,-0,0,-0,0,-0,0,0,0,0,0,0,0,0,0,0,0,0,0,0,0,0,0,0,0,0,0,0,0,0,0,1,0,0,0,0,0,0,0,0,0,0,0,0,0,0,0,0,-0,0,-0,0,-0,0,-0,0,
0.179859,5.78701,3.37193,0.0672315,0,0,0,-0,0,-0,0,-0,0,-0,0,-0,0,-0,0,-0,0,-0,0,0,0,0,0,0,0,0,0,0,0,0,0,0,0,0,0,0,0,0,0,0,0,0,0,1,0,0,0,0,0,0,0,0,0,0,0,0,0,0,0,0,-0,0,-0,0,-0,0,-0,0,
0.179859,5.78703,3.37192,0.0672315,0,0,0,-0,0,-0,0,-0,0,-0,0,-0,0,-0,0,-0,0,-0,0,0,0,0,0,0,0,0,0,0,0,0,0,0,0,0,0,0,0,0,0,0,0,0,0,1,0,0,0,0,0,0,0,0,0,0,0,0,0,0,0,0,-0,0,-0,0,-0,0,-0,0,
0.179835,5.78701,3.37192,0.0672435,0,0,0,-0,0,-0,0,-0,0,-0,0,-0,0,-0,0,-0,0,-0,0,0,0,0,0,0,0,0,0,0,0,0,0,0,0,0,0,0,0,0,0,0,0,0,0,1,0,0,0,0,0,0,0,0,0,0,0,0,0,0,0,0,-0,0,-0,0,-0,0,-0,0,
0.179847,5.78701,3.37192,0.0672315,0,0,0,-0,0,-0,0,-0,0,-0,0,-0,0,-0,0,-0,0,-0,0,0,0,0,0,0,0,0,0,0,0,0,0,0,0,0,0,0,0,0,0,0,0,0,0,1,0,0,0,0,0,0,0,0,0,0,0,0,0,0,0,0,-0,0,-0,0,-0,0,-0,0,
0.179847,5.787,3.37192,0.0672435,0,0,0,-0,0,-0,0,-0,0,-0,0,-0,0,-0,0,-0,0,-0,0,0,0,0,0,0,0,0,0,0,0,0,0,0,0,0,0,0,0,0,0,0,0,0,0,1,0,0,0,0,0,0,0,0,0,0,0,0,0,0,0,0,-0,0,-0,0,-0,0,-0,0,
0.179847,5.787,3.37192,0.0672315,0,0,0,-0,0,-0,0,-0,0,-0,0,-0,0,-0,0,-0,0,-0,0,0,0,0,0,0,0,0,0,0,0,0,0,0,0,0,0,0,0,0,0,0,0,0,0,1,0,0,0,0,0,0,0,0,0,0,0,0,0,0,0,0,-0,0,-0,0,-0,0,-0,0,
0.179847,5.787,3.37192,0.0672435,0,0,0,-0,0,-0,0,-0,0,-0,0,-0,0,-0,0,-0,0,-0,0,0,0,0,0,0,0,0,0,0,0,0,0,0,0,0,0,0,0,0,0,0,0,0,0,1,0,0,0,0,0,0,0,0,0,0,0,0,0,0,0,0,-0,0,-0,0,-0,0,-0,0,
0.179847,5.787,3.37192,0.0672315,0,0,0,-0,0,-0,0,-0,0,-0,0,-0,0,-0,0,-0,0,-0,0,0,0,0,0,0,0,0,0,0,0,0,0,0,0,0,0,0,0,0,0,0,0,0,0,1,0,0,0,0,0,0,0,0,0,0,0,0,0,0,0,0,-0,0,-0,0,-0,0,-0,0,
0.179847,5.787,3.37192,0.0672195,0,0,0,-0,0,-0,0,-0,0,-0,0,-0,0,-0,0,-0,0,-0,0,0,0,0,0,0,0,0,0,0,0,0,0,0,0,0,0,0,0,0,0,0,0,0,0,1,0,0,0,0,0,0,0,0,0,0,0,0,0,0,0,0,-0,0,-0,0,-0,0,-0,0,
0.179847,5.78703,3.37192,0.0672315,0,0,0,-0,0,-0,0,-0,0,-0,0,-0,0,-0,0,-0,0,-0,0,0,0,0,0,0,0,0,0,0,0,0,0,0,0,0,0,0,0,0,0,0,0,0,0,1,0,0,0,0,0,0,0,0,0,0,0,0,0,0,0,0,-0,0,-0,0,-0,0,-0,0,
0.179847,5.78703,3.37193,0.0672435,0,0,0,-0,0,-0,0,-0,0,-0,0,-0,0,-0,0,-0,0,-0,0,0,0,0,0,0,0,0,0,0,0,0,0,0,0,0,0,0,0,0,0,0,0,0,0,1,0,0,0,0,0,0,0,0,0,0,0,0,0,0,0,0,-0,0,-0,0,-0,0,-0,0,
0.179847,5.78701,3.37193,0.0672435,0,0,0,-0,0,-0,0,-0,0,-0,0,-0,0,-0,0,-0,0,-0,0,0,0,0,0,0,0,0,0,0,0,0,0,0,0,0,0,0,0,0,0,0,0,0,0,1,0,0,0,0,0,0,0,0,0,0,0,0,0,0,0,0,-0,0,-0,0,-0,0,-0,0,
0.179859,5.78703,3.37193,0.0672435,0,0,0,-0,0,-0,0,-0,0,-0,0,-0,0,-0,0,-0,0,-0,0,0,0,0,0,0,0,0,0,0,0,0,0,0,0,0,0,0,0,0,0,0,0,0,0,1,0,0,0,0,0,0,0,0,0,0,0,0,0,0,0,0,-0,0,-0,0,-0,0,-0,0,
0.179847,5.78703,3.37194,0.0672435,0,0,0,-0,0,-0,0,-0,0,-0,0,-0,0,-0,0,-0,0,-0,0,0,0,0,0,0,0,0,0,0,0,0,0,0,0,0,0,0,0,0,0,0,0,0,0,1,0,0,0,0,0,0,0,0,0,0,0,0,0,0,0,0,-0,0,-0,0,-0,0,-0,0,
0.179859,5.78703,3.37195,0.0672435,0,0,0,-0,0,-0,0,-0,0,-0,0,-0,0,-0,0,-0,0,-0,0,0,0,0,0,0,0,0,0,0,0,0,0,0,0,0,0,0,0,0,0,0,0,0,0,1,0,0,0,0,0,0,0,0,0,0,0,0,0,0,0,0,-0,0,-0,0,-0,0,-0,0,
0.179847,5.78704,3.37195,0.0672435,0,0,0,-0,0,-0,0,-0,0,-0,0,-0,0,-0,0,-0,0,-0,0,0,0,0,0,0,0,0,0,0,0,0,0,0,0,0,0,0,0,0,0,0,0,0,0,1,0,0,0,0,0,0,0,0,0,0,0,0,0,0,0,0,-0,0,-0,0,-0,0,-0,0,
0.179847,5.78704,3.37195,0.0672555,0,0,0,-0,0,-0,0,-0,0,-0,0,-0,0,-0,0,-0,0,-0,0,0,0,0,0,0,0,0,0,0,0,0,0,0,0,0,0,0,0,0,0,0,0,0,0,1,0,0,0,0,0,0,0,0,0,0,0,0,0,0,0,0,-0,0,-0,0,-0,0,-0,0,
0.179847,5.78703,3.37193,0.0672435,0,0,0,-0,0,-0,0,-0,0,-0,0,-0,0,-0,0,-0,0,-0,0,0,0,0,0,0,0,0,0,0,0,0,0,0,0,0,0,0,0,0,0,0,0,0,0,1,0,0,0,0,0,0,0,0,0,0,0,0,0,0,0,0,-0,0,-0,0,-0,0,-0,0,
0.179835,5.78703,3.37193,0.0672568,0,0,0,-0,0,-0,0,-0,0,-0,0,-0,0,-0,0,-0,0,-0,0,0,0,0,0,0,0,0,0,0,0,0,0,0,0,0,0,0,0,0,0,0,0,0,0,1,0,0,0,0,0,0,0,0,0,0,0,0,0,0,0,0,-0,0,-0,0,-0,0,-0,0,
0.179847,5.78704,3.37192,0.0672555,0,0,0,-0,0,-0,0,-0,0,-0,0,-0,0,-0,0,-0,0,-0,0,0,0,0,0,0,0,0,0,0,0,0,0,0,0,0,0,0,0,0,0,0,0,0,0,1,0,0,0,0,0,0,0,0,0,0,0,0,0,0,0,0,-0,0,-0,0,-0,0,-0,0,
0.179859,5.78703,3.37192,0.0672435,0,0,0,-0,0,-0,0,-0,0,-0,0,-0,0,-0,0,-0,0,-0,0,0,0,0,0,0,0,0,0,0,0,0,0,0,0,0,0,0,0,0,0,0,0,0,0,1,0,0,0,0,0,0,0,0,0,0,0,0,0,0,0,0,-0,0,-0,0,-0,0,-0,0,
0.179847,5.78704,3.37193,0.0672435,0,0,0,-0,0,-0,0,-0,0,-0,0,-0,0,-0,0,-0,0,-0,0,0,0,0,0,0,0,0,0,0,0,0,0,0,0,0,0,0,0,0,0,0,0,0,0,1,0,0,0,0,0,0,0,0,0,0,0,0,0,0,0,0,-0,0,-0,0,-0,0,-0,0,
0.179847,5.78704,3.37192,0.0672435,0,0,0,-0,0,-0,0,-0,0,-0,0,-0,0,-0,0,-0,0,-0,0,0,0,0,0,0,0,0,0,0,0,0,0,0,0,0,0,0,0,0,0,0,0,0,0,1,0,0,0,0,0,0,0,0,0,0,0,0,0,0,0,0,-0,0,-0,0,-0,0,-0,0,
0.179835,5.78704,3.37192,0.0672315,0,0,0,-0,0,-0,0,-0,0,-0,0,-0,0,-0,0,-0,0,-0,0,0,0,0,0,0,0,0,0,0,0,0,0,0,0,0,0,0,0,0,0,0,0,0,0,1,0,0,0,0,0,0,0,0,0,0,0,0,0,0,0,0,-0,0,-0,0,-0,0,-0,0,
0.179847,5.78704,3.37191,0.0672315,0,0,0,-0,0,-0,0,-0,0,-0,0,-0,0,-0,0,-0,0,-0,0,0,0,0,0,0,0,0,0,0,0,0,0,0,0,0,0,0,0,0,0,0,0,0,0,1,0,0,0,0,0,0,0,0,0,0,0,0,0,0,0,0,-0,0,-0,0,-0,0,-0,0,
0.179847,5.78705,3.37189,0.0672315,0,0,0,-0,0,-0,0,-0,0,-0,0,-0,0,-0,0,-0,0,-0,0,0,0,0,0,0,0,0,0,0,0,0,0,0,0,0,0,0,0,0,0,0,0,0,0,1,0,0,0,0,0,0,0,0,0,0,0,0,0,0,0,0,-0,0,-0,0,-0,0,-0,0,
0.179847,5.78705,3.37189,0.0672315,0,0,0,-0,0,-0,0,-0,0,-0,0,-0,0,-0,0,-0,0,-0,0,0,0,0,0,0,0,0,0,0,0,0,0,0,0,0,0,0,0,0,0,0,0,0,0,1,0,0,0,0,0,0,0,0,0,0,0,0,0,0,0,0,-0,0,-0,0,-0,0,-0,0,
0.179847,5.78703,3.37189,0.0672435,0,0,0,-0,0,-0,0,-0,0,-0,0,-0,0,-0,0,-0,0,-0,0,0,0,0,0,0,0,0,0,0,0,0,0,0,0,0,0,0,0,0,0,0,0,0,0,1,0,0,0,0,0,0,0,0,0,0,0,0,0,0,0,0,-0,0,-0,0,-0,0,-0,0,
0.179847,5.78704,3.37191,0.0672435,0,0,0,-0,0,-0,0,-0,0,-0,0,-0,0,-0,0,-0,0,-0,0,0,0,0,0,0,0,0,0,0,0,0,0,0,0,0,0,0,0,0,0,0,0,0,0,1,0,0,0,0,0,0,0,0,0,0,0,0,0,0,0,0,-0,0,-0,0,-0,0,-0,0,
0.179859,5.78704,3.37192,0.0672435,0,0,0,-0,0,-0,0,-0,0,-0,0,-0,0,-0,0,-0,0,-0,0,0,0,0,0,0,0,0,0,0,0,0,0,0,0,0,0,0,0,0,0,0,0,0,0,1,0,0,0,0,0,0,0,0,0,0,0,0,0,0,0,0,-0,0,-0,0,-0,0,-0,0,
0.179847,5.78703,3.37192,0.0672435,0,0,0,-0,0,-0,0,-0,0,-0,0,-0,0,-0,0,-0,0,-0,0,0,0,0,0,0,0,0,0,0,0,0,0,0,0,0,0,0,0,0,0,0,0,0,0,1,0,0,0,0,0,0,0,0,0,0,0,0,0,0,0,0,-0,0,-0,0,-0,0,-0,0,
0.179847,5.78704,3.37193,0.0672315,0,0,0,-0,0,-0,0,-0,0,-0,0,-0,0,-0,0,-0,0,-0,0,0,0,0,0,0,0,0,0,0,0,0,0,0,0,0,0,0,0,0,0,0,0,0,0,1,0,0,0,0,0,0,0,0,0,0,0,0,0,0,0,0,-0,0,-0,0,-0,0,-0,0,
0.179847,5.78704,3.37192,0.0672315,0,0,0,-0,0,-0,0,-0,0,-0,0,-0,0,-0,0,-0,0,-0,0,0,0,0,0,0,0,0,0,0,0,0,0,0,0,0,0,0,0,0,0,0,0,0,0,1,0,0,0,0,0,0,0,0,0,0,0,0,0,0,0,0,-0,0,-0,0,-0,0,-0,0,
0.179835,5.78703,3.37192,0.0672315,0,0,0,-0,0,-0,0,-0,0,-0,0,-0,0,-0,0,-0,0,-0,0,0,0,0,0,0,0,0,0,0,0,0,0,0,0,0,0,0,0,0,0,0,0,0,0,1,0,0,0,0,0,0,0,0,0,0,0,0,0,0,0,0,-0,0,-0,0,-0,0,-0,0,
0.179835,5.78701,3.37193,0.0672195,0,0,0,-0,0,-0,0,-0,0,-0,0,-0,0,-0,0,-0,0,-0,0,0,0,0,0,0,0,0,0,0,0,0,0,0,0,0,0,0,0,0,0,0,0,0,0,1,0,0,0,0,0,0,0,0,0,0,0,0,0,0,0,0,-0,0,-0,0,-0,0,-0,0,
0.179847,5.78703,3.37194,0.0672315,0,0,0,-0,0,-0,0,-0,0,-0,0,-0,0,-0,0,-0,0,-0,0,0,0,0,0,0,0,0,0,0,0,0,0,0,0,0,0,0,0,0,0,0,0,0,0,1,0,0,0,0,0,0,0,0,0,0,0,0,0,0,0,0,-0,0,-0,0,-0,0,-0,0,
0.179835,5.78701,3.37194,0.0672195,0,0,0,-0,0,-0,0,-0,0,-0,0,-0,0,-0,0,-0,0,-0,0,0,0,0,0,0,0,0,0,0,0,0,0,0,0,0,0,0,0,0,0,0,0,0,0,1,0,0,0,0,0,0,0,0,0,0,0,0,0,0,0,0,-0,0,-0,0,-0,0,-0,0,
0.179847,5.78701,3.37195,0.0672315,0,0,0,-0,0,-0,0,-0,0,-0,0,-0,0,-0,0,-0,0,-0,0,0,0,0,0,0,0,0,0,0,0,0,0,0,0,0,0,0,0,0,0,0,0,0,0,1,0,0,0,0,0,0,0,0,0,0,0,0,0,0,0,0,-0,0,-0,0,-0,0,-0,0,
0.179847,5.78703,3.37195,0.0672315,0,0,0,-0,0,-0,0,-0,0,-0,0,-0,0,-0,0,-0,0,-0,0,0,0,0,0,0,0,0,0,0,0,0,0,0,0,0,0,0,0,0,0,0,0,0,0,1,0,0,0,0,0,0,0,0,0,0,0,0,0,0,0,0,-0,0,-0,0,-0,0,-0,0,
0.179859,5.78703,3.37195,0.0672315,0,0,0,-0,0,-0,0,-0,0,-0,0,-0,0,-0,0,-0,0,-0,0,0,0,0,0,0,0,0,0,0,0,0,0,0,0,0,0,0,0,0,0,0,0,0,0,1,0,0,0,0,0,0,0,0,0,0,0,0,0,0,0,0,-0,0,-0,0,-0,0,-0,0,
0.179847,5.78704,3.37194,0.0672315,0,0,0,-0,0,-0,0,-0,0,-0,0,-0,0,-0,0,-0,0,-0,0,0,0,0,0,0,0,0,0,0,0,0,0,0,0,0,0,0,0,0,0,0,0,0,0,1,0,0,0,0,0,0,0,0,0,0,0,0,0,0,0,0,-0,0,-0,0,-0,0,-0,0,
0.179847,5.78704,3.37195,0.0672435,0,0,0,-0,0,-0,0,-0,0,-0,0,-0,0,-0,0,-0,0,-0,0,0,0,0,0,0,0,0,0,0,0,0,0,0,0,0,0,0,0,0,0,0,0,0,0,1,0,0,0,0,0,0,0,0,0,0,0,0,0,0,0,0,-0,0,-0,0,-0,0,-0,0,
0.179859,5.78703,3.37194,0.0672435,0,0,0,-0,0,-0,0,-0,0,-0,0,-0,0,-0,0,-0,0,-0,0,0,0,0,0,0,0,0,0,0,0,0,0,0,0,0,0,0,0,0,0,0,0,0,0,1,0,0,0,0,0,0,0,0,0,0,0,0,0,0,0,0,-0,0,-0,0,-0,0,-0,0,
0.179835,5.78703,3.37193,0.0672315,0,0,0,-0,0,-0,0,-0,0,-0,0,-0,0,-0,0,-0,0,-0,0,0,0,0,0,0,0,0,0,0,0,0,0,0,0,0,0,0,0,0,0,0,0,0,0,1,0,0,0,0,0,0,0,0,0,0,0,0,0,0,0,0,-0,0,-0,0,-0,0,-0,0,
0.179835,5.78704,3.37193,0.0672315,0,0,0,-0,0,-0,0,-0,0,-0,0,-0,0,-0,0,-0,0,-0,0,0,0,0,0,0,0,0,0,0,0,0,0,0,0,0,0,0,0,0,0,0,0,0,0,1,0,0,0,0,0,0,0,0,0,0,0,0,0,0,0,0,-0,0,-0,0,-0,0,-0,0,
0.179823,5.78704,3.37193,0.0672435,0,0,0,-0,0,-0,0,-0,0,-0,0,-0,0,-0,0,-0,0,-0,0,0,0,0,0,0,0,0,0,0,0,0,0,0,0,0,0,0,0,0,0,0,0,0,0,1,0,0,0,0,0,0,0,0,0,0,0,0,0,0,0,0,-0,0,-0,0,-0,0,-0,0,
0.179847,5.78704,3.37192,0.0672315,0,0,0,-0,0,-0,0,-0,0,-0,0,-0,0,-0,0,-0,0,-0,0,0,0,0,0,0,0,0,0,0,0,0,0,0,0,0,0,0,0,0,0,0,0,0,0,1,0,0,0,0,0,0,0,0,0,0,0,0,0,0,0,0,-0,0,-0,0,-0,0,-0,0,
0.179823,5.78705,3.37191,0.0672435,0,0,0,-0,0,-0,0,-0,0,-0,0,-0,0,-0,0,-0,0,-0,0,0,0,0,0,0,0,0,0,0,0,0,0,0,0,0,0,0,0,0,0,0,0,0,0,1,0,0,0,0,0,0,0,0,0,0,0,0,0,0,0,0,-0,0,-0,0,-0,0,-0,0,
0.179847,5.78703,3.37192,0.0672435,0,0,0,-0,0,-0,0,-0,0,-0,0,-0,0,-0,0,-0,0,-0,0,0,0,0,0,0,0,0,0,0,0,0,0,0,0,0,0,0,0,0,0,0,0,0,0,1,0,0,0,0,0,0,0,0,0,0,0,0,0,0,0,0,-0,0,-0,0,-0,0,-0,0,
0.179859,5.78704,3.37191,0.0672315,0,0,0,-0,0,-0,0,-0,0,-0,0,-0,0,-0,0,-0,0,-0,0,0,0,0,0,0,0,0,0,0,0,0,0,0,0,0,0,0,0,0,0,0,0,0,0,1,0,0,0,0,0,0,0,0,0,0,0,0,0,0,0,0,-0,0,-0,0,-0,0,-0,0,
0.179847,5.78703,3.37191,0.0672315,0,0,0,-0,0,-0,0,-0,0,-0,0,-0,0,-0,0,-0,0,-0,0,0,0,0,0,0,0,0,0,0,0,0,0,0,0,0,0,0,0,0,0,0,0,0,0,1,0,0,0,0,0,0,0,0,0,0,0,0,0,0,0,0,-0,0,-0,0,-0,0,-0,0,
0.179835,5.78703,3.37191,0.0672315,0,0,0,-0,0,-0,0,-0,0,-0,0,-0,0,-0,0,-0,0,-0,0,0,0,0,0,0,0,0,0,0,0,0,0,0,0,0,0,0,0,0,0,0,0,0,0,1,0,0,0,0,0,0,0,0,0,0,0,0,0,0,0,0,-0,0,-0,0,-0,0,-0,0,
0.179823,5.78703,3.37191,0.0672315,0,0,0,-0,0,-0,0,-0,0,-0,0,-0,0,-0,0,-0,0,-0,0,0,0,0,0,0,0,0,0,0,0,0,0,0,0,0,0,0,0,0,0,0,0,0,0,1,0,0,0,0,0,0,0,0,0,0,0,0,0,0,0,0,-0,0,-0,0,-0,0,-0,0,
0.179823,5.78703,3.37192,0.0672195,0,0,0,-0,0,-0,0,-0,0,-0,0,-0,0,-0,0,-0,0,-0,0,0,0,0,0,0,0,0,0,0,0,0,0,0,0,0,0,0,0,0,0,0,0,0,0,1,0,0,0,0,0,0,0,0,0,0,0,0,0,0,0,0,-0,0,-0,0,-0,0,-0,0,
0.179823,5.78704,3.37193,0.0672315,0,0,0,-0,0,-0,0,-0,0,-0,0,-0,0,-0,0,-0,0,-0,0,0,0,0,0,0,0,0,0,0,0,0,0,0,0,0,0,0,0,0,0,0,0,0,0,1,0,0,0,0,0,0,0,0,0,0,0,0,0,0,0,0,-0,0,-0,0,-0,0,-0,0,
0.179835,5.78704,3.37194,0.0672315,0,0,0,-0,0,-0,0,-0,0,-0,0,-0,0,-0,0,-0,0,-0,0,0,0,0,0,0,0,0,0,0,0,0,0,0,0,0,0,0,0,0,0,0,0,0,0,1,0,0,0,0,0,0,0,0,0,0,0,0,0,0,0,0,-0,0,-0,0,-0,0,-0,0,
0.179847,5.78704,3.37194,0.0672315,0,0,0,-0,0,-0,0,-0,0,-0,0,-0,0,-0,0,-0,0,-0,0,0,0,0,0,0,0,0,0,0,0,0,0,0,0,0,0,0,0,0,0,0,0,0,0,1,0,0,0,0,0,0,0,0,0,0,0,0,0,0,0,0,-0,0,-0,0,-0,0,-0,0,
0.179835,5.78704,3.37194,0.0672315,0,0,0,-0,0,-0,0,-0,0,-0,0,-0,0,-0,0,-0,0,-0,0,0,0,0,0,0,0,0,0,0,0,0,0,0,0,0,0,0,0,0,0,0,0,0,0,1,0,0,0,0,0,0,0,0,0,0,0,0,0,0,0,0,-0,0,-0,0,-0,0,-0,0,
0.179835,5.78704,3.37195,0.0672195,0,0,0,-0,0,-0,0,-0,0,-0,0,-0,0,-0,0,-0,0,-0,0,0,0,0,0,0,0,0,0,0,0,0,0,0,0,0,0,0,0,0,0,0,0,0,0,1,0,0,0,0,0,0,0,0,0,0,0,0,0,0,0,0,-0,0,-0,0,-0,0,-0,0,
0.179823,5.78704,3.37197,0.0672315,0,0,0,-0,0,-0,0,-0,0,-0,0,-0,0,-0,0,-0,0,-0,0,0,0,0,0,0,0,0,0,0,0,0,0,0,0,0,0,0,0,0,0,0,0,0,0,1,0,0,0,0,0,0,0,0,0,0,0,0,0,0,0,0,-0,0,-0,0,-0,0,-0,0,
0.179835,5.78705,3.37197,0.0672315,0,0,0,-0,0,-0,0,-0,0,-0,0,-0,0,-0,0,-0,0,-0,0,0,0,0,0,0,0,0,0,0,0,0,0,0,0,0,0,0,0,0,0,0,0,0,0,1,0,0,0,0,0,0,0,0,0,0,0,0,0,0,0,0,-0,0,-0,0,-0,0,-0,0,
0.179847,5.78704,3.37195,0.0672315,0,0,0,-0,0,-0,0,-0,0,-0,0,-0,0,-0,0,-0,0,-0,0,0,0,0,0,0,0,0,0,0,0,0,0,0,0,0,0,0,0,0,0,0,0,0,0,1,0,0,0,0,0,0,0,0,0,0,0,0,0,0,0,0,-0,0,-0,0,-0,0,-0,0,
0.179859,5.78703,3.37195,0.0672315,0,0,0,-0,0,-0,0,-0,0,-0,0,-0,0,-0,0,-0,0,-0,0,0,0,0,0,0,0,0,0,0,0,0,0,0,0,0,0,0,0,0,0,0,0,0,0,1,0,0,0,0,0,0,0,0,0,0,0,0,0,0,0,0,-0,0,-0,0,-0,0,-0,0,
0.179835,5.78703,3.37194,0.0672315,0,0,0,-0,0,-0,0,-0,0,-0,0,-0,0,-0,0,-0,0,-0,0,0,0,0,0,0,0,0,0,0,0,0,0,0,0,0,0,0,0,0,0,0,0,0,0,1,0,0,0,0,0,0,0,0,0,0,0,0,0,0,0,0,-0,0,-0,0,-0,0,-0,0,
0.179835,5.78704,3.37193,0.0672195,0,0,0,-0,0,-0,0,-0,0,-0,0,-0,0,-0,0,-0,0,-0,0,0,0,0,0,0,0,0,0,0,0,0,0,0,0,0,0,0,0,0,0,0,0,0,0,1,0,0,0,0,0,0,0,0,0,0,0,0,0,0,0,0,-0,0,-0,0,-0,0,-0,0,
0.179835,5.78704,3.37192,0.0672315,0,0,0,-0,0,-0,0,-0,0,-0,0,-0,0,-0,0,-0,0,-0,0,0,0,0,0,0,0,0,0,0,0,0,0,0,0,0,0,0,0,0,0,0,0,0,0,1,0,0,0,0,0,0,0,0,0,0,0,0,0,0,0,0,-0,0,-0,0,-0,0,-0,0,
0.179847,5.78701,3.37191,0.0672315,0,0,0,-0,0,-0,0,-0,0,-0,0,-0,0,-0,0,-0,0,-0,0,0,0,0,0,0,0,0,0,0,0,0,0,0,0,0,0,0,0,0,0,0,0,0,0,1,0,0,0,0,0,0,0,0,0,0,0,0,0,0,0,0,-0,0,-0,0,-0,0,-0,0,
0.179847,5.78701,3.37191,0.0672315,0,0,0,-0,0,-0,0,-0,0,-0,0,-0,0,-0,0,-0,0,-0,0,0,0,0,0,0,0,0,0,0,0,0,0,0,0,0,0,0,0,0,0,0,0,0,0,1,0,0,0,0,0,0,0,0,0,0,0,0,0,0,0,0,-0,0,-0,0,-0,0,-0,0,
0.179847,5.78701,3.37191,0.0672435,0,0,0,-0,0,-0,0,-0,0,-0,0,-0,0,-0,0,-0,0,-0,0,0,0,0,0,0,0,0,0,0,0,0,0,0,0,0,0,0,0,0,0,0,0,0,0,1,0,0,0,0,0,0,0,0,0,0,0,0,0,0,0,0,-0,0,-0,0,-0,0,-0,0,
0.179859,5.78701,3.37191,0.0672435,0,0,0,-0,0,-0,0,-0,0,-0,0,-0,0,-0,0,-0,0,-0,0,0,0,0,0,0,0,0,0,0,0,0,0,0,0,0,0,0,0,0,0,0,0,0,0,1,0,0,0,0,0,0,0,0,0,0,0,0,0,0,0,0,-0,0,-0,0,-0,0,-0,0,
0.179859,5.78703,3.37191,0.0672315,0,0,0,-0,0,-0,0,-0,0,-0,0,-0,0,-0,0,-0,0,-0,0,0,0,0,0,0,0,0,0,0,0,0,0,0,0,0,0,0,0,0,0,0,0,0,0,1,0,0,0,0,0,0,0,0,0,0,0,0,0,0,0,0,-0,0,-0,0,-0,0,-0,0,
0.179847,5.78701,3.37192,0.0672435,0,0,0,-0,0,-0,0,-0,0,-0,0,-0,0,-0,0,-0,0,-0,0,0,0,0,0,0,0,0,0,0,0,0,0,0,0,0,0,0,0,0,0,0,0,0,0,1,0,0,0,0,0,0,0,0,0,0,0,0,0,0,0,0,-0,0,-0,0,-0,0,-0,0,
0.179847,5.78701,3.37192,0.0672315,0,0,0,-0,0,-0,0,-0,0,-0,0,-0,0,-0,0,-0,0,-0,0,0,0,0,0,0,0,0,0,0,0,0,0,0,0,0,0,0,0,0,0,0,0,0,0,1,0,0,0,0,0,0,0,0,0,0,0,0,0,0,0,0,-0,0,-0,0,-0,0,-0,0,
0.179859,5.787,3.37192,0.0672435,0,0,0,-0,0,-0,0,-0,0,-0,0,-0,0,-0,0,-0,0,-0,0,0,0,0,0,0,0,0,0,0,0,0,0,0,0,0,0,0,0,0,0,0,0,0,0,1,0,0,0,0,0,0,0,0,0,0,0,0,0,0,0,0,-0,0,-0,0,-0,0,-0,0,
0.179847,5.787,3.37191,0.0672435,0,0,0,-0,0,-0,0,-0,0,-0,0,-0,0,-0,0,-0,0,-0,0,0,0,0,0,0,0,0,0,0,0,0,0,0,0,0,0,0,0,0,0,0,0,0,0,1,0,0,0,0,0,0,0,0,0,0,0,0,0,0,0,0,-0,0,-0,0,-0,0,-0,0,
0.179847,5.78701,3.37192,0.0672435,0,0,0,-0,0,-0,0,-0,0,-0,0,-0,0,-0,0,-0,0,-0,0,0,0,0,0,0,0,0,0,0,0,0,0,0,0,0,0,0,0,0,0,0,0,0,0,1,0,0,0,0,0,0,0,0,0,0,0,0,0,0,0,0,-0,0,-0,0,-0,0,-0,0,
0.179835,5.78703,3.37192,0.0672435,0,0,0,-0,0,-0,0,-0,0,-0,0,-0,0,-0,0,-0,0,-0,0,0,0,0,0,0,0,0,0,0,0,0,0,0,0,0,0,0,0,0,0,0,0,0,0,1,0,0,0,0,0,0,0,0,0,0,0,0,0,0,0,0,-0,0,-0,0,-0,0,-0,0,
0.179835,5.787,3.37192,0.0672435,0,0,0,-0,0,-0,0,-0,0,-0,0,-0,0,-0,0,-0,0,-0,0,0,0,0,0,0,0,0,0,0,0,0,0,0,0,0,0,0,0,0,0,0,0,0,0,1,0,0,0,0,0,0,0,0,0,0,0,0,0,0,0,0,-0,0,-0,0,-0,0,-0,0,
0.179847,5.78701,3.37193,0.0672315,0,0,0,-0,0,-0,0,-0,0,-0,0,-0,0,-0,0,-0,0,-0,0,0,0,0,0,0,0,0,0,0,0,0,0,0,0,0,0,0,0,0,0,0,0,0,0,1,0,0,0,0,0,0,0,0,0,0,0,0,0,0,0,0,-0,0,-0,0,-0,0,-0,0,
0.179859,5.78703,3.37194,0.0672315,0,0,0,-0,0,-0,0,-0,0,-0,0,-0,0,-0,0,-0,0,-0,0,0,0,0,0,0,0,0,0,0,0,0,0,0,0,0,0,0,0,0,0,0,0,0,0,1,0,0,0,0,0,0,0,0,0,0,0,0,0,0,0,0,-0,0,-0,0,-0,0,-0,0,
0.179859,5.78701,3.37194,0.0672435,0,0,0,-0,0,-0,0,-0,0,-0,0,-0,0,-0,0,-0,0,-0,0,0,0,0,0,0,0,0,0,0,0,0,0,0,0,0,0,0,0,0,0,0,0,0,0,1,0,0,0,0,0,0,0,0,0,0,0,0,0,0,0,0,-0,0,-0,0,-0,0,-0,0,
0.179847,5.78701,3.37195,0.0672435,0,0,0,-0,0,-0,0,-0,0,-0,0,-0,0,-0,0,-0,0,-0,0,0,0,0,0,0,0,0,0,0,0,0,0,0,0,0,0,0,0,0,0,0,0,0,0,1,0,0,0,0,0,0,0,0,0,0,0,0,0,0,0,0,-0,0,-0,0,-0,0,-0,0,
0.179847,5.78703,3.37195,0.0672315,0,0,0,-0,0,-0,0,-0,0,-0,0,-0,0,-0,0,-0,0,-0,0,0,0,0,0,0,0,0,0,0,0,0,0,0,0,0,0,0,0,0,0,0,0,0,0,1,0,0,0,0,0,0,0,0,0,0,0,0,0,0,0,0,-0,0,-0,0,-0,0,-0,0,
0.179835,5.78705,3.37195,0.0672435,0,0,0,-0,0,-0,0,-0,0,-0,0,-0,0,-0,0,-0,0,-0,0,0,0,0,0,0,0,0,0,0,0,0,0,0,0,0,0,0,0,0,0,0,0,0,0,1,0,0,0,0,0,0,0,0,0,0,0,0,0,0,0,0,-0,0,-0,0,-0,0,-0,0,
0.179835,5.78705,3.37195,0.0672435,0,0,0,-0,0,-0,0,-0,0,-0,0,-0,0,-0,0,-0,0,-0,0,0,0,0,0,0,0,0,0,0,0,0,0,0,0,0,0,0,0,0,0,0,0,0,0,1,0,0,0,0,0,0,0,0,0,0,0,0,0,0,0,0,-0,0,-0,0,-0,0,-0,0,
0.179835,5.78705,3.37195,0.0672435,0,0,0,-0,0,-0,0,-0,0,-0,0,-0,0,-0,0,-0,0,-0,0,0,0,0,0,0,0,0,0,0,0,0,0,0,0,0,0,0,0,0,0,0,0,0,0,1,0,0,0,0,0,0,0,0,0,0,0,0,0,0,0,0,-0,0,-0,0,-0,0,-0,0,
0.179847,5.78704,3.37193,0.0672315,0,0,0,-0,0,-0,0,-0,0,-0,0,-0,0,-0,0,-0,0,-0,0,0,0,0,0,0,0,0,0,0,0,0,0,0,0,0,0,0,0,0,0,0,0,0,0,1,0,0,0,0,0,0,0,0,0,0,0,0,0,0,0,0,-0,0,-0,0,-0,0,-0,0,
0.179847,5.78704,3.37193,0.0672435,0,0,0,-0,0,-0,0,-0,0,-0,0,-0,0,-0,0,-0,0,-0,0,0,0,0,0,0,0,0,0,0,0,0,0,0,0,0,0,0,0,0,0,0,0,0,0,1,0,0,0,0,0,0,0,0,0,0,0,0,0,0,0,0,-0,0,-0,0,-0,0,-0,0,
0.179859,5.78704,3.37192,0.0672435,0,0,0,-0,0,-0,0,-0,0,-0,0,-0,0,-0,0,-0,0,-0,0,0,0,0,0,0,0,0,0,0,0,0,0,0,0,0,0,0,0,0,0,0,0,0,0,1,0,0,0,0,0,0,0,0,0,0,0,0,0,0,0,0,-0,0,-0,0,-0,0,-0,0,
0.179859,5.78703,3.37192,0.0672435,0,0,0,-0,0,-0,0,-0,0,-0,0,-0,0,-0,0,-0,0,-0,0,0,0,0,0,0,0,0,0,0,0,0,0,0,0,0,0,0,0,0,0,0,0,0,0,1,0,0,0,0,0,0,0,0,0,0,0,0,0,0,0,0,-0,0,-0,0,-0,0,-0,0,
0.179859,5.78704,3.37192,0.0672315,0,0,0,-0,0,-0,0,-0,0,-0,0,-0,0,-0,0,-0,0,-0,0,0,0,0,0,0,0,0,0,0,0,0,0,0,0,0,0,0,0,0,0,0,0,0,0,1,0,0,0,0,0,0,0,0,0,0,0,0,0,0,0,0,-0,0,-0,0,-0,0,-0,0,
0.179847,5.78704,3.37192,0.0672435,0,0,0,-0,0,-0,0,-0,0,-0,0,-0,0,-0,0,-0,0,-0,0,0,0,0,0,0,0,0,0,0,0,0,0,0,0,0,0,0,0,0,0,0,0,0,0,1,0,0,0,0,0,0,0,0,0,0,0,0,0,0,0,0,-0,0,-0,0,-0,0,-0,0,
0.179847,5.78704,3.37191,0.0672315,0,0,0,-0,0,-0,0,-0,0,-0,0,-0,0,-0,0,-0,0,-0,0,0,0,0,0,0,0,0,0,0,0,0,0,0,0,0,0,0,0,0,0,0,0,0,0,1,0,0,0,0,0,0,0,0,0,0,0,0,0,0,0,0,-0,0,-0,0,-0,0,-0,0,
0.179835,5.78704,3.37191,0.0672315,0,0,0,-0,0,-0,0,-0,0,-0,0,-0,0,-0,0,-0,0,-0,0,0,0,0,0,0,0,0,0,0,0,0,0,0,0,0,0,0,0,0,0,0,0,0,0,1,0,0,0,0,0,0,0,0,0,0,0,0,0,0,0,0,-0,0,-0,0,-0,0,-0,0,
0.179835,5.78704,3.37191,0.0672435,0,0,0,-0,0,-0,0,-0,0,-0,0,-0,0,-0,0,-0,0,-0,0,0,0,0,0,0,0,0,0,0,0,0,0,0,0,0,0,0,0,0,0,0,0,0,0,1,0,0,0,0,0,0,0,0,0,0,0,0,0,0,0,0,-0,0,-0,0,-0,0,-0,0,
0.179835,5.78704,3.37191,0.0672315,0,0,0,-0,0,-0,0,-0,0,-0,0,-0,0,-0,0,-0,0,-0,0,0,0,0,0,0,0,0,0,0,0,0,0,0,0,0,0,0,0,0,0,0,0,0,0,1,0,0,0,0,0,0,0,0,0,0,0,0,0,0,0,0,-0,0,-0,0,-0,0,-0,0,
0.179847,5.78703,3.37191,0.0672435,0,0,0,-0,0,-0,0,-0,0,-0,0,-0,0,-0,0,-0,0,-0,0,0,0,0,0,0,0,0,0,0,0,0,0,0,0,0,0,0,0,0,0,0,0,0,0,1,0,0,0,0,0,0,0,0,0,0,0,0,0,0,0,0,-0,0,-0,0,-0,0,-0,0,
0.179835,5.78703,3.37193,0.0672435,0,0,0,-0,0,-0,0,-0,0,-0,0,-0,0,-0,0,-0,0,-0,0,0,0,0,0,0,0,0,0,0,0,0,0,0,0,0,0,0,0,0,0,0,0,0,0,1,0,0,0,0,0,0,0,0,0,0,0,0,0,0,0,0,-0,0,-0,0,-0,0,-0,0,
0.179835,5.78703,3.37193,0.0672435,0,0,0,-0,0,-0,0,-0,0,-0,0,-0,0,-0,0,-0,0,-0,0,0,0,0,0,0,0,0,0,0,0,0,0,0,0,0,0,0,0,0,0,0,0,0,0,1,0,0,0,0,0,0,0,0,0,0,0,0,0,0,0,0,-0,0,-0,0,-0,0,-0,0,
0.179847,5.78703,3.37194,0.0672315,0,0,0,-0,0,-0,0,-0,0,-0,0,-0,0,-0,0,-0,0,-0,0,0,0,0,0,0,0,0,0,0,0,0,0,0,0,0,0,0,0,0,0,0,0,0,0,1,0,0,0,0,0,0,0,0,0,0,0,0,0,0,0,0,-0,0,-0,0,-0,0,-0,0,
0.179835,5.78701,3.37194,0.0672315,0,0,0,-0,0,-0,0,-0,0,-0,0,-0,0,-0,0,-0,0,-0,0,0,0,0,0,0,0,0,0,0,0,0,0,0,0,0,0,0,0,0,0,0,0,0,0,1,0,0,0,0,0,0,0,0,0,0,0,0,0,0,0,0,-0,0,-0,0,-0,0,-0,0,
0.179847,5.78701,3.37194,0.0672435,0,0,0,-0,0,-0,0,-0,0,-0,0,-0,0,-0,0,-0,0,-0,0,0,0,0,0,0,0,0,0,0,0,0,0,0,0,0,0,0,0,0,0,0,0,0,0,1,0,0,0,0,0,0,0,0,0,0,0,0,0,0,0,0,-0,0,-0,0,-0,0,-0,0,
0.179847,5.78701,3.37194,0.0672435,0,0,0,-0,0,-0,0,-0,0,-0,0,-0,0,-0,0,-0,0,-0,0,0,0,0,0,0,0,0,0,0,0,0,0,0,0,0,0,0,0,0,0,0,0,0,0,1,0,0,0,0,0,0,0,0,0,0,0,0,0,0,0,0,-0,0,-0,0,-0,0,-0,0,
0.179835,5.78701,3.37194,0.0672435,0,0,0,-0,0,-0,0,-0,0,-0,0,-0,0,-0,0,-0,0,-0,0,0,0,0,0,0,0,0,0,0,0,0,0,0,0,0,0,0,0,0,0,0,0,0,0,1,0,0,0,0,0,0,0,0,0,0,0,0,0,0,0,0,-0,0,-0,0,-0,0,-0,0,
0.179835,5.787,3.37194,0.0672315,0,0,0,-0,0,-0,0,-0,0,-0,0,-0,0,-0,0,-0,0,-0,0,0,0,0,0,0,0,0,0,0,0,0,0,0,0,0,0,0,0,0,0,0,0,0,0,1,0,0,0,0,0,0,0,0,0,0,0,0,0,0,0,0,-0,0,-0,0,-0,0,-0,0,
0.179823,5.78701,3.37194,0.0672315,0,0,0,-0,0,-0,0,-0,0,-0,0,-0,0,-0,0,-0,0,-0,0,0,0,0,0,0,0,0,0,0,0,0,0,0,0,0,0,0,0,0,0,0,0,0,0,1,0,0,0,0,0,0,0,0,0,0,0,0,0,0,0,0,-0,0,-0,0,-0,0,-0,0,
0.179823,5.78703,3.37194,0.0672315,0,0,0,-0,0,-0,0,-0,0,-0,0,-0,0,-0,0,-0,0,-0,0,0,0,0,0,0,0,0,0,0,0,0,0,0,0,0,0,0,0,0,0,0,0,0,0,1,0,0,0,0,0,0,0,0,0,0,0,0,0,0,0,0,-0,0,-0,0,-0,0,-0,0,
0.179835,5.78703,3.37193,0.0672315,0,0,0,-0,0,-0,0,-0,0,-0,0,-0,0,-0,0,-0,0,-0,0,0,0,0,0,0,0,0,0,0,0,0,0,0,0,0,0,0,0,0,0,0,0,0,0,1,0,0,0,0,0,0,0,0,0,0,0,0,0,0,0,0,-0,0,-0,0,-0,0,-0,0,
0.179835,5.78703,3.37194,0.0672315,0,0,0,-0,0,-0,0,-0,0,-0,0,-0,0,-0,0,-0,0,-0,0,0,0,0,0,0,0,0,0,0,0,0,0,0,0,0,0,0,0,0,0,0,0,0,0,1,0,0,0,0,0,0,0,0,0,0,0,0,0,0,0,0,-0,0,-0,0,-0,0,-0,0,
0.179847,5.78703,3.37193,0.0672315,0,0,0,-0,0,-0,0,-0,0,-0,0,-0,0,-0,0,-0,0,-0,0,0,0,0,0,0,0,0,0,0,0,0,0,0,0,0,0,0,0,0,0,0,0,0,0,1,0,0,0,0,0,0,0,0,0,0,0,0,0,0,0,0,-0,0,-0,0,-0,0,-0,0,
0.179847,5.78703,3.37194,0.0672315,0,0,0,-0,0,-0,0,-0,0,-0,0,-0,0,-0,0,-0,0,-0,0,0,0,0,0,0,0,0,0,0,0,0,0,0,0,0,0,0,0,0,0,0,0,0,0,1,0,0,0,0,0,0,0,0,0,0,0,0,0,0,0,0,-0,0,-0,0,-0,0,-0,0,
0.179871,5.78704,3.37193,0.0672435,0,0,0,-0,0,-0,0,-0,0,-0,0,-0,0,-0,0,-0,0,-0,0,0,0,0,0,0,0,0,0,0,0,0,0,0,0,0,0,0,0,0,0,0,0,0,0,1,0,0,0,0,0,0,0,0,0,0,0,0,0,0,0,0,-0,0,-0,0,-0,0,-0,0,
0.179871,5.78704,3.37192,0.0672435,0,0,0,-0,0,-0,0,-0,0,-0,0,-0,0,-0,0,-0,0,-0,0,0,0,0,0,0,0,0,0,0,0,0,0,0,0,0,0,0,0,0,0,0,0,0,0,1,0,0,0,0,0,0,0,0,0,0,0,0,0,0,0,0,-0,0,-0,0,-0,0,-0,0,
0.179859,5.78704,3.37192,0.0672555,0,0,0,-0,0,-0,0,-0,0,-0,0,-0,0,-0,0,-0,0,-0,0,0,0,0,0,0,0,0,0,0,0,0,0,0,0,0,0,0,0,0,0,0,0,0,0,1,0,0,0,0,0,0,0,0,0,0,0,0,0,0,0,0,-0,0,-0,0,-0,0,-0,0,
0.179859,5.78706,3.37192,0.0672435,0,0,0,-0,0,-0,0,-0,0,-0,0,-0,0,-0,0,-0,0,-0,0,0,0,0,0,0,0,0,0,0,0,0,0,0,0,0,0,0,0,0,0,0,0,0,0,1,0,0,0,0,0,0,0,0,0,0,0,0,0,0,0,0,-0,0,-0,0,-0,0,-0,0,
0.179859,5.78706,3.37191,0.0672435,0,0,0,-0,0,-0,0,-0,0,-0,0,-0,0,-0,0,-0,0,-0,0,0,0,0,0,0,0,0,0,0,0,0,0,0,0,0,0,0,0,0,0,0,0,0,0,1,0,0,0,0,0,0,0,0,0,0,0,0,0,0,0,0,-0,0,-0,0,-0,0,-0,0,
0.179847,5.78706,3.37192,0.0672315,0,0,0,-0,0,-0,0,-0,0,-0,0,-0,0,-0,0,-0,0,-0,0,0,0,0,0,0,0,0,0,0,0,0,0,0,0,0,0,0,0,0,0,0,0,0,0,1,0,0,0,0,0,0,0,0,0,0,0,0,0,0,0,0,-0,0,-0,0,-0,0,-0,0,
0.179847,5.78705,3.37192,0.0672315,0,0,0,-0,0,-0,0,-0,0,-0,0,-0,0,-0,0,-0,0,-0,0,0,0,0,0,0,0,0,0,0,0,0,0,0,0,0,0,0,0,0,0,0,0,0,0,1,0,0,0,0,0,0,0,0,0,0,0,0,0,0,0,0,-0,0,-0,0,-0,0,-0,0,
0.179835,5.78704,3.37192,0.0672195,0,0,0,-0,0,-0,0,-0,0,-0,0,-0,0,-0,0,-0,0,-0,0,0,0,0,0,0,0,0,0,0,0,0,0,0,0,0,0,0,0,0,0,0,0,0,0,1,0,0,0,0,0,0,0,0,0,0,0,0,0,0,0,0,-0,0,-0,0,-0,0,-0,0,
0.179847,5.78704,3.37193,0.0672315,0,0,0,-0,0,-0,0,-0,0,-0,0,-0,0,-0,0,-0,0,-0,0,0,0,0,0,0,0,0,0,0,0,0,0,0,0,0,0,0,0,0,0,0,0,0,0,1,0,0,0,0,0,0,0,0,0,0,0,0,0,0,0,0,-0,0,-0,0,-0,0,-0,0,
0.179835,5.78703,3.37194,0.0672315,0,0,0,-0,0,-0,0,-0,0,-0,0,-0,0,-0,0,-0,0,-0,0,0,0,0,0,0,0,0,0,0,0,0,0,0,0,0,0,0,0,0,0,0,0,0,0,1,0,0,0,0,0,0,0,0,0,0,0,0,0,0,0,0,-0,0,-0,0,-0,0,-0,0,
0.179847,5.78704,3.37194,0.0672315,0,0,0,-0,0,-0,0,-0,0,-0,0,-0,0,-0,0,-0,0,-0,0,0,0,0,0,0,0,0,0,0,0,0,0,0,0,0,0,0,0,0,0,0,0,0,0,1,0,0,0,0,0,0,0,0,0,0,0,0,0,0,0,0,-0,0,-0,0,-0,0,-0,0,
0.179847,5.78701,3.37194,0.0672435,0,0,0,-0,0,-0,0,-0,0,-0,0,-0,0,-0,0,-0,0,-0,0,0,0,0,0,0,0,0,0,0,0,0,0,0,0,0,0,0,0,0,0,0,0,0,0,1,0,0,0,0,0,0,0,0,0,0,0,0,0,0,0,0,-0,0,-0,0,-0,0,-0,0,
0.179859,5.78703,3.37195,0.0672435,0,0,0,-0,0,-0,0,-0,0,-0,0,-0,0,-0,0,-0,0,-0,0,0,0,0,0,0,0,0,0,0,0,0,0,0,0,0,0,0,0,0,0,0,0,0,0,1,0,0,0,0,0,0,0,0,0,0,0,0,0,0,0,0,-0,0,-0,0,-0,0,-0,0,
0.179859,5.78701,3.37195,0.0672435,0,0,0,-0,0,-0,0,-0,0,-0,0,-0,0,-0,0,-0,0,-0,0,0,0,0,0,0,0,0,0,0,0,0,0,0,0,0,0,0,0,0,0,0,0,0,0,1,0,0,0,0,0,0,0,0,0,0,0,0,0,0,0,0,-0,0,-0,0,-0,0,-0,0,
0.179847,5.78701,3.37195,0.0672435,0,0,0,-0,0,-0,0,-0,0,-0,0,-0,0,-0,0,-0,0,-0,0,0,0,0,0,0,0,0,0,0,0,0,0,0,0,0,0,0,0,0,0,0,0,0,0,1,0,0,0,0,0,0,0,0,0,0,0,0,0,0,0,0,-0,0,-0,0,-0,0,-0,0,
0.179835,5.78701,3.37195,0.0672435,0,0,0,-0,0,-0,0,-0,0,-0,0,-0,0,-0,0,-0,0,-0,0,0,0,0,0,0,0,0,0,0,0,0,0,0,0,0,0,0,0,0,0,0,0,0,0,1,0,0,0,0,0,0,0,0,0,0,0,0,0,0,0,0,-0,0,-0,0,-0,0,-0,0,
0.179823,5.78703,3.37194,0.0672435,0,0,0,-0,0,-0,0,-0,0,-0,0,-0,0,-0,0,-0,0,-0,0,0,0,0,0,0,0,0,0,0,0,0,0,0,0,0,0,0,0,0,0,0,0,0,0,1,0,0,0,0,0,0,0,0,0,0,0,0,0,0,0,0,-0,0,-0,0,-0,0,-0,0,
0.179823,5.78701,3.37193,0.0672435,0,0,0,-0,0,-0,0,-0,0,-0,0,-0,0,-0,0,-0,0,-0,0,0,0,0,0,0,0,0,0,0,0,0,0,0,0,0,0,0,0,0,0,0,0,0,0,1,0,0,0,0,0,0,0,0,0,0,0,0,0,0,0,0,-0,0,-0,0,-0,0,-0,0,
0.179847,5.78704,3.37193,0.0672435,0,0,0,-0,0,-0,0,-0,0,-0,0,-0,0,-0,0,-0,0,-0,0,0,0,0,0,0,0,0,0,0,0,0,0,0,0,0,0,0,0,0,0,0,0,0,0,1,0,0,0,0,0,0,0,0,0,0,0,0,0,0,0,0,-0,0,-0,0,-0,0,-0,0,
0.179847,5.78704,3.37192,0.0672435,0,0,0,-0,0,-0,0,-0,0,-0,0,-0,0,-0,0,-0,0,-0,0,0,0,0,0,0,0,0,0,0,0,0,0,0,0,0,0,0,0,0,0,0,0,0,0,1,0,0,0,0,0,0,0,0,0,0,0,0,0,0,0,0,-0,0,-0,0,-0,0,-0,0,
0.179847,5.78703,3.37191,0.0672435,0,0,0,-0,0,-0,0,-0,0,-0,0,-0,0,-0,0,-0,0,-0,0,0,0,0,0,0,0,0,0,0,0,0,0,0,0,0,0,0,0,0,0,0,0,0,0,1,0,0,0,0,0,0,0,0,0,0,0,0,0,0,0,0,-0,0,-0,0,-0,0,-0,0,
0.179835,5.78705,3.37191,0.0672315,0,0,0,-0,0,-0,0,-0,0,-0,0,-0,0,-0,0,-0,0,-0,0,0,0,0,0,0,0,0,0,0,0,0,0,0,0,0,0,0,0,0,0,0,0,0,0,1,0,0,0,0,0,0,0,0,0,0,0,0,0,0,0,0,-0,0,-0,0,-0,0,-0,0,
0.179823,5.78704,3.37191,0.0672315,0,0,0,-0,0,-0,0,-0,0,-0,0,-0,0,-0,0,-0,0,-0,0,0,0,0,0,0,0,0,0,0,0,0,0,0,0,0,0,0,0,0,0,0,0,0,0,1,0,0,0,0,0,0,0,0,0,0,0,0,0,0,0,0,-0,0,-0,0,-0,0,-0,0,
0.179847,5.78703,3.37191,0.0672315,0,0,0,-0,0,-0,0,-0,0,-0,0,-0,0,-0,0,-0,0,-0,0,0,0,0,0,0,0,0,0,0,0,0,0,0,0,0,0,0,0,0,0,0,0,0,0,1,0,0,0,0,0,0,0,0,0,0,0,0,0,0,0,0,-0,0,-0,0,-0,0,-0,0,
0.179859,5.78704,3.37193,0.0672315,0,0,0,-0,0,-0,0,-0,0,-0,0,-0,0,-0,0,-0,0,-0,0,0,0,0,0,0,0,0,0,0,0,0,0,0,0,0,0,0,0,0,0,0,0,0,0,1,0,0,0,0,0,0,0,0,0,0,0,0,0,0,0,0,-0,0,-0,0,-0,0,-0,0,
0.179847,5.78703,3.37193,0.0672315,0,0,0,-0,0,-0,0,-0,0,-0,0,-0,0,-0,0,-0,0,-0,0,0,0,0,0,0,0,0,0,0,0,0,0,0,0,0,0,0,0,0,0,0,0,0,0,1,0,0,0,0,0,0,0,0,0,0,0,0,0,0,0,0,-0,0,-0,0,-0,0,-0,0,
0.179847,5.78703,3.37194,0.0672315,0,0,0,-0,0,-0,0,-0,0,-0,0,-0,0,-0,0,-0,0,-0,0,0,0,0,0,0,0,0,0,0,0,0,0,0,0,0,0,0,0,0,0,0,0,0,0,1,0,0,0,0,0,0,0,0,0,0,0,0,0,0,0,0,-0,0,-0,0,-0,0,-0,0,
0.179847,5.78704,3.37194,0.0672315,0,0,0,-0,0,-0,0,-0,0,-0,0,-0,0,-0,0,-0,0,-0,0,0,0,0,0,0,0,0,0,0,0,0,0,0,0,0,0,0,0,0,0,0,0,0,0,1,0,0,0,0,0,0,0,0,0,0,0,0,0,0,0,0,-0,0,-0,0,-0,0,-0,0,
0.179859,5.78705,3.37194,0.0672315,0,0,0,-0,0,-0,0,-0,0,-0,0,-0,0,-0,0,-0,0,-0,0,0,0,0,0,0,0,0,0,0,0,0,0,0,0,0,0,0,0,0,0,0,0,0,0,1,0,0,0,0,0,0,0,0,0,0,0,0,0,0,0,0,-0,0,-0,0,-0,0,-0,0,
0.179835,5.78704,3.37194,0.0672315,0,0,0,-0,0,-0,0,-0,0,-0,0,-0,0,-0,0,-0,0,-0,0,0,0,0,0,0,0,0,0,0,0,0,0,0,0,0,0,0,0,0,0,0,0,0,0,1,0,0,0,0,0,0,0,0,0,0,0,0,0,0,0,0,-0,0,-0,0,-0,0,-0,0,
0.179847,5.78705,3.37195,0.0672315,0,0,0,-0,0,-0,0,-0,0,-0,0,-0,0,-0,0,-0,0,-0,0,0,0,0,0,0,0,0,0,0,0,0,0,0,0,0,0,0,0,0,0,0,0,0,0,1,0,0,0,0,0,0,0,0,0,0,0,0,0,0,0,0,-0,0,-0,0,-0,0,-0,0,
0.179847,5.78704,3.37197,0.0672195,0,0,0,-0,0,-0,0,-0,0,-0,0,-0,0,-0,0,-0,0,-0,0,0,0,0,0,0,0,0,0,0,0,0,0,0,0,0,0,0,0,0,0,0,0,0,0,1,0,0,0,0,0,0,0,0,0,0,0,0,0,0,0,0,-0,0,-0,0,-0,0,-0,0,
0.179859,5.78704,3.37195,0.0672195,0,0,0,-0,0,-0,0,-0,0,-0,0,-0,0,-0,0,-0,0,-0,0,0,0,0,0,0,0,0,0,0,0,0,0,0,0,0,0,0,0,0,0,0,0,0,0,1,0,0,0,0,0,0,0,0,0,0,0,0,0,0,0,0,-0,0,-0,0,-0,0,-0,0,
0.179847,5.78704,3.37194,0.0672195,0,0,0,-0,0,-0,0,-0,0,-0,0,-0,0,-0,0,-0,0,-0,0,0,0,0,0,0,0,0,0,0,0,0,0,0,0,0,0,0,0,0,0,0,0,0,0,1,0,0,0,0,0,0,0,0,0,0,0,0,0,0,0,0,-0,0,-0,0,-0,0,-0,0,
0.179859,5.78704,3.37194,0.0672315,0,0,0,-0,0,-0,0,-0,0,-0,0,-0,0,-0,0,-0,0,-0,0,0,0,0,0,0,0,0,0,0,0,0,0,0,0,0,0,0,0,0,0,0,0,0,0,1,0,0,0,0,0,0,0,0,0,0,0,0,0,0,0,0,-0,0,-0,0,-0,0,-0,0,
0.179847,5.78703,3.37195,0.0672315,0,0,0,-0,0,-0,0,-0,0,-0,0,-0,0,-0,0,-0,0,-0,0,0,0,0,0,0,0,0,0,0,0,0,0,0,0,0,0,0,0,0,0,0,0,0,0,1,0,0,0,0,0,0,0,0,0,0,0,0,0,0,0,0,-0,0,-0,0,-0,0,-0,0,
0.179859,5.78701,3.37195,0.0672315,0,0,0,-0,0,-0,0,-0,0,-0,0,-0,0,-0,0,-0,0,-0,0,0,0,0,0,0,0,0,0,0,0,0,0,0,0,0,0,0,0,0,0,0,0,0,0,1,0,0,0,0,0,0,0,0,0,0,0,0,0,0,0,0,-0,0,-0,0,-0,0,-0,0,
0.179847,5.78704,3.37194,0.0672315,0,0,0,-0,0,-0,0,-0,0,-0,0,-0,0,-0,0,-0,0,-0,0,0,0,0,0,0,0,0,0,0,0,0,0,0,0,0,0,0,0,0,0,0,0,0,0,1,0,0,0,0,0,0,0,0,0,0,0,0,0,0,0,0,-0,0,-0,0,-0,0,-0,0,
0.179847,5.78704,3.37192,0.0672435,0,0,0,-0,0,-0,0,-0,0,-0,0,-0,0,-0,0,-0,0,-0,0,0,0,0,0,0,0,0,0,0,0,0,0,0,0,0,0,0,0,0,0,0,0,0,0,1,0,0,0,0,0,0,0,0,0,0,0,0,0,0,0,0,-0,0,-0,0,-0,0,-0,0,
0.179847,5.78705,3.37192,0.0672435,0,0,0,-0,0,-0,0,-0,0,-0,0,-0,0,-0,0,-0,0,-0,0,0,0,0,0,0,0,0,0,0,0,0,0,0,0,0,0,0,0,0,0,0,0,0,0,1,0,0,0,0,0,0,0,0,0,0,0,0,0,0,0,0,-0,0,-0,0,-0,0,-0,0,
0.179859,5.78705,3.37191,0.0672435,0,0,0,-0,0,-0,0,-0,0,-0,0,-0,0,-0,0,-0,0,-0,0,0,0,0,0,0,0,0,0,0,0,0,0,0,0,0,0,0,0,0,0,0,0,0,0,1,0,0,0,0,0,0,0,0,0,0,0,0,0,0,0,0,-0,0,-0,0,-0,0,-0,0,
0.179859,5.78704,3.37191,0.0672435,0,0,0,-0,0,-0,0,-0,0,-0,0,-0,0,-0,0,-0,0,-0,0,0,0,0,0,0,0,0,0,0,0,0,0,0,0,0,0,0,0,0,0,0,0,0,0,1,0,0,0,0,0,0,0,0,0,0,0,0,0,0,0,0,-0,0,-0,0,-0,0,-0,0,
0.179859,5.78704,3.37189,0.0672315,0,0,0,-0,0,-0,0,-0,0,-0,0,-0,0,-0,0,-0,0,-0,0,0,0,0,0,0,0,0,0,0,0,0,0,0,0,0,0,0,0,0,0,0,0,0,0,1,0,0,0,0,0,0,0,0,0,0,0,0,0,0,0,0,-0,0,-0,0,-0,0,-0,0,
0.179847,5.78704,3.37189,0.0672315,0,0,0,-0,0,-0,0,-0,0,-0,0,-0,0,-0,0,-0,0,-0,0,0,0,0,0,0,0,0,0,0,0,0,0,0,0,0,0,0,0,0,0,0,0,0,0,1,0,0,0,0,0,0,0,0,0,0,0,0,0,0,0,0,-0,0,-0,0,-0,0,-0,0,
0.179847,5.78704,3.37191,0.0672315,0,0,0,-0,0,-0,0,-0,0,-0,0,-0,0,-0,0,-0,0,-0,0,0,0,0,0,0,0,0,0,0,0,0,0,0,0,0,0,0,0,0,0,0,0,0,0,1,0,0,0,0,0,0,0,0,0,0,0,0,0,0,0,0,-0,0,-0,0,-0,0,-0,0,
0.179847,5.78704,3.37192,0.0672315,0,0,0,-0,0,-0,0,-0,0,-0,0,-0,0,-0,0,-0,0,-0,0,0,0,0,0,0,0,0,0,0,0,0,0,0,0,0,0,0,0,0,0,0,0,0,0,1,0,0,0,0,0,0,0,0,0,0,0,0,0,0,0,0,-0,0,-0,0,-0,0,-0,0,
0.179835,5.78705,3.37192,0.0672201,0,0,0,-0,0,-0,0,-0,0,-0,0,-0,0,-0,0,-0,0,-0,0,0,0,0,0,0,0,0,0,0,0,0,0,0,0,0,0,0,0,0,0,0,0,0,0,1,0,0,0,0,0,0,0,0,0,0,0,0,0,0,0,0,-0,0,-0,0,-0,0,-0,0,
0.179847,5.78704,3.37192,0.0672315,0,0,0,-0,0,-0,0,-0,0,-0,0,-0,0,-0,0,-0,0,-0,0,0,0,0,0,0,0,0,0,0,0,0,0,0,0,0,0,0,0,0,0,0,0,0,0,1,0,0,0,0,0,0,0,0,0,0,0,0,0,0,0,0,-0,0,-0,0,-0,0,-0,0,
0.179847,5.78703,3.37191,0.0672435,0,0,0,-0,0,-0,0,-0,0,-0,0,-0,0,-0,0,-0,0,-0,0,0,0,0,0,0,0,0,0,0,0,0,0,0,0,0,0,0,0,0,0,0,0,0,0,1,0,0,0,0,0,0,0,0,0,0,0,0,0,0,0,0,-0,0,-0,0,-0,0,-0,0,
0.179835,5.78703,3.37192,0.0672315,0,0,0,-0,0,-0,0,-0,0,-0,0,-0,0,-0,0,-0,0,-0,0,0,0,0,0,0,0,0,0,0,0,0,0,0,0,0,0,0,0,0,0,0,0,0,0,1,0,0,0,0,0,0,0,0,0,0,0,0,0,0,0,0,-0,0,-0,0,-0,0,-0,0,
0.179847,5.78704,3.37193,0.0672435,0,0,0,-0,0,-0,0,-0,0,-0,0,-0,0,-0,0,-0,0,-0,0,0,0,0,0,0,0,0,0,0,0,0,0,0,0,0,0,0,0,0,0,0,0,0,0,1,0,0,0,0,0,0,0,0,0,0,0,0,0,0,0,0,-0,0,-0,0,-0,0,-0,0,
0.179835,5.78704,3.37193,0.0672315,0,0,0,-0,0,-0,0,-0,0,-0,0,-0,0,-0,0,-0,0,-0,0,0,0,0,0,0,0,0,0,0,0,0,0,0,0,0,0,0,0,0,0,0,0,0,0,1,0,0,0,0,0,0,0,0,0,0,0,0,0,0,0,0,-0,0,-0,0,-0,0,-0,0,
0.179835,5.78704,3.37195,0.0672435,0,0,0,-0,0,-0,0,-0,0,-0,0,-0,0,-0,0,-0,0,-0,0,0,0,0,0,0,0,0,0,0,0,0,0,0,0,0,0,0,0,0,0,0,0,0,0,1,0,0,0,0,0,0,0,0,0,0,0,0,0,0,0,0,-0,0,-0,0,-0,0,-0,0,
0.179835,5.78704,3.37194,0.0672435,0,0,0,-0,0,-0,0,-0,0,-0,0,-0,0,-0,0,-0,0,-0,0,0,0,0,0,0,0,0,0,0,0,0,0,0,0,0,0,0,0,0,0,0,0,0,0,1,0,0,0,0,0,0,0,0,0,0,0,0,0,0,0,0,-0,0,-0,0,-0,0,-0,0,
0.179811,5.78705,3.37194,0.0672435,0,0,0,-0,0,-0,0,-0,0,-0,0,-0,0,-0,0,-0,0,-0,0,0,0,0,0,0,0,0,0,0,0,0,0,0,0,0,0,0,0,0,0,0,0,0,0,1,0,0,0,0,0,0,0,0,0,0,0,0,0,0,0,0,-0,0,-0,0,-0,0,-0,0,
0.179811,5.78704,3.37194,0.0672435,0,0,0,-0,0,-0,0,-0,0,-0,0,-0,0,-0,0,-0,0,-0,0,0,0,0,0,0,0,0,0,0,0,0,0,0,0,0,0,0,0,0,0,0,0,0,0,1,0,0,0,0,0,0,0,0,0,0,0,0,0,0,0,0,-0,0,-0,0,-0,0,-0,0,
0.179835,5.78703,3.37194,0.0672435,0,0,0,-0,0,-0,0,-0,0,-0,0,-0,0,-0,0,-0,0,-0,0,0,0,0,0,0,0,0,0,0,0,0,0,0,0,0,0,0,0,0,0,0,0,0,0,1,0,0,0,0,0,0,0,0,0,0,0,0,0,0,0,0,-0,0,-0,0,-0,0,-0,0,
0.179823,5.78704,3.37195,0.0672435,0,0,0,-0,0,-0,0,-0,0,-0,0,-0,0,-0,0,-0,0,-0,0,0,0,0,0,0,0,0,0,0,0,0,0,0,0,0,0,0,0,0,0,0,0,0,0,1,0,0,0,0,0,0,0,0,0,0,0,0,0,0,0,0,-0,0,-0,0,-0,0,-0,0,
0.179835,5.78704,3.37194,0.0672435,0,0,0,-0,0,-0,0,-0,0,-0,0,-0,0,-0,0,-0,0,-0,0,0,0,0,0,0,0,0,0,0,0,0,0,0,0,0,0,0,0,0,0,0,0,0,0,1,0,0,0,0,0,0,0,0,0,0,0,0,0,0,0,0,-0,0,-0,0,-0,0,-0,0,
0.179847,5.78703,3.37193,0.0672435,0,0,0,-0,0,-0,0,-0,0,-0,0,-0,0,-0,0,-0,0,-0,0,0,0,0,0,0,0,0,0,0,0,0,0,0,0,0,0,0,0,0,0,0,0,0,0,1,0,0,0,0,0,0,0,0,0,0,0,0,0,0,0,0,-0,0,-0,0,-0,0,-0,0,
0.179835,5.78704,3.37193,0.0672315,0,0,0,-0,0,-0,0,-0,0,-0,0,-0,0,-0,0,-0,0,-0,0,0,0,0,0,0,0,0,0,0,0,0,0,0,0,0,0,0,0,0,0,0,0,0,0,1,0,0,0,0,0,0,0,0,0,0,0,0,0,0,0,0,-0,0,-0,0,-0,0,-0,0,
0.179835,5.78705,3.37192,0.0672315,0,0,0,-0,0,-0,0,-0,0,-0,0,-0,0,-0,0,-0,0,-0,0,0,0,0,0,0,0,0,0,0,0,0,0,0,0,0,0,0,0,0,0,0,0,0,0,1,0,0,0,0,0,0,0,0,0,0,0,0,0,0,0,0,-0,0,-0,0,-0,0,-0,0,
0.179823,5.78705,3.37192,0.0672435,0,0,0,-0,0,-0,0,-0,0,-0,0,-0,0,-0,0,-0,0,-0,0,0,0,0,0,0,0,0,0,0,0,0,0,0,0,0,0,0,0,0,0,0,0,0,0,1,0,0,0,0,0,0,0,0,0,0,0,0,0,0,0,0,-0,0,-0,0,-0,0,-0,0,
0.179811,5.78704,3.37191,0.0672435,0,0,0,-0,0,-0,0,-0,0,-0,0,-0,0,-0,0,-0,0,-0,0,0,0,0,0,0,0,0,0,0,0,0,0,0,0,0,0,0,0,0,0,0,0,0,0,1,0,0,0,0,0,0,0,0,0,0,0,0,0,0,0,0,-0,0,-0,0,-0,0,-0,0,
0.179823,5.78704,3.37191,0.0672435,0,0,0,-0,0,-0,0,-0,0,-0,0,-0,0,-0,0,-0,0,-0,0,0,0,0,0,0,0,0,0,0,0,0,0,0,0,0,0,0,0,0,0,0,0,0,0,1,0,0,0,0,0,0,0,0,0,0,0,0,0,0,0,0,-0,0,-0,0,-0,0,-0,0,
0.179847,5.78704,3.37191,0.0672435,0,0,0,-0,0,-0,0,-0,0,-0,0,-0,0,-0,0,-0,0,-0,0,0,0,0,0,0,0,0,0,0,0,0,0,0,0,0,0,0,0,0,0,0,0,0,0,1,0,0,0,0,0,0,0,0,0,0,0,0,0,0,0,0,-0,0,-0,0,-0,0,-0,0,
0.179847,5.78704,3.37191,0.0672435,0,0,0,-0,0,-0,0,-0,0,-0,0,-0,0,-0,0,-0,0,-0,0,0,0,0,0,0,0,0,0,0,0,0,0,0,0,0,0,0,0,0,0,0,0,0,0,1,0,0,0,0,0,0,0,0,0,0,0,0,0,0,0,0,-0,0,-0,0,-0,0,-0,0,
0.179847,5.78703,3.37192,0.0672435,0,0,0,-0,0,-0,0,-0,0,-0,0,-0,0,-0,0,-0,0,-0,0,0,0,0,0,0,0,0,0,0,0,0,0,0,0,0,0,0,0,0,0,0,0,0,0,1,0,0,0,0,0,0,0,0,0,0,0,0,0,0,0,0,-0,0,-0,0,-0,0,-0,0,
0.179847,5.78703,3.37192,0.0672555,0,0,0,-0,0,-0,0,-0,0,-0,0,-0,0,-0,0,-0,0,-0,0,0,0,0,0,0,0,0,0,0,0,0,0,0,0,0,0,0,0,0,0,0,0,0,0,1,0,0,0,0,0,0,0,0,0,0,0,0,0,0,0,0,-0,0,-0,0,-0,0,-0,0,
0.179835,5.78703,3.37192,0.0672555,0,0,0,-0,0,-0,0,-0,0,-0,0,-0,0,-0,0,-0,0,-0,0,0,0,0,0,0,0,0,0,0,0,0,0,0,0,0,0,0,0,0,0,0,0,0,0,1,0,0,0,0,0,0,0,0,0,0,0,0,0,0,0,0,-0,0,-0,0,-0,0,-0,0,
0.179847,5.78703,3.37192,0.0672555,0,0,0,-0,0,-0,0,-0,0,-0,0,-0,0,-0,0,-0,0,-0,0,0,0,0,0,0,0,0,0,0,0,0,0,0,0,0,0,0,0,0,0,0,0,0,0,1,0,0,0,0,0,0,0,0,0,0,0,0,0,0,0,0,-0,0,-0,0,-0,0,-0,0,
0.179847,5.78705,3.37192,0.0672555,0,0,0,-0,0,-0,0,-0,0,-0,0,-0,0,-0,0,-0,0,-0,0,0,0,0,0,0,0,0,0,0,0,0,0,0,0,0,0,0,0,0,0,0,0,0,0,1,0,0,0,0,0,0,0,0,0,0,0,0,0,0,0,0,-0,0,-0,0,-0,0,-0,0,
0.179835,5.78705,3.37193,0.0672555,0,0,0,-0,0,-0,0,-0,0,-0,0,-0,0,-0,0,-0,0,-0,0,0,0,0,0,0,0,0,0,0,0,0,0,0,0,0,0,0,0,0,0,0,0,0,0,1,0,0,0,0,0,0,0,0,0,0,0,0,0,0,0,0,-0,0,-0,0,-0,0,-0,0,
0.179835,5.78704,3.37193,0.0672435,0,0,0,-0,0,-0,0,-0,0,-0,0,-0,0,-0,0,-0,0,-0,0,0,0,0,0,0,0,0,0,0,0,0,0,0,0,0,0,0,0,0,0,0,0,0,0,1,0,0,0,0,0,0,0,0,0,0,0,0,0,0,0,0,-0,0,-0,0,-0,0,-0,0,
0.179823,5.78704,3.37193,0.0672315,0,0,0,-0,0,-0,0,-0,0,-0,0,-0,0,-0,0,-0,0,-0,0,0,0,0,0,0,0,0,0,0,0,0,0,0,0,0,0,0,0,0,0,0,0,0,0,1,0,0,0,0,0,0,0,0,0,0,0,0,0,0,0,0,-0,0,-0,0,-0,0,-0,0,
0.179835,5.78703,3.37194,0.0672435,0,0,0,-0,0,-0,0,-0,0,-0,0,-0,0,-0,0,-0,0,-0,0,0,0,0,0,0,0,0,0,0,0,0,0,0,0,0,0,0,0,0,0,0,0,0,0,1,0,0,0,0,0,0,0,0,0,0,0,0,0,0,0,0,-0,0,-0,0,-0,0,-0,0,
0.179835,5.78703,3.37194,0.0672435,0,0,0,-0,0,-0,0,-0,0,-0,0,-0,0,-0,0,-0,0,-0,0,0,0,0,0,0,0,0,0,0,0,0,0,0,0,0,0,0,0,0,0,0,0,0,0,1,0,0,0,0,0,0,0,0,0,0,0,0,0,0,0,0,-0,0,-0,0,-0,0,-0,0,
0.179847,5.78704,3.37194,0.0672555,0,0,0,-0,0,-0,0,-0,0,-0,0,-0,0,-0,0,-0,0,-0,0,0,0,0,0,0,0,0,0,0,0,0,0,0,0,0,0,0,0,0,0,0,0,0,0,1,0,0,0,0,0,0,0,0,0,0,0,0,0,0,0,0,-0,0,-0,0,-0,0,-0,0,
0.179835,5.78703,3.37194,0.0672435,0,0,0,-0,0,-0,0,-0,0,-0,0,-0,0,-0,0,-0,0,-0,0,0,0,0,0,0,0,0,0,0,0,0,0,0,0,0,0,0,0,0,0,0,0,0,0,1,0,0,0,0,0,0,0,0,0,0,0,0,0,0,0,0,-0,0,-0,0,-0,0,-0,0,
0.179823,5.78703,3.37193,0.0672435,0,0,0,-0,0,-0,0,-0,0,-0,0,-0,0,-0,0,-0,0,-0,0,0,0,0,0,0,0,0,0,0,0,0,0,0,0,0,0,0,0,0,0,0,0,0,0,1,0,0,0,0,0,0,0,0,0,0,0,0,0,0,0,0,-0,0,-0,0,-0,0,-0,0,
0.179823,5.78704,3.37193,0.0672315,0,0,0,-0,0,-0,0,-0,0,-0,0,-0,0,-0,0,-0,0,-0,0,0,0,0,0,0,0,0,0,0,0,0,0,0,0,0,0,0,0,0,0,0,0,0,0,1,0,0,0,0,0,0,0,0,0,0,0,0,0,0,0,0,-0,0,-0,0,-0,0,-0,0,
0.179823,5.78705,3.37193,0.0672315,0,0,0,-0,0,-0,0,-0,0,-0,0,-0,0,-0,0,-0,0,-0,0,0,0,0,0,0,0,0,0,0,0,0,0,0,0,0,0,0,0,0,0,0,0,0,0,1,0,0,0,0,0,0,0,0,0,0,0,0,0,0,0,0,-0,0,-0,0,-0,0,-0,0,
0.179823,5.78704,3.37192,0.0672435,0,0,0,-0,0,-0,0,-0,0,-0,0,-0,0,-0,0,-0,0,-0,0,0,0,0,0,0,0,0,0,0,0,0,0,0,0,0,0,0,0,0,0,0,0,0,0,1,0,0,0,0,0,0,0,0,0,0,0,0,0,0,0,0,-0,0,-0,0,-0,0,-0,0,
0.179823,5.78703,3.37191,0.0672435,0,0,0,-0,0,-0,0,-0,0,-0,0,-0,0,-0,0,-0,0,-0,0,0,0,0,0,0,0,0,0,0,0,0,0,0,0,0,0,0,0,0,0,0,0,0,0,1,0,0,0,0,0,0,0,0,0,0,0,0,0,0,0,0,-0,0,-0,0,-0,0,-0,0,
0.179823,5.78703,3.37191,0.0672435,0,0,0,-0,0,-0,0,-0,0,-0,0,-0,0,-0,0,-0,0,-0,0,0,0,0,0,0,0,0,0,0,0,0,0,0,0,0,0,0,0,0,0,0,0,0,0,1,0,0,0,0,0,0,0,0,0,0,0,0,0,0,0,0,-0,0,-0,0,-0,0,-0,0,
0.179835,5.78703,3.37191,0.0672315,0,0,0,-0,0,-0,0,-0,0,-0,0,-0,0,-0,0,-0,0,-0,0,0,0,0,0,0,0,0,0,0,0,0,0,0,0,0,0,0,0,0,0,0,0,0,0,1,0,0,0,0,0,0,0,0,0,0,0,0,0,0,0,0,-0,0,-0,0,-0,0,-0,0,
0.179835,5.78703,3.37192,0.0672435,0,0,0,-0,0,-0,0,-0,0,-0,0,-0,0,-0,0,-0,0,-0,0,0,0,0,0,0,0,0,0,0,0,0,0,0,0,0,0,0,0,0,0,0,0,0,0,1,0,0,0,0,0,0,0,0,0,0,0,0,0,0,0,0,-0,0,-0,0,-0,0,-0,0,
0.179847,5.78701,3.37192,0.0672435,0,0,0,-0,0,-0,0,-0,0,-0,0,-0,0,-0,0,-0,0,-0,0,0,0,0,0,0,0,0,0,0,0,0,0,0,0,0,0,0,0,0,0,0,0,0,0,1,0,0,0,0,0,0,0,0,0,0,0,0,0,0,0,0,-0,0,-0,0,-0,0,-0,0,
0.179859,5.78703,3.37192,0.0672315,0,0,0,-0,0,-0,0,-0,0,-0,0,-0,0,-0,0,-0,0,-0,0,0,0,0,0,0,0,0,0,0,0,0,0,0,0,0,0,0,0,0,0,0,0,0,0,1,0,0,0,0,0,0,0,0,0,0,0,0,0,0,0,0,-0,0,-0,0,-0,0,-0,0,
0.179871,5.78703,3.37193,0.0672435,0,0,0,-0,0,-0,0,-0,0,-0,0,-0,0,-0,0,-0,0,-0,0,0,0,0,0,0,0,0,0,0,0,0,0,0,0,0,0,0,0,0,0,0,0,0,0,1,0,0,0,0,0,0,0,0,0,0,0,0,0,0,0,0,-0,0,-0,0,-0,0,-0,0,
0.179871,5.78703,3.37193,0.0672435,0,0,0,-0,0,-0,0,-0,0,-0,0,-0,0,-0,0,-0,0,-0,0,0,0,0,0,0,0,0,0,0,0,0,0,0,0,0,0,0,0,0,0,0,0,0,0,1,0,0,0,0,0,0,0,0,0,0,0,0,0,0,0,0,-0,0,-0,0,-0,0,-0,0,
0.179847,5.78704,3.37193,0.0672435,0,0,0,-0,0,-0,0,-0,0,-0,0,-0,0,-0,0,-0,0,-0,0,0,0,0,0,0,0,0,0,0,0,0,0,0,0,0,0,0,0,0,0,0,0,0,0,1,0,0,0,0,0,0,0,0,0,0,0,0,0,0,0,0,-0,0,-0,0,-0,0,-0,0,
0.179859,5.78703,3.37194,0.0672435,0,0,0,-0,0,-0,0,-0,0,-0,0,-0,0,-0,0,-0,0,-0,0,0,0,0,0,0,0,0,0,0,0,0,0,0,0,0,0,0,0,0,0,0,0,0,0,1,0,0,0,0,0,0,0,0,0,0,0,0,0,0,0,0,-0,0,-0,0,-0,0,-0,0,
0.179847,5.78703,3.37194,0.0672435,0,0,0,-0,0,-0,0,-0,0,-0,0,-0,0,-0,0,-0,0,-0,0,0,0,0,0,0,0,0,0,0,0,0,0,0,0,0,0,0,0,0,0,0,0,0,0,1,0,0,0,0,0,0,0,0,0,0,0,0,0,0,0,0,-0,0,-0,0,-0,0,-0,0,
0.179835,5.78703,3.37195,0.0672435,0,0,0,-0,0,-0,0,-0,0,-0,0,-0,0,-0,0,-0,0,-0,0,0,0,0,0,0,0,0,0,0,0,0,0,0,0,0,0,0,0,0,0,0,0,0,0,1,0,0,0,0,0,0,0,0,0,0,0,0,0,0,0,0,-0,0,-0,0,-0,0,-0,0,
0.179847,5.78703,3.37195,0.0672435,0,0,0,-0,0,-0,0,-0,0,-0,0,-0,0,-0,0,-0,0,-0,0,0,0,0,0,0,0,0,0,0,0,0,0,0,0,0,0,0,0,0,0,0,0,0,0,1,0,0,0,0,0,0,0,0,0,0,0,0,0,0,0,0,-0,0,-0,0,-0,0,-0,0,
0.179847,5.78703,3.37195,0.0672435,0,0,0,-0,0,-0,0,-0,0,-0,0,-0,0,-0,0,-0,0,-0,0,0,0,0,0,0,0,0,0,0,0,0,0,0,0,0,0,0,0,0,0,0,0,0,0,1,0,0,0,0,0,0,0,0,0,0,0,0,0,0,0,0,-0,0,-0,0,-0,0,-0,0,
0.179847,5.78701,3.37195,0.0672435,0,0,0,-0,0,-0,0,-0,0,-0,0,-0,0,-0,0,-0,0,-0,0,0,0,0,0,0,0,0,0,0,0,0,0,0,0,0,0,0,0,0,0,0,0,0,0,1,0,0,0,0,0,0,0,0,0,0,0,0,0,0,0,0,-0,0,-0,0,-0,0,-0,0,
0.179847,5.78701,3.37195,0.0672435,0,0,0,-0,0,-0,0,-0,0,-0,0,-0,0,-0,0,-0,0,-0,0,0,0,0,0,0,0,0,0,0,0,0,0,0,0,0,0,0,0,0,0,0,0,0,0,1,0,0,0,0,0,0,0,0,0,0,0,0,0,0,0,0,-0,0,-0,0,-0,0,-0,0,
0.179835,5.78701,3.37194,0.0672555,0,0,0,-0,0,-0,0,-0,0,-0,0,-0,0,-0,0,-0,0,-0,0,0,0,0,0,0,0,0,0,0,0,0,0,0,0,0,0,0,0,0,0,0,0,0,0,1,0,0,0,0,0,0,0,0,0,0,0,0,0,0,0,0,-0,0,-0,0,-0,0,-0,0,
0.179847,5.78703,3.37193,0.0672555,0,0,0,-0,0,-0,0,-0,0,-0,0,-0,0,-0,0,-0,0,-0,0,0,0,0,0,0,0,0,0,0,0,0,0,0,0,0,0,0,0,0,0,0,0,0,0,1,0,0,0,0,0,0,0,0,0,0,0,0,0,0,0,0,-0,0,-0,0,-0,0,-0,0,
0.179859,5.78704,3.37192,0.0672555,0,0,0,-0,0,-0,0,-0,0,-0,0,-0,0,-0,0,-0,0,-0,0,0,0,0,0,0,0,0,0,0,0,0,0,0,0,0,0,0,0,0,0,0,0,0,0,1,0,0,0,0,0,0,0,0,0,0,0,0,0,0,0,0,-0,0,-0,0,-0,0,-0,0,
0.179847,5.78704,3.37192,0.0672675,0,0,0,-0,0,-0,0,-0,0,-0,0,-0,0,-0,0,-0,0,-0,0,0,0,0,0,0,0,0,0,0,0,0,0,0,0,0,0,0,0,0,0,0,0,0,0,1,0,0,0,0,0,0,0,0,0,0,0,0,0,0,0,0,-0,0,-0,0,-0,0,-0,0,
0.179847,5.78705,3.37191,0.0672555,0,0,0,-0,0,-0,0,-0,0,-0,0,-0,0,-0,0,-0,0,-0,0,0,0,0,0,0,0,0,0,0,0,0,0,0,0,0,0,0,0,0,0,0,0,0,0,1,0,0,0,0,0,0,0,0,0,0,0,0,0,0,0,0,-0,0,-0,0,-0,0,-0,0,
0.179859,5.78705,3.37192,0.0672435,0,0,0,-0,0,-0,0,-0,0,-0,0,-0,0,-0,0,-0,0,-0,0,0,0,0,0,0,0,0,0,0,0,0,0,0,0,0,0,0,0,0,0,0,0,0,0,1,0,0,0,0,0,0,0,0,0,0,0,0,0,0,0,0,-0,0,-0,0,-0,0,-0,0,
0.179847,5.78704,3.37192,0.0672315,0,0,0,-0,0,-0,0,-0,0,-0,0,-0,0,-0,0,-0,0,-0,0,0,0,0,0,0,0,0,0,0,0,0,0,0,0,0,0,0,0,0,0,0,0,0,0,1,0,0,0,0,0,0,0,0,0,0,0,0,0,0,0,0,-0,0,-0,0,-0,0,-0,0,
0.179823,5.78703,3.37192,0.0672315,0,0,0,-0,0,-0,0,-0,0,-0,0,-0,0,-0,0,-0,0,-0,0,0,0,0,0,0,0,0,0,0,0,0,0,0,0,0,0,0,0,0,0,0,0,0,0,1,0,0,0,0,0,0,0,0,0,0,0,0,0,0,0,0,-0,0,-0,0,-0,0,-0,0,
0.179811,5.78701,3.37192,0.0672435,0,0,0,-0,0,-0,0,-0,0,-0,0,-0,0,-0,0,-0,0,-0,0,0,0,0,0,0,0,0,0,0,0,0,0,0,0,0,0,0,0,0,0,0,0,0,0,1,0,0,0,0,0,0,0,0,0,0,0,0,0,0,0,0,-0,0,-0,0,-0,0,-0,0,
0.179835,5.78703,3.37192,0.0672435,0,0,0,-0,0,-0,0,-0,0,-0,0,-0,0,-0,0,-0,0,-0,0,0,0,0,0,0,0,0,0,0,0,0,0,0,0,0,0,0,0,0,0,0,0,0,0,1,0,0,0,0,0,0,0,0,0,0,0,0,0,0,0,0,-0,0,-0,0,-0,0,-0,0,
0.179835,5.78701,3.37193,0.0672315,0,0,0,-0,0,-0,0,-0,0,-0,0,-0,0,-0,0,-0,0,-0,0,0,0,0,0,0,0,0,0,0,0,0,0,0,0,0,0,0,0,0,0,0,0,0,0,1,0,0,0,0,0,0,0,0,0,0,0,0,0,0,0,0,-0,0,-0,0,-0,0,-0,0,
0.179835,5.78703,3.37193,0.0672435,0,0,0,-0,0,-0,0,-0,0,-0,0,-0,0,-0,0,-0,0,-0,0,0,0,0,0,0,0,0,0,0,0,0,0,0,0,0,0,0,0,0,0,0,0,0,0,1,0,0,0,0,0,0,0,0,0,0,0,0,0,0,0,0,-0,0,-0,0,-0,0,-0,0,
0.179847,5.78703,3.37193,0.0672435,0,0,0,-0,0,-0,0,-0,0,-0,0,-0,0,-0,0,-0,0,-0,0,0,0,0,0,0,0,0,0,0,0,0,0,0,0,0,0,0,0,0,0,0,0,0,0,1,0,0,0,0,0,0,0,0,0,0,0,0,0,0,0,0,-0,0,-0,0,-0,0,-0,0,
0.179847,5.78703,3.37194,0.0672435,0,0,0,-0,0,-0,0,-0,0,-0,0,-0,0,-0,0,-0,0,-0,0,0,0,0,0,0,0,0,0,0,0,0,0,0,0,0,0,0,0,0,0,0,0,0,0,1,0,0,0,0,0,0,0,0,0,0,0,0,0,0,0,0,-0,0,-0,0,-0,0,-0,0,
0.179847,5.78703,3.37194,0.0672555,0,0,0,-0,0,-0,0,-0,0,-0,0,-0,0,-0,0,-0,0,-0,0,0,0,0,0,0,0,0,0,0,0,0,0,0,0,0,0,0,0,0,0,0,0,0,0,1,0,0,0,0,0,0,0,0,0,0,0,0,0,0,0,0,-0,0,-0,0,-0,0,-0,0,
0.179847,5.78701,3.37195,0.0672435,0,0,0,-0,0,-0,0,-0,0,-0,0,-0,0,-0,0,-0,0,-0,0,0,0,0,0,0,0,0,0,0,0,0,0,0,0,0,0,0,0,0,0,0,0,0,0,1,0,0,0,0,0,0,0,0,0,0,0,0,0,0,0,0,-0,0,-0,0,-0,0,-0,0,
0.179835,5.78703,3.37195,0.0672435,0,0,0,-0,0,-0,0,-0,0,-0,0,-0,0,-0,0,-0,0,-0,0,0,0,0,0,0,0,0,0,0,0,0,0,0,0,0,0,0,0,0,0,0,0,0,0,1,0,0,0,0,0,0,0,0,0,0,0,0,0,0,0,0,-0,0,-0,0,-0,0,-0,0,
0.179847,5.78703,3.37195,0.0672435,0,0,0,-0,0,-0,0,-0,0,-0,0,-0,0,-0,0,-0,0,-0,0,0,0,0,0,0,0,0,0,0,0,0,0,0,0,0,0,0,0,0,0,0,0,0,0,1,0,0,0,0,0,0,0,0,0,0,0,0,0,0,0,0,-0,0,-0,0,-0,0,-0,0,
0.179847,5.78704,3.37197,0.0672435,0,0,0,-0,0,-0,0,-0,0,-0,0,-0,0,-0,0,-0,0,-0,0,0,0,0,0,0,0,0,0,0,0,0,0,0,0,0,0,0,0,0,0,0,0,0,0,1,0,0,0,0,0,0,0,0,0,0,0,0,0,0,0,0,-0,0,-0,0,-0,0,-0,0,
0.179835,5.78703,3.37195,0.0672435,0,0,0,-0,0,-0,0,-0,0,-0,0,-0,0,-0,0,-0,0,-0,0,0,0,0,0,0,0,0,0,0,0,0,0,0,0,0,0,0,0,0,0,0,0,0,0,1,0,0,0,0,0,0,0,0,0,0,0,0,0,0,0,0,-0,0,-0,0,-0,0,-0,0,
0.179835,5.78703,3.37195,0.0672435,0,0,0,-0,0,-0,0,-0,0,-0,0,-0,0,-0,0,-0,0,-0,0,0,0,0,0,0,0,0,0,0,0,0,0,0,0,0,0,0,0,0,0,0,0,0,0,1,0,0,0,0,0,0,0,0,0,0,0,0,0,0,0,0,-0,0,-0,0,-0,0,-0,0,
0.179847,5.78703,3.37194,0.0672435,0,0,0,-0,0,-0,0,-0,0,-0,0,-0,0,-0,0,-0,0,-0,0,0,0,0,0,0,0,0,0,0,0,0,0,0,0,0,0,0,0,0,0,0,0,0,0,1,0,0,0,0,0,0,0,0,0,0,0,0,0,0,0,0,-0,0,-0,0,-0,0,-0,0,
0.179847,5.78703,3.37195,0.0672435,0,0,0,-0,0,-0,0,-0,0,-0,0,-0,0,-0,0,-0,0,-0,0,0,0,0,0,0,0,0,0,0,0,0,0,0,0,0,0,0,0,0,0,0,0,0,0,1,0,0,0,0,0,0,0,0,0,0,0,0,0,0,0,0,-0,0,-0,0,-0,0,-0,0,
0.179835,5.78703,3.37194,0.0672435,0,0,0,-0,0,-0,0,-0,0,-0,0,-0,0,-0,0,-0,0,-0,0,0,0,0,0,0,0,0,0,0,0,0,0,0,0,0,0,0,0,0,0,0,0,0,0,1,0,0,0,0,0,0,0,0,0,0,0,0,0,0,0,0,-0,0,-0,0,-0,0,-0,0,
0.179835,5.78704,3.37193,0.0672555,0,0,0,-0,0,-0,0,-0,0,-0,0,-0,0,-0,0,-0,0,-0,0,0,0,0,0,0,0,0,0,0,0,0,0,0,0,0,0,0,0,0,0,0,0,0,0,1,0,0,0,0,0,0,0,0,0,0,0,0,0,0,0,0,-0,0,-0,0,-0,0,-0,0,
0.179847,5.78706,3.37192,0.0672435,0,0,0,-0,0,-0,0,-0,0,-0,0,-0,0,-0,0,-0,0,-0,0,0,0,0,0,0,0,0,0,0,0,0,0,0,0,0,0,0,0,0,0,0,0,0,0,1,0,0,0,0,0,0,0,0,0,0,0,0,0,0,0,0,-0,0,-0,0,-0,0,-0,0,
0.179847,5.78705,3.37192,0.0672555,0,0,0,-0,0,-0,0,-0,0,-0,0,-0,0,-0,0,-0,0,-0,0,0,0,0,0,0,0,0,0,0,0,0,0,0,0,0,0,0,0,0,0,0,0,0,0,1,0,0,0,0,0,0,0,0,0,0,0,0,0,0,0,0,-0,0,-0,0,-0,0,-0,0,
0.179847,5.78705,3.37193,0.0672555,0,0,0,-0,0,-0,0,-0,0,-0,0,-0,0,-0,0,-0,0,-0,0,0,0,0,0,0,0,0,0,0,0,0,0,0,0,0,0,0,0,0,0,0,0,0,0,1,0,0,0,0,0,0,0,0,0,0,0,0,0,0,0,0,-0,0,-0,0,-0,0,-0,0,
0.179859,5.78704,3.37193,0.0672675,0,0,0,-0,0,-0,0,-0,0,-0,0,-0,0,-0,0,-0,0,-0,0,0,0,0,0,0,0,0,0,0,0,0,0,0,0,0,0,0,0,0,0,0,0,0,0,1,0,0,0,0,0,0,0,0,0,0,0,0,0,0,0,0,-0,0,-0,0,-0,0,-0,0,
0.179847,5.78703,3.37192,0.0672555,0,0,0,-0,0,-0,0,-0,0,-0,0,-0,0,-0,0,-0,0,-0,0,0,0,0,0,0,0,0,0,0,0,0,0,0,0,0,0,0,0,0,0,0,0,0,0,1,0,0,0,0,0,0,0,0,0,0,0,0,0,0,0,0,-0,0,-0,0,-0,0,-0,0,
0.179859,5.78703,3.37192,0.0672555,0,0,0,-0,0,-0,0,-0,0,-0,0,-0,0,-0,0,-0,0,-0,0,0,0,0,0,0,0,0,0,0,0,0,0,0,0,0,0,0,0,0,0,0,0,0,0,1,0,0,0,0,0,0,0,0,0,0,0,0,0,0,0,0,-0,0,-0,0,-0,0,-0,0,
0.179835,5.78704,3.37192,0.0672555,0,0,0,-0,0,-0,0,-0,0,-0,0,-0,0,-0,0,-0,0,-0,0,0,0,0,0,0,0,0,0,0,0,0,0,0,0,0,0,0,0,0,0,0,0,0,0,1,0,0,0,0,0,0,0,0,0,0,0,0,0,0,0,0,-0,0,-0,0,-0,0,-0,0,
0.179847,5.78704,3.37192,0.0672555,0,0,0,-0,0,-0,0,-0,0,-0,0,-0,0,-0,0,-0,0,-0,0,0,0,0,0,0,0,0,0,0,0,0,0,0,0,0,0,0,0,0,0,0,0,0,0,1,0,0,0,0,0,0,0,0,0,0,0,0,0,0,0,0,-0,0,-0,0,-0,0,-0,0,
0.179847,5.78704,3.37192,0.0672555,0,0,0,-0,0,-0,0,-0,0,-0,0,-0,0,-0,0,-0,0,-0,0,0,0,0,0,0,0,0,0,0,0,0,0,0,0,0,0,0,0,0,0,0,0,0,0,1,0,0,0,0,0,0,0,0,0,0,0,0,0,0,0,0,-0,0,-0,0,-0,0,-0,0,
0.179835,5.78703,3.37194,0.0672435,0,0,0,-0,0,-0,0,-0,0,-0,0,-0,0,-0,0,-0,0,-0,0,0,0,0,0,0,0,0,0,0,0,0,0,0,0,0,0,0,0,0,0,0,0,0,0,1,0,0,0,0,0,0,0,0,0,0,0,0,0,0,0,0,-0,0,-0,0,-0,0,-0,0,
0.179835,5.78703,3.37194,0.0672435,0,0,0,-0,0,-0,0,-0,0,-0,0,-0,0,-0,0,-0,0,-0,0,0,0,0,0,0,0,0,0,0,0,0,0,0,0,0,0,0,0,0,0,0,0,0,0,1,0,0,0,0,0,0,0,0,0,0,0,0,0,0,0,0,-0,0,-0,0,-0,0,-0,0,
0.179835,5.78704,3.37195,0.0672675,0,0,0,-0,0,-0,0,-0,0,-0,0,-0,0,-0,0,-0,0,-0,0,0,0,0,0,0,0,0,0,0,0,0,0,0,0,0,0,0,0,0,0,0,0,0,0,1,0,0,0,0,0,0,0,0,0,0,0,0,0,0,0,0,-0,0,-0,0,-0,0,-0,0,
0.179835,5.78705,3.37194,0.0672675,0,0,0,-0,0,-0,0,-0,0,-0,0,-0,0,-0,0,-0,0,-0,0,0,0,0,0,0,0,0,0,0,0,0,0,0,0,0,0,0,0,0,0,0,0,0,0,1,0,0,0,0,0,0,0,0,0,0,0,0,0,0,0,0,-0,0,-0,0,-0,0,-0,0,
0.179835,5.78704,3.37195,0.0672675,0,0,0,-0,0,-0,0,-0,0,-0,0,-0,0,-0,0,-0,0,-0,0,0,0,0,0,0,0,0,0,0,0,0,0,0,0,0,0,0,0,0,0,0,0,0,0,1,0,0,0,0,0,0,0,0,0,0,0,0,0,0,0,0,-0,0,-0,0,-0,0,-0,0,
0.179835,5.78705,3.37194,0.0672555,0,0,0,-0,0,-0,0,-0,0,-0,0,-0,0,-0,0,-0,0,-0,0,0,0,0,0,0,0,0,0,0,0,0,0,0,0,0,0,0,0,0,0,0,0,0,0,1,0,0,0,0,0,0,0,0,0,0,0,0,0,0,0,0,-0,0,-0,0,-0,0,-0,0,
0.179835,5.78704,3.37194,0.0672555,0,0,0,-0,0,-0,0,-0,0,-0,0,-0,0,-0,0,-0,0,-0,0,0,0,0,0,0,0,0,0,0,0,0,0,0,0,0,0,0,0,0,0,0,0,0,0,1,0,0,0,0,0,0,0,0,0,0,0,0,0,0,0,0,-0,0,-0,0,-0,0,-0,0,
0.179835,5.78704,3.37194,0.0672555,0,0,0,-0,0,-0,0,-0,0,-0,0,-0,0,-0,0,-0,0,-0,0,0,0,0,0,0,0,0,0,0,0,0,0,0,0,0,0,0,0,0,0,0,0,0,0,1,0,0,0,0,0,0,0,0,0,0,0,0,0,0,0,0,-0,0,-0,0,-0,0,-0,0,
0.179847,5.78704,3.37194,0.0672555,0,0,0,-0,0,-0,0,-0,0,-0,0,-0,0,-0,0,-0,0,-0,0,0,0,0,0,0,0,0,0,0,0,0,0,0,0,0,0,0,0,0,0,0,0,0,0,1,0,0,0,0,0,0,0,0,0,0,0,0,0,0,0,0,-0,0,-0,0,-0,0,-0,0,
0.179847,5.78704,3.37194,0.0672435,0,0,0,-0,0,-0,0,-0,0,-0,0,-0,0,-0,0,-0,0,-0,0,0,0,0,0,0,0,0,0,0,0,0,0,0,0,0,0,0,0,0,0,0,0,0,0,1,0,0,0,0,0,0,0,0,0,0,0,0,0,0,0,0,-0,0,-0,0,-0,0,-0,0,
0.179847,5.78704,3.37194,0.0672435,0,0,0,-0,0,-0,0,-0,0,-0,0,-0,0,-0,0,-0,0,-0,0,0,0,0,0,0,0,0,0,0,0,0,0,0,0,0,0,0,0,0,0,0,0,0,0,1,0,0,0,0,0,0,0,0,0,0,0,0,0,0,0,0,-0,0,-0,0,-0,0,-0,0,
0.179847,5.78705,3.37194,0.0672315,0,0,0,-0,0,-0,0,-0,0,-0,0,-0,0,-0,0,-0,0,-0,0,0,0,0,0,0,0,0,0,0,0,0,0,0,0,0,0,0,0,0,0,0,0,0,0,1,0,0,0,0,0,0,0,0,0,0,0,0,0,0,0,0,-0,0,-0,0,-0,0,-0,0,
0.179847,5.78704,3.37192,0.0672315,0,0,0,-0,0,-0,0,-0,0,-0,0,-0,0,-0,0,-0,0,-0,0,0,0,0,0,0,0,0,0,0,0,0,0,0,0,0,0,0,0,0,0,0,0,0,0,1,0,0,0,0,0,0,0,0,0,0,0,0,0,0,0,0,-0,0,-0,0,-0,0,-0,0,
0.179847,5.78704,3.37191,0.0672315,0,0,0,-0,0,-0,0,-0,0,-0,0,-0,0,-0,0,-0,0,-0,0,0,0,0,0,0,0,0,0,0,0,0,0,0,0,0,0,0,0,0,0,0,0,0,0,1,0,0,0,0,0,0,0,0,0,0,0,0,0,0,0,0,-0,0,-0,0,-0,0,-0,0,
0.179847,5.78704,3.37191,0.0672435,0,0,0,-0,0,-0,0,-0,0,-0,0,-0,0,-0,0,-0,0,-0,0,0,0,0,0,0,0,0,0,0,0,0,0,0,0,0,0,0,0,0,0,0,0,0,0,1,0,0,0,0,0,0,0,0,0,0,0,0,0,0,0,0,-0,0,-0,0,-0,0,-0,0,
0.179835,5.78704,3.37191,0.0672315,0,0,0,-0,0,-0,0,-0,0,-0,0,-0,0,-0,0,-0,0,-0,0,0,0,0,0,0,0,0,0,0,0,0,0,0,0,0,0,0,0,0,0,0,0,0,0,1,0,0,0,0,0,0,0,0,0,0,0,0,0,0,0,0,-0,0,-0,0,-0,0,-0,0,
0.179823,5.78704,3.37191,0.0672315,0,0,0,-0,0,-0,0,-0,0,-0,0,-0,0,-0,0,-0,0,-0,0,0,0,0,0,0,0,0,0,0,0,0,0,0,0,0,0,0,0,0,0,0,0,0,0,1,0,0,0,0,0,0,0,0,0,0,0,0,0,0,0,0,-0,0,-0,0,-0,0,-0,0,
0.179823,5.78701,3.37191,0.0672315,0,0,0,-0,0,-0,0,-0,0,-0,0,-0,0,-0,0,-0,0,-0,0,0,0,0,0,0,0,0,0,0,0,0,0,0,0,0,0,0,0,0,0,0,0,0,0,1,0,0,0,0,0,0,0,0,0,0,0,0,0,0,0,0,-0,0,-0,0,-0,0,-0,0,
0.179823,5.787,3.37192,0.0672195,0,0,0,-0,0,-0,0,-0,0,-0,0,-0,0,-0,0,-0,0,-0,0,0,0,0,0,0,0,0,0,0,0,0,0,0,0,0,0,0,0,0,0,0,0,0,0,1,0,0,0,0,0,0,0,0,0,0,0,0,0,0,0,0,-0,0,-0,0,-0,0,-0,0,
0.179823,5.787,3.37192,0.0672195,0,0,0,-0,0,-0,0,-0,0,-0,0,-0,0,-0,0,-0,0,-0,0,0,0,0,0,0,0,0,0,0,0,0,0,0,0,0,0,0,0,0,0,0,0,0,0,1,0,0,0,0,0,0,0,0,0,0,0,0,0,0,0,0,-0,0,-0,0,-0,0,-0,0,
0.179823,5.78701,3.37192,0.0672315,0,0,0,-0,0,-0,0,-0,0,-0,0,-0,0,-0,0,-0,0,-0,0,0,0,0,0,0,0,0,0,0,0,0,0,0,0,0,0,0,0,0,0,0,0,0,0,1,0,0,0,0,0,0,0,0,0,0,0,0,0,0,0,0,-0,0,-0,0,-0,0,-0,0,
0.179835,5.78701,3.37193,0.0672315,0,0,0,-0,0,-0,0,-0,0,-0,0,-0,0,-0,0,-0,0,-0,0,0,0,0,0,0,0,0,0,0,0,0,0,0,0,0,0,0,0,0,0,0,0,0,0,1,0,0,0,0,0,0,0,0,0,0,0,0,0,0,0,0,-0,0,-0,0,-0,0,-0,0,
0.179835,5.78703,3.37194,0.0672315,0,0,0,-0,0,-0,0,-0,0,-0,0,-0,0,-0,0,-0,0,-0,0,0,0,0,0,0,0,0,0,0,0,0,0,0,0,0,0,0,0,0,0,0,0,0,0,1,0,0,0,0,0,0,0,0,0,0,0,0,0,0,0,0,-0,0,-0,0,-0,0,-0,0,
0.179847,5.78701,3.37194,0.0672315,0,0,0,-0,0,-0,0,-0,0,-0,0,-0,0,-0,0,-0,0,-0,0,0,0,0,0,0,0,0,0,0,0,0,0,0,0,0,0,0,0,0,0,0,0,0,0,1,0,0,0,0,0,0,0,0,0,0,0,0,0,0,0,0,-0,0,-0,0,-0,0,-0,0,
0.179847,5.78703,3.37194,0.0672315,0,0,0,-0,0,-0,0,-0,0,-0,0,-0,0,-0,0,-0,0,-0,0,0,0,0,0,0,0,0,0,0,0,0,0,0,0,0,0,0,0,0,0,0,0,0,0,1,0,0,0,0,0,0,0,0,0,0,0,0,0,0,0,0,-0,0,-0,0,-0,0,-0,0,
0.179847,5.78703,3.37194,0.0672435,0,0,0,-0,0,-0,0,-0,0,-0,0,-0,0,-0,0,-0,0,-0,0,0,0,0,0,0,0,0,0,0,0,0,0,0,0,0,0,0,0,0,0,0,0,0,0,1,0,0,0,0,0,0,0,0,0,0,0,0,0,0,0,0,-0,0,-0,0,-0,0,-0,0,
0.179847,5.78703,3.37194,0.0672435,0,0,0,-0,0,-0,0,-0,0,-0,0,-0,0,-0,0,-0,0,-0,0,0,0,0,0,0,0,0,0,0,0,0,0,0,0,0,0,0,0,0,0,0,0,0,0,1,0,0,0,0,0,0,0,0,0,0,0,0,0,0,0,0,-0,0,-0,0,-0,0,-0,0,
0.179835,5.78703,3.37194,0.0672435,0,0,0,-0,0,-0,0,-0,0,-0,0,-0,0,-0,0,-0,0,-0,0,0,0,0,0,0,0,0,0,0,0,0,0,0,0,0,0,0,0,0,0,0,0,0,0,1,0,0,0,0,0,0,0,0,0,0,0,0,0,0,0,0,-0,0,-0,0,-0,0,-0,0,
0.179847,5.78703,3.37194,0.0672555,0,0,0,-0,0,-0,0,-0,0,-0,0,-0,0,-0,0,-0,0,-0,0,0,0,0,0,0,0,0,0,0,0,0,0,0,0,0,0,0,0,0,0,0,0,0,0,1,0,0,0,0,0,0,0,0,0,0,0,0,0,0,0,0,-0,0,-0,0,-0,0,-0,0,
0.179847,5.78703,3.37194,0.0672435,0,0,0,-0,0,-0,0,-0,0,-0,0,-0,0,-0,0,-0,0,-0,0,0,0,0,0,0,0,0,0,0,0,0,0,0,0,0,0,0,0,0,0,0,0,0,0,1,0,0,0,0,0,0,0,0,0,0,0,0,0,0,0,0,-0,0,-0,0,-0,0,-0,0,
0.179859,5.78703,3.37195,0.0672435,0,0,0,-0,0,-0,0,-0,0,-0,0,-0,0,-0,0,-0,0,-0,0,0,0,0,0,0,0,0,0,0,0,0,0,0,0,0,0,0,0,0,0,0,0,0,0,1,0,0,0,0,0,0,0,0,0,0,0,0,0,0,0,0,-0,0,-0,0,-0,0,-0,0,
0.179847,5.78703,3.37195,0.0672555,0,0,0,-0,0,-0,0,-0,0,-0,0,-0,0,-0,0,-0,0,-0,0,0,0,0,0,0,0,0,0,0,0,0,0,0,0,0,0,0,0,0,0,0,0,0,0,1,0,0,0,0,0,0,0,0,0,0,0,0,0,0,0,0,-0,0,-0,0,-0,0,-0,0,
0.179859,5.78703,3.37194,0.0672435,0,0,0,-0,0,-0,0,-0,0,-0,0,-0,0,-0,0,-0,0,-0,0,0,0,0,0,0,0,0,0,0,0,0,0,0,0,0,0,0,0,0,0,0,0,0,0,1,0,0,0,0,0,0,0,0,0,0,0,0,0,0,0,0,-0,0,-0,0,-0,0,-0,0,
0.179847,5.78703,3.37193,0.0672555,0,0,0,-0,0,-0,0,-0,0,-0,0,-0,0,-0,0,-0,0,-0,0,0,0,0,0,0,0,0,0,0,0,0,0,0,0,0,0,0,0,0,0,0,0,0,0,1,0,0,0,0,0,0,0,0,0,0,0,0,0,0,0,0,-0,0,-0,0,-0,0,-0,0,
0.179847,5.78705,3.37193,0.0672435,0,0,0,-0,0,-0,0,-0,0,-0,0,-0,0,-0,0,-0,0,-0,0,0,0,0,0,0,0,0,0,0,0,0,0,0,0,0,0,0,0,0,0,0,0,0,0,1,0,0,0,0,0,0,0,0,0,0,0,0,0,0,0,0,-0,0,-0,0,-0,0,-0,0,
0.179847,5.78704,3.37193,0.0672315,0,0,0,-0,0,-0,0,-0,0,-0,0,-0,0,-0,0,-0,0,-0,0,0,0,0,0,0,0,0,0,0,0,0,0,0,0,0,0,0,0,0,0,0,0,0,0,1,0,0,0,0,0,0,0,0,0,0,0,0,0,0,0,0,-0,0,-0,0,-0,0,-0,0,
0.179847,5.78703,3.37194,0.0672315,0,0,0,-0,0,-0,0,-0,0,-0,0,-0,0,-0,0,-0,0,-0,0,0,0,0,0,0,0,0,0,0,0,0,0,0,0,0,0,0,0,0,0,0,0,0,0,1,0,0,0,0,0,0,0,0,0,0,0,0,0,0,0,0,-0,0,-0,0,-0,0,-0,0,
0.179847,5.78703,3.37193,0.0672315,0,0,0,-0,0,-0,0,-0,0,-0,0,-0,0,-0,0,-0,0,-0,0,0,0,0,0,0,0,0,0,0,0,0,0,0,0,0,0,0,0,0,0,0,0,0,0,1,0,0,0,0,0,0,0,0,0,0,0,0,0,0,0,0,-0,0,-0,0,-0,0,-0,0,
0.179859,5.78701,3.37193,0.0672315,0,0,0,-0,0,-0,0,-0,0,-0,0,-0,0,-0,0,-0,0,-0,0,0,0,0,0,0,0,0,0,0,0,0,0,0,0,0,0,0,0,0,0,0,0,0,0,1,0,0,0,0,0,0,0,0,0,0,0,0,0,0,0,0,-0,0,-0,0,-0,0,-0,0,
0.179847,5.787,3.37193,0.0672195,0,0,0,-0,0,-0,0,-0,0,-0,0,-0,0,-0,0,-0,0,-0,0,0,0,0,0,0,0,0,0,0,0,0,0,0,0,0,0,0,0,0,0,0,0,0,0,1,0,0,0,0,0,0,0,0,0,0,0,0,0,0,0,0,-0,0,-0,0,-0,0,-0,0,
0.179847,5.78703,3.37192,0.0672195,0,0,0,-0,0,-0,0,-0,0,-0,0,-0,0,-0,0,-0,0,-0,0,0,0,0,0,0,0,0,0,0,0,0,0,0,0,0,0,0,0,0,0,0,0,0,0,1,0,0,0,0,0,0,0,0,0,0,0,0,0,0,0,0,-0,0,-0,0,-0,0,-0,0,
0.179847,5.78701,3.37191,0.0672195,0,0,0,-0,0,-0,0,-0,0,-0,0,-0,0,-0,0,-0,0,-0,0,0,0,0,0,0,0,0,0,0,0,0,0,0,0,0,0,0,0,0,0,0,0,0,0,1,0,0,0,0,0,0,0,0,0,0,0,0,0,0,0,0,-0,0,-0,0,-0,0,-0,0,
0.179847,5.78701,3.37193,0.0672315,0,0,0,-0,0,-0,0,-0,0,-0,0,-0,0,-0,0,-0,0,-0,0,0,0,0,0,0,0,0,0,0,0,0,0,0,0,0,0,0,0,0,0,0,0,0,0,1,0,0,0,0,0,0,0,0,0,0,0,0,0,0,0,0,-0,0,-0,0,-0,0,-0,0,
0.179847,5.78703,3.37193,0.0672075,0,0,0,-0,0,-0,0,-0,0,-0,0,-0,0,-0,0,-0,0,-0,0,0,0,0,0,0,0,0,0,0,0,0,0,0,0,0,0,0,0,0,0,0,0,0,0,1,0,0,0,0,0,0,0,0,0,0,0,0,0,0,0,0,-0,0,-0,0,-0,0,-0,0,
0.179847,5.78703,3.37194,0.0672315,0,0,0,-0,0,-0,0,-0,0,-0,0,-0,0,-0,0,-0,0,-0,0,0,0,0,0,0,0,0,0,0,0,0,0,0,0,0,0,0,0,0,0,0,0,0,0,1,0,0,0,0,0,0,0,0,0,0,0,0,0,0,0,0,-0,0,-0,0,-0,0,-0,0,
0.179847,5.78703,3.37194,0.0672315,0,0,0,-0,0,-0,0,-0,0,-0,0,-0,0,-0,0,-0,0,-0,0,0,0,0,0,0,0,0,0,0,0,0,0,0,0,0,0,0,0,0,0,0,0,0,0,1,0,0,0,0,0,0,0,0,0,0,0,0,0,0,0,0,-0,0,-0,0,-0,0,-0,0,
0.179847,5.78701,3.37194,0.0672195,0,0,0,-0,0,-0,0,-0,0,-0,0,-0,0,-0,0,-0,0,-0,0,0,0,0,0,0,0,0,0,0,0,0,0,0,0,0,0,0,0,0,0,0,0,0,0,1,0,0,0,0,0,0,0,0,0,0,0,0,0,0,0,0,-0,0,-0,0,-0,0,-0,0,
0.179835,5.78701,3.37194,0.0672315,0,0,0,-0,0,-0,0,-0,0,-0,0,-0,0,-0,0,-0,0,-0,0,0,0,0,0,0,0,0,0,0,0,0,0,0,0,0,0,0,0,0,0,0,0,0,0,1,0,0,0,0,0,0,0,0,0,0,0,0,0,0,0,0,-0,0,-0,0,-0,0,-0,0,
0.179835,5.78701,3.37194,0.0672195,0,0,0,-0,0,-0,0,-0,0,-0,0,-0,0,-0,0,-0,0,-0,0,0,0,0,0,0,0,0,0,0,0,0,0,0,0,0,0,0,0,0,0,0,0,0,0,1,0,0,0,0,0,0,0,0,0,0,0,0,0,0,0,0,-0,0,-0,0,-0,0,-0,0,
0.179847,5.78701,3.37193,0.0672195,0,0,0,-0,0,-0,0,-0,0,-0,0,-0,0,-0,0,-0,0,-0,0,0,0,0,0,0,0,0,0,0,0,0,0,0,0,0,0,0,0,0,0,0,0,0,0,1,0,0,0,0,0,0,0,0,0,0,0,0,0,0,0,0,-0,0,-0,0,-0,0,-0,0,
0.179835,5.78701,3.37193,0.0672195,0,0,0,-0,0,-0,0,-0,0,-0,0,-0,0,-0,0,-0,0,-0,0,0,0,0,0,0,0,0,0,0,0,0,0,0,0,0,0,0,0,0,0,0,0,0,0,1,0,0,0,0,0,0,0,0,0,0,0,0,0,0,0,0,-0,0,-0,0,-0,0,-0,0,
0.179835,5.78703,3.37194,0.0672075,0,0,0,-0,0,-0,0,-0,0,-0,0,-0,0,-0,0,-0,0,-0,0,0,0,0,0,0,0,0,0,0,0,0,0,0,0,0,0,0,0,0,0,0,0,0,0,1,0,0,0,0,0,0,0,0,0,0,0,0,0,0,0,0,-0,0,-0,0,-0,0,-0,0,
0.179835,5.78703,3.37194,0.0672195,0,0,0,-0,0,-0,0,-0,0,-0,0,-0,0,-0,0,-0,0,-0,0,0,0,0,0,0,0,0,0,0,0,0,0,0,0,0,0,0,0,0,0,0,0,0,0,1,0,0,0,0,0,0,0,0,0,0,0,0,0,0,0,0,-0,0,-0,0,-0,0,-0,0,
0.179835,5.78703,3.37193,0.0672195,0,0,0,-0,0,-0,0,-0,0,-0,0,-0,0,-0,0,-0,0,-0,0,0,0,0,0,0,0,0,0,0,0,0,0,0,0,0,0,0,0,0,0,0,0,0,0,1,0,0,0,0,0,0,0,0,0,0,0,0,0,0,0,0,-0,0,-0,0,-0,0,-0,0,
0.179847,5.78705,3.37193,0.0672195,0,0,0,-0,0,-0,0,-0,0,-0,0,-0,0,-0,0,-0,0,-0,0,0,0,0,0,0,0,0,0,0,0,0,0,0,0,0,0,0,0,0,0,0,0,0,0,1,0,0,0,0,0,0,0,0,0,0,0,0,0,0,0,0,-0,0,-0,0,-0,0,-0,0,
