dist_sp,kl_bl_base_dist,kr_bl_base_dist,kl_bl_base_f_mag,kr_bl_base_f_mag,kl_bl_base_f_dir_x,kl_bl_base_f_dir_y,kl_bl_base_f_dir_z,kr_bl_base_f_dir_x,kr_bl_base_f_dir_y,kr_bl_base_f_dir_z,kl_bl_base_f_at_base_x,kl_bl_base_f_at_base_y,kl_bl_base_f_at_base_mz,kr_bl_base_f_at_base_x,kr_bl_base_f_at_base_y,kr_bl_base_f_at_base_mz
0.6,0.733048,0.829514,39.9159,68.8568,-18.2222,-1.53595,0,-39.1129,0.0339778,0,37.0161,-14.7903,-0.311896,58.432,-36.356,11.1781,
0.6,0.733048,0.829514,39.918,68.8603,-18.2232,-1.53604,0,-39.1149,0.0339795,0,37.0181,-14.7911,-0.311912,58.435,-36.3578,11.1787,
0.6,0.733048,0.829514,39.9197,68.8631,-18.2239,-1.5361,0,-39.1165,0.0339809,0,37.0196,-14.7917,-0.311925,58.4374,-36.3593,11.1791,
0.6,0.733048,0.829514,39.9214,68.866,-18.2247,-1.53617,0,-39.1182,0.0339824,0,37.0212,-14.7923,-0.311938,58.4399,-36.3609,11.1796,
0.6,0.733048,0.829514,39.9236,68.8697,-18.2257,-1.53625,0,-39.1202,0.0340379,0,37.0233,-14.7932,-0.311956,58.443,-36.3628,11.1802,
0.6,0.733048,0.829514,39.9257,68.8735,-18.2267,-1.53633,0,-39.1224,0.0340397,0,37.0252,-14.7939,-0.311972,58.4462,-36.3648,11.1808,
0.6,0.733048,0.829514,39.9272,68.8761,-18.2274,-1.53638,0,-39.1239,0.0340362,0,37.0266,-14.7945,-0.311983,58.4484,-36.3662,11.1812,
0.6,0.733048,0.829514,39.9292,68.8796,-18.2283,-1.53646,0,-39.1259,0.0340379,0,37.0285,-14.7952,-0.311999,58.4514,-36.368,11.1818,
0.6,0.733048,0.829514,39.9311,68.8829,-18.2292,-1.53653,0,-39.1277,0.0340395,0,37.0302,-14.7959,-0.312014,58.4542,-36.3698,11.1823,
0.6,0.733048,0.829514,39.9327,68.8857,-18.2299,-1.5366,0,-39.1294,0.0340409,0,37.0318,-14.7966,-0.312027,58.4566,-36.3713,11.1828,
0.6,0.733048,0.829514,39.9347,68.889,-18.2308,-1.53667,0,-39.1312,0.0340426,0,37.0336,-14.7973,-0.312042,58.4594,-36.373,11.1833,
0.6,0.733048,0.829514,39.9366,68.8923,-18.2317,-1.53674,0,-39.1331,0.0340442,0,37.0353,-14.798,-0.312057,58.4622,-36.3747,11.1839,
0.6,0.733048,0.829514,39.9387,68.896,-18.2326,-1.53683,0,-39.1352,0.034046,0,37.0373,-14.7988,-0.312074,58.4653,-36.3767,11.1845,
0.6,0.733048,0.829514,39.9403,68.8988,-18.2334,-1.53689,0,-39.1368,0.0340474,0,37.0388,-14.7994,-0.312087,58.4677,-36.3782,11.1849,
0.6,0.733048,0.829514,39.9423,68.8964,-18.2343,-1.53697,0,-39.1355,0.0340435,0,37.0406,-14.8001,-0.312102,58.4657,-36.3769,11.1845,
0.6,0.733048,0.829514,39.9443,68.9056,-18.2352,-1.53704,0,-39.1407,0.0340481,0,37.0425,-14.8009,-0.312118,58.4735,-36.3818,11.186,
0.6,0.733048,0.829514,39.946,68.9062,-18.236,-1.53711,0,-39.1411,0.034038,0,37.0441,-14.8015,-0.312131,58.474,-36.3821,11.1861,
0.6,0.733048,0.829514,39.948,68.9119,-18.2369,-1.53718,0,-39.1443,0.0340408,0,37.0459,-14.8022,-0.312146,58.4788,-36.3851,11.1871,
0.6,0.733048,0.829514,39.951,68.9166,-18.2383,-1.5373,0,-39.147,0.0340383,0,37.0487,-14.8033,-0.31217,58.4828,-36.3875,11.1878,
0.6,0.733048,0.829514,39.9529,68.9204,-18.2391,-1.53737,0,-39.1492,0.0340402,0,37.0505,-14.804,-0.312185,58.4861,-36.3896,11.1884,
0.6,0.733048,0.829514,39.9545,68.9239,-18.2399,-1.53743,0,-39.1512,0.034042,0,37.052,-14.8046,-0.312197,58.4891,-36.3914,11.189,
0.6,0.733048,0.829514,39.9569,68.9276,-18.2409,-1.53752,0,-39.1532,0.0340384,0,37.0542,-14.8055,-0.312216,58.4922,-36.3934,11.1896,
0.6,0.733048,0.829514,39.9585,68.93,-18.2417,-1.53758,0,-39.1546,0.0340396,0,37.0556,-14.8061,-0.312228,58.4942,-36.3946,11.19,
0.6,0.733048,0.829514,39.9603,68.9331,-18.2425,-1.53765,0,-39.1564,0.0340412,0,37.0573,-14.8068,-0.312242,58.4968,-36.3963,11.1905,
0.6,0.733048,0.829514,39.962,68.9347,-18.2433,-1.53772,0,-39.1573,0.0340425,0,37.0589,-14.8074,-0.312255,58.4982,-36.3971,11.1908,
0.6,0.733048,0.829514,39.9639,68.9402,-18.2441,-1.53779,0,-39.1604,0.03405,0,37.0606,-14.8081,-0.31227,58.5028,-36.4,11.1916,
0.6,0.733048,0.829514,39.9659,68.9431,-18.245,-1.53787,0,-39.1621,0.0340461,0,37.0625,-14.8088,-0.312286,58.5053,-36.4015,11.1921,
0.6,0.733048,0.829514,39.9675,68.9456,-18.2458,-1.53793,0,-39.1635,0.0340474,0,37.064,-14.8094,-0.312299,58.5075,-36.4029,11.1925,
0.6,0.733048,0.829514,39.9695,68.9483,-18.2467,-1.53801,0,-39.165,0.0340438,0,37.0659,-14.8102,-0.312315,58.5097,-36.4043,11.193,
0.6,0.733048,0.829514,39.9711,68.9518,-18.2474,-1.53807,0,-39.167,0.0340456,0,37.0674,-14.8108,-0.312327,58.5127,-36.4061,11.1935,
0.6,0.733048,0.829514,39.9731,68.9553,-18.2483,-1.53814,0,-39.169,0.0340473,0,37.0692,-14.8115,-0.312343,58.5157,-36.4079,11.1941,
0.6,0.733048,0.829514,39.9752,68.9589,-18.2493,-1.53822,0,-39.171,0.034049,0,37.0711,-14.8123,-0.312359,58.5187,-36.4098,11.1947,
0.6,0.733048,0.829514,39.9772,68.9623,-18.2502,-1.5383,0,-39.1729,0.0340507,0,37.073,-14.813,-0.312375,58.5216,-36.4116,11.1952,
0.6,0.733048,0.829514,39.9793,68.9663,-18.2512,-1.53838,0,-39.1752,0.0340447,0,37.0749,-14.8138,-0.312391,58.525,-36.4138,11.1959,
0.6,0.733048,0.829514,39.9813,68.9693,-18.2521,-1.53846,0,-39.1769,0.0340462,0,37.0768,-14.8145,-0.312407,58.5276,-36.4154,11.1964,
0.6,0.733048,0.829514,39.9834,68.9726,-18.253,-1.53854,0,-39.1788,0.0340558,0,37.0787,-14.8153,-0.312423,58.5303,-36.4171,11.1969,
0.6,0.733048,0.829514,39.9851,68.9766,-18.2538,-1.5386,0,-39.1811,0.0340578,0,37.0803,-14.8159,-0.312436,58.5338,-36.4192,11.1976,
0.6,0.733048,0.829513,39.9872,68.973,-18.2548,-1.53868,0,-39.179,0.0340533,0,37.0823,-14.8167,-0.312453,58.5307,-36.4173,11.197,
0.6,0.733048,0.829513,39.9891,68.9826,-18.2557,-1.53875,0,-39.1845,0.0340458,0,37.0841,-14.8175,-0.312468,58.5389,-36.4224,11.1985,
0.6,0.733048,0.829513,39.9909,68.9858,-18.2564,-1.53882,0,-39.1864,0.0340474,0,37.0857,-14.8181,-0.312481,58.5416,-36.4241,11.1991,
0.6,0.733048,0.829513,39.9927,68.989,-18.2573,-1.53889,0,-39.1881,0.0340489,0,37.0874,-14.8188,-0.312496,58.5443,-36.4257,11.1996,
0.6,0.733048,0.829513,39.9948,68.9926,-18.2582,-1.53897,0,-39.1902,0.0340507,0,37.0893,-14.8195,-0.312512,58.5473,-36.4276,11.2001,
0.6,0.733048,0.829513,39.9969,68.9962,-18.2592,-1.53905,0,-39.1922,0.0340525,0,37.0912,-14.8203,-0.312528,58.5504,-36.4295,11.2007,
0.6,0.733048,0.829513,39.9988,68.9996,-18.2601,-1.53913,0,-39.1941,0.0340542,0,37.0931,-14.821,-0.312544,58.5533,-36.4313,11.2013,
0.6,0.733048,0.829513,40.0005,69.0029,-18.2609,-1.53919,0,-39.196,0.0340505,0,37.0946,-14.8217,-0.312558,58.5561,-36.4331,11.2018,
0.6,0.733048,0.829513,40.0025,69.0059,-18.2618,-1.53927,0,-39.1978,0.0340519,0,37.0965,-14.8224,-0.312573,58.5586,-36.4347,11.2023,
0.6,0.733048,0.829513,40.0045,69.009,-18.2627,-1.53934,0,-39.1995,0.0340588,0,37.0983,-14.8231,-0.312588,58.5613,-36.4363,11.2028,
0.6,0.733048,0.829513,40.0063,69.0125,-18.2635,-1.53942,0,-39.2015,0.0340606,0,37.1,-14.8238,-0.312603,58.5643,-36.4382,11.2034,
0.6,0.733048,0.829513,40.0086,69.0157,-18.2645,-1.5395,0,-39.2033,0.0340573,0,37.1021,-14.8247,-0.31262,58.5669,-36.4398,11.2039,
0.6,0.733048,0.829513,40.0106,69.0202,-18.2655,-1.53958,0,-39.2059,0.0340541,0,37.104,-14.8254,-0.312636,58.5707,-36.4422,11.2046,
0.6,0.733048,0.829513,40.0123,69.0228,-18.2662,-1.53964,0,-39.2073,0.0340554,0,37.1055,-14.826,-0.312649,58.573,-36.4436,11.205,
0.6,0.733048,0.829513,40.0137,69.0261,-18.2669,-1.53969,0,-39.2092,0.0340571,0,37.1069,-14.8266,-0.31266,58.5758,-36.4453,11.2056,
0.6,0.733048,0.829513,40.0158,69.0288,-18.2678,-1.53977,0,-39.2108,0.0340584,0,37.1088,-14.8273,-0.312676,58.5781,-36.4468,11.206,
0.6,0.733048,0.829513,40.0177,69.0319,-18.2687,-1.53985,0,-39.2125,0.0340653,0,37.1106,-14.828,-0.312692,58.5807,-36.4484,11.2065,
0.6,0.733048,0.829513,40.0199,69.0359,-18.2697,-1.53993,0,-39.2148,0.0340672,0,37.1126,-14.8288,-0.312709,58.5841,-36.4505,11.2072,
0.6,0.733048,0.829513,40.0215,69.0391,-18.2704,-1.53999,0,-39.2166,0.0340635,0,37.1141,-14.8294,-0.312721,58.5868,-36.4521,11.2077,
0.6,0.733048,0.829513,40.0234,69.0419,-18.2713,-1.54006,0,-39.2182,0.0340649,0,37.1158,-14.8301,-0.312736,58.5892,-36.4536,11.2081,
0.6,0.733048,0.829513,40.0254,69.0455,-18.2722,-1.54017,0,-39.2203,0.034064,0,37.1177,-14.8309,-0.312752,58.5923,-36.4556,11.2087,
0.6,0.733048,0.829513,40.0274,69.0482,-18.2731,-1.54024,0,-39.2218,0.0340066,0,37.1195,-14.8316,-0.312767,58.5945,-36.4569,11.2092,
0.6,0.733048,0.829513,40.0289,69.0513,-18.2738,-1.5403,0,-39.2235,0.0340108,0,37.121,-14.8322,-0.31278,58.5972,-36.4586,11.2097,
0.6,0.733048,0.829513,40.0311,69.0553,-18.2748,-1.54039,0,-39.2258,0.0340128,0,37.123,-14.833,-0.312797,58.6005,-36.4607,11.2103,
0.6,0.733048,0.829513,40.033,69.0587,-18.2757,-1.54046,0,-39.2278,0.0340118,0,37.1248,-14.8337,-0.312812,58.6035,-36.4625,11.2109,
0.6,0.733048,0.829513,40.0352,69.0625,-18.2767,-1.54054,0,-39.2299,0.0340083,0,37.1267,-14.8345,-0.312828,58.6067,-36.4645,11.2115,
0.6,0.733048,0.829513,40.0369,69.0653,-18.2775,-1.54061,0,-39.2315,0.0340097,0,37.1284,-14.8352,-0.312842,58.609,-36.466,11.2119,
0.6,0.733048,0.829513,40.0387,69.0683,-18.2783,-1.54068,0,-39.2332,0.0340112,0,37.13,-14.8358,-0.312856,58.6116,-36.4676,11.2124,
0.6,0.733048,0.829513,40.0406,69.0714,-18.2792,-1.54075,0,-39.235,0.0340181,0,37.1318,-14.8365,-0.312871,58.6142,-36.4692,11.2129,
0.6,0.733048,0.829513,40.0423,69.0746,-18.2799,-1.54082,0,-39.2368,0.0340197,0,37.1334,-14.8372,-0.312884,58.617,-36.4709,11.2135,
0.6,0.733048,0.829513,40.0441,69.0777,-18.2808,-1.54089,0,-39.2386,0.0340212,0,37.1351,-14.8378,-0.312899,58.6196,-36.4726,11.214,
0.6,0.733048,0.829513,40.0458,69.08,-18.2815,-1.54095,0,-39.2399,0.0340127,0,37.1366,-14.8384,-0.312911,58.6215,-36.4737,11.2143,
0.6,0.733048,0.829513,40.0476,69.0841,-18.2824,-1.54102,0,-39.2422,0.0340094,0,37.1383,-14.8391,-0.312926,58.625,-36.4759,11.215,
0.6,0.733048,0.829513,40.0491,69.0864,-18.283,-1.54106,0,-39.2435,0.0340105,0,37.1397,-14.8397,-0.312938,58.627,-36.4771,11.2154,
0.6,0.733048,0.829513,40.0508,69.0891,-18.2838,-1.54112,0,-39.245,0.0340119,0,37.1412,-14.8403,-0.31295,58.6293,-36.4786,11.2158,
0.6,0.733048,0.829513,40.0526,69.0923,-18.2846,-1.54119,0,-39.2468,0.0340134,0,37.1429,-14.8409,-0.312966,58.632,-36.4802,11.2163,
0.6,0.733048,0.829513,40.0546,69.0958,-18.2855,-1.54127,0,-39.2488,0.0340151,0,37.1448,-14.8417,-0.312982,58.6349,-36.4821,11.2169,
0.6,0.733048,0.829513,40.0567,69.0995,-18.2865,-1.54135,0,-39.2509,0.034017,0,37.1468,-14.8425,-0.312998,58.6381,-36.484,11.2175,
0.6,0.733048,0.829513,40.0589,69.1036,-18.2875,-1.54143,0,-39.2532,0.0340109,0,37.1487,-14.8433,-0.313015,58.6415,-36.4862,11.2182,
0.6,0.733048,0.829513,40.0604,69.1058,-18.2882,-1.54149,0,-39.2545,0.034012,0,37.1502,-14.8438,-0.313027,58.6434,-36.4874,11.2185,
0.6,0.733048,0.829513,40.0623,69.1089,-18.289,-1.54158,0,-39.2563,0.0340136,0,37.1519,-14.8445,-0.313041,58.6461,-36.489,11.219,
0.6,0.733048,0.829513,40.0639,69.1119,-18.2898,-1.54165,0,-39.2579,0.034015,0,37.1534,-14.8451,-0.313054,58.6486,-36.4906,11.2195,
0.6,0.733048,0.829513,40.0658,69.115,-18.2906,-1.54172,0,-39.2597,0.0340166,0,37.1551,-14.8458,-0.313069,58.6513,-36.4922,11.22,
0.6,0.733048,0.829513,40.0673,69.1178,-18.2913,-1.54176,0,-39.2613,0.0340179,0,37.1566,-14.8464,-0.313081,58.6536,-36.4937,11.2205,
0.6,0.733048,0.829513,40.0693,69.1203,-18.2922,-1.54183,0,-39.2627,0.0340143,0,37.1584,-14.8471,-0.313097,58.6557,-36.495,11.2209,
0.6,0.733048,0.829513,40.0712,69.1246,-18.2931,-1.54191,0,-39.2652,0.0340138,0,37.1602,-14.8479,-0.313112,58.6594,-36.4973,11.2216,
0.6,0.733048,0.829513,40.0729,69.1274,-18.2939,-1.54197,0,-39.2668,0.0340151,0,37.1618,-14.8485,-0.313125,58.6618,-36.4987,11.222,
0.6,0.733048,0.829513,40.0748,69.1306,-18.2948,-1.54204,0,-39.2686,0.0340167,0,37.1635,-14.8492,-0.31314,58.6645,-36.5005,11.2226,
0.6,0.733048,0.829513,40.0764,69.1333,-18.2955,-1.5421,0,-39.2701,0.0340181,0,37.165,-14.8498,-0.313152,58.6668,-36.5019,11.223,
0.6,0.733048,0.829513,40.0782,69.1363,-18.2963,-1.54217,0,-39.2718,0.0340222,0,37.1667,-14.8504,-0.313167,58.6693,-36.5035,11.2235,
0.6,0.733048,0.829513,40.08,69.1395,-18.2971,-1.54224,0,-39.2737,0.0340238,0,37.1683,-14.8511,-0.31318,58.6721,-36.5052,11.224,
0.6,0.733048,0.829513,40.0818,69.1427,-18.298,-1.54231,0,-39.2755,0.0340253,0,37.17,-14.8518,-0.313195,58.6747,-36.5068,11.2245,
0.6,0.733048,0.829513,40.0834,69.1464,-18.2987,-1.54237,0,-39.2775,0.0340245,0,37.1715,-14.8524,-0.313207,58.6779,-36.5088,11.2251,
0.6,0.733048,0.829513,40.0855,69.149,-18.2996,-1.54245,0,-39.2791,0.0340258,0,37.1734,-14.8531,-0.313223,58.6801,-36.5102,11.2255,
0.6,0.733048,0.829513,40.0874,69.1523,-18.3005,-1.54252,0,-39.2809,0.0340274,0,37.1752,-14.8538,-0.313238,58.6829,-36.5119,11.2261,
0.6,0.733048,0.829513,40.089,69.1552,-18.3013,-1.54258,0,-39.2825,0.0340288,0,37.1767,-14.8544,-0.313251,58.6853,-36.5134,11.2265,
0.6,0.733048,0.829513,40.0909,69.1583,-18.3021,-1.54266,0,-39.2843,0.034033,0,37.1785,-14.8552,-0.313266,58.688,-36.5151,11.227,
0.6,0.733048,0.829513,40.0925,69.1612,-18.3029,-1.54272,0,-39.286,0.0340345,0,37.1799,-14.8557,-0.313279,58.6905,-36.5166,11.2275,
0.6,0.733048,0.829513,40.0944,69.1645,-18.3037,-1.54279,0,-39.2879,0.0340334,0,37.1816,-14.8564,-0.313293,58.6933,-36.5184,11.2281,
0.6,0.733048,0.829513,40.096,69.1672,-18.3044,-1.54285,0,-39.2894,0.0340347,0,37.1832,-14.857,-0.313306,58.6955,-36.5198,11.2285,
0.6,0.733048,0.829513,40.0978,69.1703,-18.3053,-1.54292,0,-39.2912,0.0340363,0,37.1849,-14.8577,-0.31332,58.6982,-36.5214,11.229,
0.6,0.733048,0.829513,40.0998,69.1738,-18.3062,-1.543,0,-39.2931,0.034038,0,37.1867,-14.8584,-0.313336,58.7011,-36.5232,11.2296,
0.6,0.733048,0.829513,40.1016,69.1767,-18.307,-1.54307,0,-39.2948,0.0340421,0,37.1884,-14.8591,-0.31335,58.7036,-36.5248,11.23,
0.6,0.733048,0.829513,40.1035,69.1795,-18.3079,-1.54314,0,-39.2964,0.0340365,0,37.1901,-14.8598,-0.313365,58.706,-36.5262,11.2305,
0.6,0.733048,0.829513,40.105,69.1827,-18.3085,-1.5432,0,-39.2982,0.0340381,0,37.1915,-14.8604,-0.313377,58.7087,-36.5279,11.231,
0.6,0.733048,0.829513,40.1065,69.1853,-18.3092,-1.54326,0,-39.2997,0.0340394,0,37.1929,-14.8609,-0.313388,58.7109,-36.5293,11.2314,
0.6,0.733048,0.829513,40.1084,69.1886,-18.3101,-1.54333,0,-39.3015,0.034041,0,37.1947,-14.8616,-0.313403,58.7137,-36.531,11.232,
0.6,0.733048,0.829513,40.1106,69.1923,-18.3111,-1.54341,0,-39.3036,0.0340455,0,37.1967,-14.8624,-0.31342,58.7168,-36.533,11.2326,
0.6,0.733048,0.829513,40.1122,69.1952,-18.3118,-1.54348,0,-39.3053,0.0340469,0,37.1982,-14.863,-0.313433,58.7193,-36.5345,11.233,
0.6,0.733048,0.829513,40.114,69.1983,-18.3127,-1.54355,0,-39.307,0.0340485,0,37.1999,-14.8637,-0.313447,58.7219,-36.5361,11.2335,
0.6,0.733048,0.829513,40.116,69.2019,-18.3136,-1.54362,0,-39.3091,0.0340475,0,37.2017,-14.8644,-0.313463,58.725,-36.538,11.2341,
0.6,0.733048,0.829513,40.1176,69.2045,-18.3143,-1.54369,0,-39.3106,0.0340488,0,37.2032,-14.865,-0.313475,58.7272,-36.5394,11.2345,
0.6,0.733048,0.829513,40.1195,69.2077,-18.3151,-1.54376,0,-39.3124,0.0340504,0,37.2049,-14.8657,-0.31349,58.7299,-36.5411,11.2351,
0.6,0.733048,0.829513,40.1211,69.2104,-18.3159,-1.54382,0,-39.314,0.0340518,0,37.2064,-14.8663,-0.313502,58.7322,-36.5426,11.2355,
0.6,0.733048,0.829513,40.123,69.2136,-18.3168,-1.54389,0,-39.3158,0.034056,0,37.2082,-14.867,-0.313517,58.7349,-36.5442,11.236,
0.6,0.733048,0.829513,40.1246,69.2166,-18.3175,-1.54396,0,-39.3175,0.0340575,0,37.2097,-14.8676,-0.31353,58.7375,-36.5458,11.2365,
0.6,0.733048,0.829513,40.1265,69.22,-18.3184,-1.54403,0,-39.3194,0.0340565,0,37.2115,-14.8683,-0.313545,58.7403,-36.5476,11.237,
0.6,0.733048,0.829513,40.1282,69.2228,-18.3191,-1.54409,0,-39.321,0.0340578,0,37.2131,-14.869,-0.313558,58.7427,-36.5491,11.2375,
0.6,0.733048,0.829513,40.1299,69.2257,-18.3199,-1.54416,0,-39.3226,0.0340593,0,37.2146,-14.8696,-0.313571,58.7452,-36.5506,11.238,
0.6,0.733048,0.829513,40.1315,69.2283,-18.3207,-1.54422,0,-39.3241,0.0340632,0,37.2161,-14.8702,-0.313584,58.7474,-36.552,11.2384,
0.6,0.733048,0.829513,40.1334,69.2318,-18.3215,-1.54429,0,-39.3261,0.0340649,0,37.2179,-14.8709,-0.313599,58.7504,-36.5538,11.239,
0.6,0.733048,0.829513,40.135,69.2344,-18.3222,-1.54435,0,-39.3276,0.0340662,0,37.2193,-14.8715,-0.313611,58.7526,-36.5552,11.2394,
0.6,0.733048,0.829513,40.1369,69.2378,-18.3231,-1.54443,0,-39.3295,0.0340652,0,37.2211,-14.8722,-0.313626,58.7555,-36.557,11.2399,
0.6,0.733048,0.829513,40.1386,69.2408,-18.3239,-1.54449,0,-39.3312,0.0340667,0,37.2227,-14.8728,-0.31364,58.758,-36.5586,11.2404,
0.6,0.733048,0.829513,40.1399,69.2439,-18.3245,-1.54454,0,-39.3329,0.0340682,0,37.2239,-14.8733,-0.31365,58.7606,-36.5602,11.2409,
0.6,0.733048,0.829513,40.1421,69.2468,-18.3255,-1.54462,0,-39.3346,0.0340696,0,37.2259,-14.8741,-0.313667,58.7631,-36.5618,11.2414,
0.6,0.733048,0.829513,40.1439,69.2498,-18.3263,-1.54469,0,-39.3363,0.0340738,0,37.2276,-14.8748,-0.313681,58.7656,-36.5633,11.2419,
0.6,0.733048,0.829513,40.1455,69.2528,-18.327,-1.54475,0,-39.338,0.0340726,0,37.2291,-14.8754,-0.313693,58.7682,-36.5649,11.2424,
0.6,0.733048,0.829513,40.1473,69.2558,-18.3279,-1.54482,0,-39.3397,0.0340741,0,37.2308,-14.8761,-0.313708,58.7707,-36.5665,11.2429,
0.6,0.733048,0.829513,40.1495,69.2586,-18.3288,-1.5449,0,-39.3413,0.0340706,0,37.2327,-14.8768,-0.313724,58.7732,-36.568,11.2433,
0.6,0.733048,0.829513,40.151,69.2621,-18.3295,-1.54496,0,-39.3433,0.0340723,0,37.2342,-14.8774,-0.313736,58.7761,-36.5698,11.2439,
0.6,0.733048,0.829513,40.153,69.2654,-18.3304,-1.54504,0,-39.3452,0.034074,0,37.236,-14.8781,-0.313751,58.7789,-36.5716,11.2444,
0.6,0.733048,0.829513,40.1545,69.2679,-18.3312,-1.5451,0,-39.3466,0.0341292,0,37.2374,-14.8787,-0.313764,58.781,-36.5729,11.2448,
0.6,0.733048,0.829513,40.1565,69.2714,-18.3321,-1.54517,0,-39.3486,0.0341336,0,37.2393,-14.8795,-0.313779,58.784,-36.5748,11.2454,
0.6,0.733048,0.829513,40.158,69.2743,-18.3327,-1.54523,0,-39.3502,0.0341323,0,37.2406,-14.88,-0.313791,58.7864,-36.5763,11.2459,
0.6,0.733048,0.829513,40.1602,69.2782,-18.3337,-1.54532,0,-39.3524,0.0341289,0,37.2427,-14.8808,-0.313808,58.7897,-36.5783,11.2465,
0.6,0.733048,0.829513,40.1621,69.2813,-18.3346,-1.54539,0,-39.3542,0.0341304,0,37.2445,-14.8815,-0.313823,58.7924,-36.58,11.247,
0.6,0.733048,0.829513,40.164,69.2842,-18.3355,-1.54546,0,-39.3559,0.0341372,0,37.2462,-14.8822,-0.313838,58.7948,-36.5815,11.2475,
0.6,0.733048,0.829513,40.1659,69.2878,-18.3364,-1.54554,0,-39.3579,0.034139,0,37.248,-14.8829,-0.313853,58.7979,-36.5834,11.2481,
0.6,0.733048,0.829513,40.1677,69.2909,-18.3372,-1.54561,0,-39.3597,0.0341405,0,37.2497,-14.8836,-0.313867,58.8005,-36.585,11.2486,
0.6,0.733048,0.829513,40.1693,69.2936,-18.3379,-1.54567,0,-39.3612,0.0341418,0,37.2511,-14.8842,-0.313879,58.8028,-36.5865,11.249,
0.6,0.733048,0.829513,40.1712,69.2969,-18.3388,-1.54574,0,-39.3631,0.0341435,0,37.2529,-14.8849,-0.313894,58.8056,-36.5882,11.2495,
0.6,0.733048,0.829513,40.1723,69.2929,-18.3393,-1.54577,0,-39.3608,0.0341387,0,37.2539,-14.8853,-0.313902,58.8022,-36.5861,11.2489,
0.6,0.733048,0.829513,40.1746,69.3027,-18.3403,-1.54586,0,-39.3664,0.0341436,0,37.2561,-14.8862,-0.31392,58.8106,-36.5913,11.2505,
0.6,0.733048,0.829513,40.1761,69.3054,-18.341,-1.54592,0,-39.3679,0.0341449,0,37.2575,-14.8867,-0.313932,58.8128,-36.5927,11.2509,
0.6,0.733048,0.829513,40.1781,69.3087,-18.3419,-1.546,0,-39.3698,0.0341465,0,37.2593,-14.8874,-0.313948,58.8156,-36.5944,11.2514,
0.6,0.733048,0.829513,40.1796,69.3114,-18.3426,-1.54606,0,-39.3713,0.0341479,0,37.2607,-14.888,-0.31396,58.8179,-36.5959,11.2519,
0.6,0.733048,0.829513,40.1817,69.3152,-18.3436,-1.54614,0,-39.3735,0.0341444,0,37.2626,-14.8888,-0.313976,58.8212,-36.5979,11.2525,
0.6,0.733048,0.829513,40.1832,69.3171,-18.3442,-1.54619,0,-39.3746,0.0341507,0,37.264,-14.8893,-0.313988,58.8228,-36.5989,11.2528,
0.6,0.733048,0.829513,40.185,69.3206,-18.3451,-1.54626,0,-39.3766,0.0341524,0,37.2657,-14.89,-0.314002,58.8258,-36.6007,11.2534,
0.6,0.733048,0.829513,40.1867,69.3237,-18.3459,-1.54633,0,-39.3783,0.0341539,0,37.2673,-14.8906,-0.314015,58.8283,-36.6023,11.2539,
0.6,0.733048,0.829513,40.1887,69.3262,-18.3468,-1.54641,0,-39.3798,0.0341503,0,37.2691,-14.8914,-0.314031,58.8305,-36.6037,11.2543,
0.6,0.733048,0.829513,40.1906,69.3307,-18.3476,-1.54648,0,-39.3823,0.0341471,0,37.2709,-14.8921,-0.314046,58.8343,-36.606,11.255,
0.6,0.733048,0.829513,40.1923,69.3332,-18.3484,-1.54654,0,-39.3837,0.0341484,0,37.2725,-14.8927,-0.314059,58.8365,-36.6074,11.2554,
0.6,0.733048,0.829513,40.1941,69.3361,-18.3492,-1.54662,0,-39.3854,0.0341552,0,37.2742,-14.8934,-0.314073,58.8389,-36.6089,11.2559,
0.6,0.733048,0.829513,40.1958,69.3393,-18.35,-1.54668,0,-39.3872,0.0341567,0,37.2757,-14.894,-0.314086,58.8416,-36.6106,11.2564,
0.6,0.733048,0.829513,40.1977,69.3426,-18.3509,-1.54675,0,-39.389,0.0341583,0,37.2775,-14.8947,-0.314101,58.8444,-36.6123,11.2569,
0.6,0.733048,0.829513,40.2027,69.3461,-18.3532,-1.54695,0,-39.3911,0.0341601,0,37.2822,-14.8966,-0.314141,58.8474,-36.6142,11.2575,
0.6,0.733048,0.829513,40.2019,69.35,-18.3528,-1.54691,0,-39.3933,0.0341566,0,37.2813,-14.8962,-0.314134,58.8507,-36.6162,11.2582,
0.6,0.733048,0.829513,40.2042,69.3537,-18.3538,-1.547,0,-39.3954,0.0341585,0,37.2835,-14.8971,-0.314153,58.8538,-36.6182,11.2588,
0.6,0.733048,0.829513,40.206,69.3569,-18.3547,-1.54708,0,-39.3972,0.0341601,0,37.2852,-14.8978,-0.314167,58.8566,-36.6199,11.2593,
0.6,0.733048,0.829513,40.2077,69.3594,-18.3554,-1.54714,0,-39.3986,0.0341666,0,37.2867,-14.8984,-0.31418,58.8587,-36.6212,11.2597,
0.6,0.733048,0.829513,40.2095,69.363,-18.3563,-1.54721,0,-39.4006,0.0341684,0,37.2885,-14.8991,-0.314195,58.8617,-36.6231,11.2603,
0.6,0.733048,0.829513,40.2112,69.3658,-18.357,-1.54727,0,-39.4022,0.0341698,0,37.29,-14.8997,-0.314207,58.8641,-36.6246,11.2607,
0.6,0.733048,0.829513,40.213,69.3692,-18.3579,-1.54734,0,-39.4042,0.0341661,0,37.2917,-14.9004,-0.314222,58.867,-36.6264,11.2613,
0.6,0.733048,0.829513,40.2146,69.3717,-18.3586,-1.5474,0,-39.4056,0.0341673,0,37.2931,-14.901,-0.314234,58.8691,-36.6277,11.2617,
0.6,0.733048,0.829513,40.2165,69.374,-18.3594,-1.54748,0,-39.4069,0.0341636,0,37.2949,-14.9017,-0.314249,58.8711,-36.6289,11.2621,
0.6,0.733048,0.829513,40.218,69.3773,-18.3602,-1.54754,0,-39.4088,0.0341706,0,37.2963,-14.9022,-0.314261,58.8738,-36.6306,11.2626,
0.6,0.733048,0.829513,40.22,69.381,-18.3611,-1.54761,0,-39.4109,0.0341724,0,37.2982,-14.903,-0.314277,58.877,-36.6326,11.2632,
0.6,0.733048,0.829513,40.2216,69.3837,-18.3618,-1.54767,0,-39.4124,0.0341738,0,37.2996,-14.9035,-0.31429,58.8793,-36.634,11.2636,
0.6,0.733048,0.829513,40.2234,69.3872,-18.3626,-1.54774,0,-39.4144,0.0341701,0,37.3013,-14.9042,-0.314304,58.8823,-36.6359,11.2642,
0.6,0.733048,0.829513,40.225,69.3901,-18.3634,-1.54781,0,-39.416,0.0341661,0,37.3028,-14.9048,-0.314317,58.8847,-36.6374,11.2647,
0.6,0.733048,0.829513,40.2271,69.3932,-18.3643,-1.54788,0,-39.4178,0.0341677,0,37.3047,-14.9056,-0.314333,58.8874,-36.639,11.2652,
0.6,0.733048,0.829513,40.2293,69.3968,-18.3653,-1.54797,0,-39.4199,0.0341749,0,37.3068,-14.9064,-0.31435,58.8905,-36.6409,11.2658,
0.6,0.733048,0.829513,40.2308,69.4005,-18.366,-1.54802,0,-39.4219,0.0341766,0,37.3082,-14.907,-0.314361,58.8935,-36.6429,11.2663,
0.6,0.733048,0.829513,40.2334,69.4041,-18.3672,-1.54812,0,-39.424,0.0341784,0,37.3106,-14.9079,-0.314381,58.8966,-36.6448,11.2669,
0.6,0.733048,0.829513,40.2353,69.4069,-18.368,-1.54819,0,-39.4256,0.0341696,0,37.3124,-14.9086,-0.314397,58.899,-36.6462,11.2674,
0.6,0.733048,0.829513,40.2369,69.4102,-18.3688,-1.54826,0,-39.4275,0.0341712,0,37.3138,-14.9092,-0.31441,58.9018,-36.648,11.2679,
0.6,0.733048,0.829513,40.2387,69.4135,-18.3696,-1.54832,0,-39.4293,0.0341187,0,37.3155,-14.9099,-0.314423,58.9046,-36.6497,11.2685,
0.6,0.733048,0.829513,40.2404,69.4168,-18.3704,-1.54839,0,-39.4312,0.0341306,0,37.3171,-14.9105,-0.314437,58.9074,-36.6515,11.269,
0.6,0.733048,0.829513,40.2419,69.4178,-18.3711,-1.54845,0,-39.4318,0.0341262,0,37.3185,-14.9111,-0.314449,58.9083,-36.652,11.2692,
0.6,0.733048,0.829513,40.2437,69.4219,-18.3719,-1.54852,0,-39.4341,0.0341282,0,37.3202,-14.9118,-0.314463,58.9118,-36.6542,11.2698,
0.6,0.733048,0.829513,40.2452,69.4249,-18.3726,-1.54858,0,-39.4358,0.0341243,0,37.3216,-14.9123,-0.314476,58.9143,-36.6558,11.2703,
0.6,0.733048,0.829513,40.2472,69.428,-18.3735,-1.54865,0,-39.4376,0.0341258,0,37.3234,-14.9131,-0.314491,58.9169,-36.6574,11.2708,
0.6,0.733048,0.829513,40.2487,69.4305,-18.3742,-1.54871,0,-39.439,0.0341271,0,37.3248,-14.9136,-0.314503,58.9191,-36.6587,11.2712,
0.6,0.733048,0.829513,40.2508,69.4341,-18.3751,-1.54879,0,-39.4411,0.0341288,0,37.3267,-14.9144,-0.314519,58.9221,-36.6606,11.2718,
0.6,0.733048,0.829513,40.2527,69.4374,-18.376,-1.54886,0,-39.4429,0.0341305,0,37.3285,-14.9151,-0.314534,58.9249,-36.6624,11.2723,
0.6,0.733048,0.829513,40.2544,69.4403,-18.3768,-1.54893,0,-39.4446,0.0341319,0,37.33,-14.9157,-0.314547,58.9274,-36.6639,11.2728,
0.6,0.733048,0.829513,40.2562,69.4435,-18.3776,-1.549,0,-39.4464,0.0341335,0,37.3318,-14.9164,-0.314562,58.9301,-36.6656,11.2733,
0.6,0.733048,0.829513,40.2578,69.4462,-18.3783,-1.54906,0,-39.4479,0.0341348,0,37.3332,-14.917,-0.314574,58.9324,-36.667,11.2738,
0.6,0.733048,0.829513,40.2597,69.4497,-18.3792,-1.54913,0,-39.4499,0.0341338,0,37.335,-14.9177,-0.314589,58.9353,-36.6688,11.2743,
0.6,0.733048,0.829513,40.2619,69.4533,-18.3802,-1.54922,0,-39.452,0.0341356,0,37.3371,-14.9185,-0.314607,58.9384,-36.6708,11.2749,
0.6,0.733048,0.829513,40.2638,69.4556,-18.381,-1.54929,0,-39.4533,0.0341351,0,37.3388,-14.9192,-0.314621,58.9403,-36.6719,11.2753,
0.6,0.733048,0.829513,40.2655,69.4603,-18.3818,-1.54936,0,-39.456,0.0341417,0,37.3404,-14.9198,-0.314635,58.9443,-36.6744,11.2761,
0.6,0.733048,0.829513,40.2674,69.4627,-18.3827,-1.54943,0,-39.4573,0.0341429,0,37.3421,-14.9205,-0.314649,58.9464,-36.6757,11.2765,
0.6,0.733048,0.829513,40.2694,69.4657,-18.3836,-1.54951,0,-39.459,0.0341374,0,37.344,-14.9213,-0.314665,58.9489,-36.6773,11.2769,
0.6,0.733048,0.829513,40.2711,69.4691,-18.3844,-1.54957,0,-39.4609,0.0341391,0,37.3455,-14.9219,-0.314678,58.9518,-36.679,11.2775,
0.6,0.733048,0.829513,40.2726,69.4718,-18.3851,-1.54963,0,-39.4625,0.0341404,0,37.347,-14.9225,-0.31469,58.9541,-36.6805,11.2779,
0.6,0.733048,0.829513,40.2745,69.4748,-18.3859,-1.5497,0,-39.4642,0.0341446,0,37.3487,-14.9231,-0.314705,58.9567,-36.6821,11.2784,
0.6,0.733048,0.829513,40.2765,69.4785,-18.3869,-1.54978,0,-39.4663,0.0341464,0,37.3506,-14.9239,-0.314721,58.9597,-36.684,11.279,
0.6,0.733048,0.829513,40.2784,69.482,-18.3877,-1.54985,0,-39.4683,0.0341454,0,37.3524,-14.9246,-0.314736,58.9627,-36.6859,11.2796,
0.6,0.733048,0.829513,40.2802,69.4848,-18.3885,-1.54992,0,-39.4699,0.0341468,0,37.354,-14.9253,-0.31475,58.9651,-36.6874,11.28,
0.6,0.733048,0.829513,40.282,69.4883,-18.3894,-1.54999,0,-39.4719,0.0341432,0,37.3557,-14.9259,-0.314764,58.9681,-36.6892,11.2806,
0.6,0.733048,0.829513,40.2837,69.4904,-18.3901,-1.55005,0,-39.4731,0.0341496,0,37.3572,-14.9265,-0.314777,58.9699,-36.6903,11.2809,
0.6,0.733048,0.829513,40.2855,69.4941,-18.391,-1.55013,0,-39.4751,0.0341514,0,37.3589,-14.9272,-0.314792,58.973,-36.6922,11.2815,
0.6,0.733048,0.829513,40.2872,69.4969,-18.3917,-1.55019,0,-39.4767,0.0341528,0,37.3605,-14.9279,-0.314805,58.9754,-36.6938,11.282,
0.6,0.733048,0.829513,40.2891,69.5002,-18.3926,-1.55027,0,-39.4786,0.0341544,0,37.3623,-14.9286,-0.31482,58.9782,-36.6955,11.2825,
0.6,0.733048,0.829513,40.2912,69.5041,-18.3935,-1.55034,0,-39.4808,0.0341509,0,37.3642,-14.9293,-0.314836,58.9815,-36.6975,11.2832,
0.6,0.733048,0.829513,40.2928,69.5065,-18.3943,-1.55041,0,-39.4822,0.0341521,0,37.3656,-14.9299,-0.314848,58.9835,-36.6988,11.2836,
0.6,0.733048,0.829513,40.2947,69.5096,-18.3952,-1.55048,0,-39.4839,0.034159,0,37.3675,-14.9306,-0.314864,58.9862,-36.7004,11.2841,
0.6,0.733048,0.829513,40.2968,69.5135,-18.3961,-1.55056,0,-39.4861,0.0341609,0,37.3694,-14.9314,-0.31488,58.9894,-36.7025,11.2847,
0.6,0.733048,0.829513,40.2985,69.5164,-18.3969,-1.55063,0,-39.4878,0.0341623,0,37.371,-14.932,-0.314893,58.992,-36.7041,11.2852,
0.6,0.733048,0.829513,40.3003,69.5195,-18.3977,-1.55069,0,-39.4895,0.0341638,0,37.3726,-14.9327,-0.314907,58.9945,-36.7057,11.2857,
0.6,0.733048,0.829513,40.3019,69.5227,-18.3985,-1.55076,0,-39.4914,0.0341601,0,37.3742,-14.9333,-0.31492,58.9973,-36.7074,11.2862,
0.6,0.733048,0.829513,40.3037,69.525,-18.3993,-1.55083,0,-39.4927,0.0341482,0,37.3758,-14.934,-0.314934,58.9993,-36.7086,11.2866,
0.6,0.733048,0.829513,40.3058,69.5286,-18.4002,-1.55091,0,-39.4948,0.0341581,0,37.3778,-14.9348,-0.31495,59.0023,-36.7105,11.2871,
0.6,0.733048,0.829513,40.3074,69.5314,-18.401,-1.55097,0,-39.4963,0.0341648,0,37.3792,-14.9353,-0.314963,59.0046,-36.7119,11.2876,
0.6,0.733048,0.829513,40.3093,69.5371,-18.4018,-1.55104,0,-39.4995,0.034178,0,37.381,-14.936,-0.314978,59.0095,-36.715,11.2885,
0.6,0.733048,0.829513,40.3108,69.5377,-18.4025,-1.5511,0,-39.4999,0.0341783,0,37.3824,-14.9366,-0.314989,59.01,-36.7153,11.2886,
0.6,0.733048,0.829513,40.3128,69.5414,-18.4034,-1.55118,0,-39.502,0.0341748,0,37.3842,-14.9373,-0.315005,59.0132,-36.7172,11.2892,
0.6,0.733048,0.829513,40.3144,69.5444,-18.4042,-1.55124,0,-39.5037,0.0341682,0,37.3857,-14.9379,-0.315017,59.0157,-36.7188,11.2897,
0.6,0.733048,0.829513,40.3162,69.547,-18.405,-1.55131,0,-39.5052,0.0341694,0,37.3874,-14.9386,-0.315032,59.0179,-36.7202,11.2901,
0.6,0.733048,0.829513,40.3178,69.5492,-18.4057,-1.55137,0,-39.5064,0.0341786,0,37.3889,-14.9392,-0.315044,59.0197,-36.7213,11.2905,
0.6,0.733048,0.829513,40.3197,69.5535,-18.4066,-1.55143,0,-39.5088,0.0341861,0,37.3906,-14.9399,-0.315058,59.0234,-36.7236,11.2912,
0.6,0.733048,0.829513,40.3218,69.5567,-18.4076,-1.55152,0,-39.5107,0.0341877,0,37.3926,-14.9407,-0.315075,59.0261,-36.7253,11.2917,
0.6,0.733048,0.829513,40.3235,69.5595,-18.4083,-1.55158,0,-39.5122,0.034189,0,37.3941,-14.9413,-0.315088,59.0285,-36.7268,11.2922,
0.6,0.733048,0.829513,40.3254,69.5631,-18.4092,-1.55165,0,-39.5143,0.0341854,0,37.3959,-14.942,-0.315103,59.0316,-36.7287,11.2927,
0.6,0.733048,0.829513,40.3274,69.5667,-18.4101,-1.55173,0,-39.5163,0.0341791,0,37.3978,-14.9427,-0.315118,59.0346,-36.7306,11.2933,
0.6,0.733048,0.829513,40.3295,69.5695,-18.411,-1.55181,0,-39.5179,0.0341886,0,37.3997,-14.9435,-0.315135,59.037,-36.7321,11.2938,
0.6,0.733048,0.829513,40.3312,69.5724,-18.4118,-1.55188,0,-39.5196,0.0341954,0,37.4013,-14.9441,-0.315148,59.0395,-36.7336,11.2943,
0.6,0.733048,0.829513,40.333,69.5759,-18.4126,-1.55195,0,-39.5216,0.0341971,0,37.4029,-14.9448,-0.315163,59.0425,-36.7355,11.2948,
0.6,0.733048,0.829513,40.3353,69.5781,-18.4137,-1.55203,0,-39.5229,0.0341878,0,37.405,-14.9457,-0.31518,59.0443,-36.7366,11.2952,
0.6,0.733048,0.829513,40.3372,69.5835,-18.4146,-1.55211,0,-39.5259,0.0341851,0,37.4069,-14.9464,-0.315196,59.0489,-36.7395,11.2961,
0.6,0.733048,0.829513,40.3394,69.5869,-18.4156,-1.55219,0,-39.5279,0.0341867,0,37.4089,-14.9472,-0.315213,59.0518,-36.7413,11.2966,
0.6,0.733048,0.829513,40.3409,69.5896,-18.4163,-1.55225,0,-39.5294,0.034188,0,37.4103,-14.9478,-0.315225,59.0541,-36.7427,11.297,
0.6,0.733048,0.829513,40.3429,69.5926,-18.4171,-1.55233,0,-39.5311,0.0341949,0,37.4121,-14.9485,-0.31524,59.0566,-36.7443,11.2975,
0.6,0.733048,0.829513,40.3449,69.5965,-18.4181,-1.55241,0,-39.5333,0.0341968,0,37.414,-14.9492,-0.315256,59.0599,-36.7463,11.2982,
0.6,0.733048,0.829513,40.3465,69.5992,-18.4188,-1.55247,0,-39.5349,0.0341982,0,37.4155,-14.9498,-0.315268,59.0622,-36.7478,11.2986,
0.6,0.733048,0.829513,40.3483,69.6018,-18.4196,-1.55254,0,-39.5363,0.0341892,0,37.4172,-14.9505,-0.315283,59.0644,-36.7491,11.299,
0.6,0.733048,0.829513,40.3499,69.6051,-18.4204,-1.5526,0,-39.5382,0.0341908,0,37.4186,-14.9511,-0.315295,59.0672,-36.7508,11.2996,
0.6,0.733048,0.829513,40.3519,69.6035,-18.4213,-1.55268,0,-39.5373,0.0341975,0,37.4205,-14.9518,-0.315311,59.0659,-36.75,11.2993,
0.6,0.733048,0.829513,40.3534,69.6111,-18.422,-1.55273,0,-39.5416,0.0342012,0,37.4219,-14.9524,-0.315322,59.0723,-36.754,11.3005,
0.6,0.733048,0.829513,40.3553,69.6143,-18.4228,-1.5528,0,-39.5435,0.0342028,0,37.4236,-14.9531,-0.315337,59.0751,-36.7557,11.3011,
0.6,0.733048,0.829513,40.3569,69.616,-18.4235,-1.55286,0,-39.5444,0.0341988,0,37.4251,-14.9537,-0.315349,59.0765,-36.7566,11.3013,
0.6,0.733048,0.829513,40.3588,69.6206,-18.4244,-1.55294,0,-39.5471,0.0341956,0,37.4269,-14.9544,-0.315364,59.0804,-36.759,11.3021,
0.6,0.733048,0.829513,40.3604,69.6231,-18.4251,-1.553,0,-39.5485,0.0341969,0,37.4283,-14.955,-0.315377,59.0825,-36.7603,11.3025,
0.6,0.733048,0.829513,40.362,69.6255,-18.4259,-1.55306,0,-39.5498,0.0342034,0,37.4298,-14.9555,-0.31539,59.0845,-36.7616,11.3029,
0.6,0.733048,0.829513,40.3638,69.6289,-18.4267,-1.55313,0,-39.5518,0.0342051,0,37.4315,-14.9562,-0.315404,59.0874,-36.7634,11.3034,
0.6,0.733048,0.829513,40.3658,69.6325,-18.4276,-1.55321,0,-39.5538,0.0342069,0,37.4334,-14.957,-0.31542,59.0905,-36.7653,11.304,
0.6,0.733048,0.829513,40.3679,69.6361,-18.4286,-1.55329,0,-39.5558,0.0342086,0,37.4353,-14.9578,-0.315436,59.0935,-36.7672,11.3046,
0.6,0.733048,0.829513,40.37,69.6399,-18.4295,-1.55337,0,-39.558,0.0342051,0,37.4372,-14.9585,-0.315452,59.0968,-36.7692,11.3052,
0.6,0.733048,0.829513,40.3717,69.6426,-18.4303,-1.55343,0,-39.5595,0.0342064,0,37.4388,-14.9591,-0.315465,59.099,-36.7706,11.3056,
0.6,0.733048,0.829513,40.373,69.6454,-18.4309,-1.55348,0,-39.5611,0.0342132,0,37.44,-14.9596,-0.315475,59.1014,-36.7721,11.3061,
0.6,0.733048,0.829513,40.375,69.6483,-18.4318,-1.55356,0,-39.5628,0.0342146,0,37.4419,-14.9604,-0.315491,59.1039,-36.7737,11.3066,
