pivot_1,pivot_2,pivot_3,pivot_4,platform_force_x,platform_force_y,platform_force_z,tau_c_1,tau_c_2,tau_c_3,tau_c_4,tau_c_5,tau_c_6,tau_c_7,tau_c_8,x_platform_x,x_platform_y,x_platform_qz,xd_platform_x,xd_platform_y,xd_platform_qz
3.07397,3.17475,3.12114,3.01075,16.9775,-10.0788,1.67267,1,-1,1,-1,1,-1,1,-1,-1.06644e-07,-1.704e-08,-2.38218e-07,-5.33218e-05,-8.52001e-06,-0.000119109,
3.07397,3.17475,3.12114,3.01075,16.9789,-10.0797,1.67281,1,-1,1,-1,1,-1,1,-1,-1.60006e-07,-2.55665e-08,-3.57418e-07,-5.33218e-05,-8.52001e-06,-0.000119109,
3.07397,3.17475,3.12114,3.01075,16.9803,-10.0805,1.67295,1,-1,1,-1,1,-1,1,-1,-2.13372e-07,-3.40935e-08,-4.76626e-07,-5.33218e-05,-8.52001e-06,-0.000119109,
3.07397,3.17475,3.12114,3.01075,16.9818,-10.0814,1.67309,1,-1,1,-1,1,-1,1,-1,-2.66753e-07,-4.2623e-08,-5.95867e-07,-5.33218e-05,-8.52001e-06,-0.000119109,
3.07397,3.17475,3.12114,3.01075,16.9832,-10.0822,1.67323,1,-1,1,-1,1,-1,1,-1,-3.20082e-07,-5.1144e-08,-7.14991e-07,-5.33218e-05,-8.52001e-06,-0.000119109,
3.07397,3.17475,3.12114,3.01075,16.9846,-10.0831,1.67337,1,-1,1,-1,1,-1,1,-1,-3.7347e-07,-5.96747e-08,-8.34249e-07,-5.33218e-05,-8.52001e-06,-0.000119109,
3.07397,3.17475,3.12114,3.01075,16.986,-10.0839,1.67351,1,-1,1,-1,1,-1,1,-1,-4.26795e-07,-6.81951e-08,-9.53366e-07,-5.33218e-05,-8.52001e-06,-0.000119109,
3.07397,3.17475,3.12114,3.01075,16.9875,-10.0848,1.67365,1,-1,1,-1,1,-1,1,-1,-4.80154e-07,-7.6721e-08,-1.07256e-06,-5.33218e-05,-8.52001e-06,-0.000119109,
3.07397,3.17475,3.12114,3.01075,16.9889,-10.0856,1.67379,1,-1,1,-1,1,-1,1,-1,-5.33494e-07,-8.52439e-08,-1.19171e-06,-5.33218e-05,-8.52001e-06,-0.000119109,
3.07397,3.17475,3.12114,3.01075,16.9903,-10.0865,1.67393,1,-1,1,-1,1,-1,1,-1,-5.86827e-07,-9.37655e-08,-1.31084e-06,-5.33218e-05,-8.52001e-06,-0.000119109,
3.07397,3.17475,3.12114,3.01075,16.9918,-10.0873,1.67407,1,-1,1,-1,1,-1,1,-1,-6.40159e-07,-1.02287e-07,-1.42997e-06,-5.33218e-05,-8.52001e-06,-0.000119109,
3.07397,3.17475,3.12114,3.01075,16.9932,-10.0882,1.67422,1,-1,1,-1,1,-1,1,-1,-6.93552e-07,-1.10818e-07,-1.54924e-06,-5.33218e-05,-8.52001e-06,-0.000119109,
3.07397,3.17475,3.12114,3.01075,16.9946,-10.089,1.67436,1,-1,1,-1,1,-1,1,-1,-7.46932e-07,-1.19348e-07,-1.66848e-06,-5.33218e-05,-8.52001e-06,-0.000119109,
3.07397,3.17475,3.12114,3.01075,16.9961,-10.0899,1.6745,1,-1,1,-1,1,-1,1,-1,-8.00314e-07,-1.27877e-07,-1.78772e-06,-5.33218e-05,-8.52001e-06,-0.000119109,
3.07397,3.17475,3.12114,3.01075,16.9975,-10.0907,1.67464,1,-1,1,-1,1,-1,1,-1,-8.53676e-07,-1.36403e-07,-1.90692e-06,-5.33218e-05,-8.52001e-06,-0.000119109,
3.07397,3.17475,3.12114,3.01075,16.9989,-10.0915,1.67478,1,-1,1,-1,1,-1,1,-1,-9.07008e-07,-1.44925e-07,-2.02605e-06,-5.33218e-05,-8.52001e-06,-0.000119109,
3.07397,3.17475,3.12114,3.01075,17.0003,-10.0924,1.67492,1,-1,1,-1,1,-1,1,-1,-9.60337e-07,-1.53446e-07,-2.14518e-06,-5.33218e-05,-8.52001e-06,-0.000119109,
3.07397,3.17475,3.12114,3.01075,17.0018,-10.0932,1.67506,1,-1,1,-1,1,-1,1,-1,-1.01372e-06,-1.61975e-07,-2.26442e-06,-5.33218e-05,-8.52001e-06,-0.000119109,
3.07397,3.17475,3.12114,3.01075,17.0032,-10.0941,1.6752,1,-1,1,-1,1,-1,1,-1,-1.06705e-06,-1.70498e-07,-2.38356e-06,-5.33218e-05,-8.52001e-06,-0.000119109,
3.07397,3.17475,3.12114,3.01075,17.0046,-10.0949,1.67534,1,-1,1,-1,1,-1,1,-1,-1.12039e-06,-1.79019e-07,-2.50269e-06,-5.33218e-05,-8.52001e-06,-0.000119109,
3.07397,3.17475,3.12114,3.01075,17.0061,-10.0958,1.67548,1,-1,1,-1,1,-1,1,-1,-1.17374e-06,-1.87544e-07,-2.62187e-06,-5.33218e-05,-8.52001e-06,-0.000119109,
3.07397,3.17475,3.12114,3.01075,17.0075,-10.0966,1.67562,1,-1,1,-1,1,-1,1,-1,-1.22713e-06,-1.96074e-07,-2.74113e-06,-5.33218e-05,-8.52001e-06,-0.000119109,
3.07397,3.17475,3.12114,3.01075,17.0089,-10.0975,1.67577,1,-1,1,-1,1,-1,1,-1,-1.28051e-06,-2.04604e-07,-2.86038e-06,-5.33218e-05,-8.52001e-06,-0.000119109,
3.07397,3.17475,3.12114,3.01075,17.0104,-10.0983,1.67591,1,-1,1,-1,1,-1,1,-1,-1.33387e-06,-2.13129e-07,-2.97956e-06,-5.33218e-05,-8.52001e-06,-0.000119109,
3.07397,3.17475,3.12114,3.01075,17.0118,-10.0992,1.67605,1,-1,1,-1,1,-1,1,-1,-1.38719e-06,-2.2165e-07,-3.09868e-06,-5.33218e-05,-8.52001e-06,-0.000119109,
3.07397,3.17475,3.12114,3.01075,17.0132,-10.1,1.67619,1,-1,1,-1,1,-1,1,-1,-1.44055e-06,-2.30176e-07,-3.21787e-06,-5.33218e-05,-8.52001e-06,-0.000119109,
3.07397,3.17475,3.12114,3.01075,17.0146,-10.1009,1.67633,1,-1,1,-1,1,-1,1,-1,-1.49394e-06,-2.38706e-07,-3.33712e-06,-5.33218e-05,-8.52001e-06,-0.000119109,
3.07397,3.17475,3.12114,3.01075,17.0161,-10.1017,1.67647,1,-1,1,-1,1,-1,1,-1,-1.5473e-06,-2.47233e-07,-3.45633e-06,-5.33218e-05,-8.52001e-06,-0.000119109,
3.07397,3.17475,3.12114,3.01075,17.0175,-10.1026,1.67661,1,-1,1,-1,1,-1,1,-1,-1.60069e-06,-2.55762e-07,-3.57557e-06,-5.33218e-05,-8.52001e-06,-0.000119109,
3.07397,3.17475,3.12114,3.01075,17.0189,-10.1034,1.67675,1,-1,1,-1,1,-1,1,-1,-1.65401e-06,-2.64283e-07,-3.6947e-06,-5.33218e-05,-8.52001e-06,-0.000119109,
3.07397,3.17475,3.12114,3.01075,17.0204,-10.1043,1.67689,1,-1,1,-1,1,-1,1,-1,-1.70736e-06,-2.72806e-07,-3.81386e-06,-5.33218e-05,-8.52001e-06,-0.000119109,
3.07397,3.17475,3.12114,3.01075,17.0218,-10.1051,1.67703,1,-1,1,-1,1,-1,1,-1,-1.76074e-06,-2.81335e-07,-3.93309e-06,-5.33218e-05,-8.52001e-06,-0.000119109,
3.07397,3.17475,3.12114,3.01075,17.0232,-10.106,1.67717,1,-1,1,-1,1,-1,1,-1,-1.81407e-06,-2.89857e-07,-4.05223e-06,-5.33218e-05,-8.52001e-06,-0.000119109,
3.07397,3.17475,3.12114,3.01075,17.0246,-10.1068,1.67731,1,-1,1,-1,1,-1,1,-1,-1.8674e-06,-2.98379e-07,-4.17136e-06,-5.33218e-05,-8.52001e-06,-0.000119109,
3.07397,3.17475,3.12114,3.01075,17.0261,-10.1077,1.67746,1,-1,1,-1,1,-1,1,-1,-1.92075e-06,-3.06902e-07,-4.29052e-06,-5.33218e-05,-8.52001e-06,-0.000119109,
3.07397,3.17475,3.12114,3.01075,17.0275,-10.1085,1.6776,1,-1,1,-1,1,-1,1,-1,-1.97408e-06,-3.15424e-07,-4.40966e-06,-5.33218e-05,-8.52001e-06,-0.000119109,
3.07397,3.17475,3.12114,3.01075,17.0289,-10.1094,1.67774,1,-1,1,-1,1,-1,1,-1,-2.02742e-06,-3.23946e-07,-4.5288e-06,-5.33218e-05,-8.52001e-06,-0.000119109,
3.07397,3.17475,3.12114,3.01075,17.0304,-10.1102,1.67788,1,-1,1,-1,1,-1,1,-1,-2.08076e-06,-3.32468e-07,-4.64795e-06,-5.33218e-05,-8.52001e-06,-0.000119109,
3.07397,3.17475,3.12114,3.01075,17.0318,-10.1111,1.67802,1,-1,1,-1,1,-1,1,-1,-2.13412e-06,-3.40994e-07,-4.76714e-06,-5.33218e-05,-8.52001e-06,-0.000119109,
3.07397,3.17475,3.12114,3.01075,17.0332,-10.1119,1.67816,1,-1,1,-1,1,-1,1,-1,-2.18751e-06,-3.49525e-07,-4.8864e-06,-5.33218e-05,-8.52001e-06,-0.000119109,
3.07397,3.17475,3.12114,3.01075,17.0347,-10.1128,1.6783,1,-1,1,-1,1,-1,1,-1,-2.24088e-06,-3.58053e-07,-5.00563e-06,-5.33218e-05,-8.52001e-06,-0.000119109,
3.07397,3.17475,3.12114,3.01075,17.0361,-10.1136,1.67844,1,-1,1,-1,1,-1,1,-1,-2.29421e-06,-3.66574e-07,-5.12475e-06,-5.33218e-05,-8.52001e-06,-0.000119109,
3.07397,3.17475,3.12114,3.01075,17.0375,-10.1145,1.67858,1,-1,1,-1,1,-1,1,-1,-2.34754e-06,-3.75095e-07,-5.24389e-06,-5.33218e-05,-8.52001e-06,-0.000119109,
3.07397,3.17475,3.12114,3.01075,17.0389,-10.1153,1.67872,1,-1,1,-1,1,-1,1,-1,-2.40091e-06,-3.83621e-07,-5.36309e-06,-5.33218e-05,-8.52001e-06,-0.000119109,
3.07397,3.17475,3.12114,3.01075,17.0404,-10.1162,1.67886,1,-1,1,-1,1,-1,1,-1,-2.45423e-06,-3.92142e-07,-5.4822e-06,-5.33218e-05,-8.52001e-06,-0.000119109,
3.07397,3.17475,3.12114,3.01075,17.0418,-10.117,1.679,1,-1,1,-1,1,-1,1,-1,-2.50756e-06,-4.00663e-07,-5.60133e-06,-5.33218e-05,-8.52001e-06,-0.000119109,
3.07397,3.17475,3.12114,3.01075,17.0432,-10.1179,1.67915,1,-1,1,-1,1,-1,1,-1,-2.5609e-06,-4.09185e-07,-5.72048e-06,-5.33218e-05,-8.52001e-06,-0.000119109,
3.07397,3.17475,3.12114,3.01075,17.0447,-10.1187,1.67929,1,-1,1,-1,1,-1,1,-1,-2.61423e-06,-4.17706e-07,-5.8396e-06,-5.33218e-05,-8.52001e-06,-0.000119109,
3.07397,3.17475,3.12114,3.01075,17.0461,-10.1196,1.67943,1,-1,1,-1,1,-1,1,-1,-2.66759e-06,-4.26231e-07,-5.95879e-06,-5.33218e-05,-8.52001e-06,-0.000119109,
3.07397,3.17475,3.12114,3.01075,17.0475,-10.1204,1.67957,1,-1,1,-1,1,-1,1,-1,-2.72096e-06,-4.34759e-07,-6.07801e-06,-5.33218e-05,-8.52001e-06,-0.000119109,
3.07397,3.17475,3.12114,3.01075,17.049,-10.1213,1.67971,1,-1,1,-1,1,-1,1,-1,-2.77429e-06,-4.4328e-07,-6.19714e-06,-5.33218e-05,-8.52001e-06,-0.000119109,
3.07397,3.17475,3.12114,3.01075,17.0504,-10.1221,1.67985,1,-1,1,-1,1,-1,1,-1,-2.82762e-06,-4.51802e-07,-6.31627e-06,-5.33218e-05,-8.52001e-06,-0.000119109,
3.07397,3.17475,3.12114,3.01075,17.0518,-10.1229,1.67999,1,-1,1,-1,1,-1,1,-1,-2.88098e-06,-4.60327e-07,-6.43546e-06,-5.33218e-05,-8.52001e-06,-0.000119109,
3.07397,3.17475,3.12114,3.01075,17.0532,-10.1238,1.68013,1,-1,1,-1,1,-1,1,-1,-2.93436e-06,-4.68856e-07,-6.55471e-06,-5.33218e-05,-8.52001e-06,-0.000119109,
3.07397,3.17475,3.12114,3.01075,17.0547,-10.1246,1.68027,1,-1,1,-1,1,-1,1,-1,-2.98771e-06,-4.7738e-07,-6.67387e-06,-5.33218e-05,-8.52001e-06,-0.000119109,
3.07397,3.17475,3.12114,3.01075,17.0561,-10.1255,1.68041,1,-1,1,-1,1,-1,1,-1,-3.04105e-06,-4.85902e-07,-6.79301e-06,-5.33218e-05,-8.52001e-06,-0.000119109,
3.07397,3.17475,3.12114,3.01075,17.0575,-10.1263,1.68055,1,-1,1,-1,1,-1,1,-1,-3.09441e-06,-4.94428e-07,-6.91221e-06,-5.33218e-05,-8.52001e-06,-0.000119109,
3.07397,3.17475,3.12114,3.01075,17.059,-10.1272,1.68069,1,-1,1,-1,1,-1,1,-1,-3.14777e-06,-5.02954e-07,-7.03141e-06,-5.33218e-05,-8.52001e-06,-0.000119109,
3.07397,3.17475,3.12114,3.01075,17.0604,-10.128,1.68084,1,-1,1,-1,1,-1,1,-1,-3.20112e-06,-5.11478e-07,-7.15059e-06,-5.33218e-05,-8.52001e-06,-0.000119109,
3.07397,3.17475,3.12114,3.01075,17.0618,-10.1289,1.68098,1,-1,1,-1,1,-1,1,-1,-3.25448e-06,-5.20005e-07,-7.26979e-06,-5.33218e-05,-8.52001e-06,-0.000119109,
3.07397,3.17475,3.12114,3.01075,17.0632,-10.1297,1.68112,1,-1,1,-1,1,-1,1,-1,-3.30784e-06,-5.28529e-07,-7.38896e-06,-5.33218e-05,-8.52001e-06,-0.000119109,
3.07397,3.17475,3.12114,3.01075,17.0647,-10.1306,1.68126,1,-1,1,-1,1,-1,1,-1,-3.3612e-06,-5.37055e-07,-7.50816e-06,-5.33218e-05,-8.52001e-06,-0.000119109,
3.07397,3.17475,3.12114,3.01075,17.0661,-10.1314,1.6814,1,-1,1,-1,1,-1,1,-1,-3.41453e-06,-5.45576e-07,-7.62729e-06,-5.33218e-05,-8.52001e-06,-0.000119109,
3.07397,3.17475,3.12114,3.01075,17.0675,-10.1323,1.68154,1,-1,1,-1,1,-1,1,-1,-3.46786e-06,-5.54097e-07,-7.74642e-06,-5.33218e-05,-8.52001e-06,-0.000119109,
3.07397,3.17475,3.12114,3.01075,17.069,-10.1331,1.68168,1,-1,1,-1,1,-1,1,-1,-3.52124e-06,-5.62626e-07,-7.86566e-06,-5.33218e-05,-8.52001e-06,-0.000119109,
3.07397,3.17475,3.12114,3.01075,17.0704,-10.134,1.68182,1,-1,1,-1,1,-1,1,-1,-3.57457e-06,-5.71147e-07,-7.98479e-06,-5.33218e-05,-8.52001e-06,-0.000119109,
3.07397,3.17475,3.12114,3.01075,17.0718,-10.1348,1.68196,1,-1,1,-1,1,-1,1,-1,-3.62795e-06,-5.79676e-07,-8.10403e-06,-5.33218e-05,-8.52001e-06,-0.000119109,
3.07397,3.17475,3.12114,3.01075,17.0733,-10.1357,1.6821,1,-1,1,-1,1,-1,1,-1,-3.68129e-06,-5.88198e-07,-8.22317e-06,-5.33218e-05,-8.52001e-06,-0.000119109,
3.07397,3.17475,3.12114,3.01075,17.0747,-10.1365,1.68224,1,-1,1,-1,1,-1,1,-1,-3.73462e-06,-5.96719e-07,-8.3423e-06,-5.33218e-05,-8.52001e-06,-0.000119109,
3.07397,3.17475,3.12114,3.01075,17.0761,-10.1374,1.68238,1,-1,1,-1,1,-1,1,-1,-3.788e-06,-6.05249e-07,-8.46155e-06,-5.33218e-05,-8.52001e-06,-0.000119109,
3.07397,3.17475,3.12114,3.01075,17.0775,-10.1382,1.68253,1,-1,1,-1,1,-1,1,-1,-3.84134e-06,-6.1377e-07,-8.58069e-06,-5.33218e-05,-8.52001e-06,-0.000119109,
3.07397,3.17475,3.12114,3.01075,17.079,-10.1391,1.68267,1,-1,1,-1,1,-1,1,-1,-3.89473e-06,-6.22301e-07,-8.69996e-06,-5.33218e-05,-8.52001e-06,-0.000119109,
3.07397,3.17475,3.12114,3.01075,17.0804,-10.1399,1.68281,1,-1,1,-1,1,-1,1,-1,-3.94806e-06,-6.30822e-07,-8.81908e-06,-5.33218e-05,-8.52001e-06,-0.000119109,
3.07397,3.17475,3.12114,3.01075,17.0818,-10.1408,1.68295,1,-1,1,-1,1,-1,1,-1,-4.00139e-06,-6.39343e-07,-8.93821e-06,-5.33218e-05,-8.52001e-06,-0.000119109,
3.07397,3.17475,3.12114,3.01075,17.0833,-10.1416,1.68309,1,-1,1,-1,1,-1,1,-1,-4.05475e-06,-6.47868e-07,-9.0574e-06,-5.33218e-05,-8.52001e-06,-0.000119109,
3.07397,3.17475,3.12114,3.01075,17.0847,-10.1425,1.68323,1,-1,1,-1,1,-1,1,-1,-4.1081e-06,-6.56392e-07,-9.17657e-06,-5.33218e-05,-8.52001e-06,-0.000119109,
3.07397,3.17475,3.12114,3.01075,17.0861,-10.1433,1.68337,1,-1,1,-1,1,-1,1,-1,-4.16146e-06,-6.64918e-07,-9.29576e-06,-5.33218e-05,-8.52001e-06,-0.000119109,
3.07397,3.17475,3.12114,3.01075,17.0876,-10.1442,1.68351,1,-1,1,-1,1,-1,1,-1,-4.21482e-06,-6.73444e-07,-9.41496e-06,-5.33218e-05,-8.52001e-06,-0.000119109,
3.07397,3.17475,3.12114,3.01075,17.089,-10.145,1.68365,1,-1,1,-1,1,-1,1,-1,-4.26821e-06,-6.81974e-07,-9.53423e-06,-5.33218e-05,-8.52001e-06,-0.000119109,
3.07397,3.17475,3.12114,3.01075,17.0904,-10.1459,1.68379,1,-1,1,-1,1,-1,1,-1,-4.32156e-06,-6.90497e-07,-9.65339e-06,-5.33218e-05,-8.52001e-06,-0.000119109,
3.07397,3.17475,3.12114,3.01075,17.0918,-10.1467,1.68393,1,-1,1,-1,1,-1,1,-1,-4.37492e-06,-6.99023e-07,-9.77259e-06,-5.33218e-05,-8.52001e-06,-0.000119109,
3.07397,3.17475,3.12114,3.01075,17.0933,-10.1476,1.68408,1,-1,1,-1,1,-1,1,-1,-4.42828e-06,-7.07548e-07,-9.89177e-06,-5.33218e-05,-8.52001e-06,-0.000119109,
3.07397,3.17475,3.12114,3.01075,17.0947,-10.1484,1.68422,1,-1,1,-1,1,-1,1,-1,-4.48161e-06,-7.16069e-07,-1.00109e-05,-5.33218e-05,-8.52001e-06,-0.000119109,
3.07397,3.17475,3.12114,3.01075,17.0961,-10.1493,1.68436,1,-1,1,-1,1,-1,1,-1,-4.53495e-06,-7.24592e-07,-1.01301e-05,-5.33218e-05,-8.52001e-06,-0.000119109,
3.07397,3.17475,3.12114,3.01075,17.0976,-10.1501,1.6845,1,-1,1,-1,1,-1,1,-1,-4.5883e-06,-7.33116e-07,-1.02492e-05,-5.33218e-05,-8.52001e-06,-0.000119109,
3.07397,3.17475,3.12114,3.01075,17.099,-10.151,1.68464,1,-1,1,-1,1,-1,1,-1,-4.64168e-06,-7.41645e-07,-1.03685e-05,-5.33218e-05,-8.52001e-06,-0.000119109,
3.07397,3.17475,3.12114,3.01075,17.1004,-10.1518,1.68478,1,-1,1,-1,1,-1,1,-1,-4.69506e-06,-7.50174e-07,-1.04877e-05,-5.33218e-05,-8.52001e-06,-0.000119109,
3.07397,3.17475,3.12114,3.01075,17.1018,-10.1527,1.68492,1,-1,1,-1,1,-1,1,-1,-4.74845e-06,-7.58704e-07,-1.0607e-05,-5.33218e-05,-8.52001e-06,-0.000119109,
3.07397,3.17475,3.12114,3.01075,17.1033,-10.1535,1.68506,1,-1,1,-1,1,-1,1,-1,-4.80178e-06,-7.67224e-07,-1.07261e-05,-5.33218e-05,-8.52001e-06,-0.000119109,
3.07397,3.17475,3.12114,3.01075,17.1047,-10.1544,1.6852,1,-1,1,-1,1,-1,1,-1,-4.85514e-06,-7.7575e-07,-1.08453e-05,-5.33218e-05,-8.52001e-06,-0.000119109,
3.07397,3.17475,3.12114,3.01075,17.1061,-10.1552,1.68534,1,-1,1,-1,1,-1,1,-1,-4.9085e-06,-7.84276e-07,-1.09645e-05,-5.33218e-05,-8.52001e-06,-0.000119109,
3.07397,3.17475,3.12114,3.01075,17.1076,-10.1561,1.68548,1,-1,1,-1,1,-1,1,-1,-4.96189e-06,-7.92805e-07,-1.10837e-05,-5.33218e-05,-8.52001e-06,-0.000119109,
3.07397,3.17475,3.12114,3.01075,17.109,-10.1569,1.68562,1,-1,1,-1,1,-1,1,-1,-5.01524e-06,-8.0133e-07,-1.12029e-05,-5.33218e-05,-8.52001e-06,-0.000119109,
3.07397,3.17475,3.12114,3.01075,17.1104,-10.1577,1.68577,1,-1,1,-1,1,-1,1,-1,-5.06857e-06,-8.0985e-07,-1.1322e-05,-5.33218e-05,-8.52001e-06,-0.000119109,
3.07397,3.17475,3.12114,3.01075,17.1119,-10.1586,1.68591,1,-1,1,-1,1,-1,1,-1,-5.12191e-06,-8.18372e-07,-1.14412e-05,-5.33218e-05,-8.52001e-06,-0.000119109,
3.07397,3.17475,3.12114,3.01075,17.1133,-10.1594,1.68605,1,-1,1,-1,1,-1,1,-1,-5.17527e-06,-8.26898e-07,-1.15604e-05,-5.33218e-05,-8.52001e-06,-0.000119109,
3.07397,3.17475,3.12114,3.01075,17.1147,-10.1603,1.68619,1,-1,1,-1,1,-1,1,-1,-5.22861e-06,-8.3542e-07,-1.16795e-05,-5.33218e-05,-8.52001e-06,-0.000119109,
3.07397,3.17475,3.12114,3.01075,17.1161,-10.1611,1.68633,1,-1,1,-1,1,-1,1,-1,-5.28194e-06,-8.43942e-07,-1.17987e-05,-5.33218e-05,-8.52001e-06,-0.000119109,
3.07397,3.17475,3.12114,3.01075,17.1176,-10.162,1.68647,1,-1,1,-1,1,-1,1,-1,-5.33531e-06,-8.52468e-07,-1.19179e-05,-5.33218e-05,-8.52001e-06,-0.000119109,
3.07397,3.17475,3.12114,3.01075,17.119,-10.1628,1.68661,1,-1,1,-1,1,-1,1,-1,-5.38865e-06,-8.6099e-07,-1.2037e-05,-5.33218e-05,-8.52001e-06,-0.000119109,
3.07397,3.17475,3.12114,3.01075,17.1204,-10.1637,1.68675,1,-1,1,-1,1,-1,1,-1,-5.44201e-06,-8.69515e-07,-1.21562e-05,-5.33218e-05,-8.52001e-06,-0.000119109,
3.07397,3.17475,3.12114,3.01075,17.1219,-10.1645,1.68689,1,-1,1,-1,1,-1,1,-1,-5.49536e-06,-8.7804e-07,-1.22754e-05,-5.33218e-05,-8.52001e-06,-0.000119109,
3.07397,3.17475,3.12114,3.01075,17.1233,-10.1654,1.68703,1,-1,1,-1,1,-1,1,-1,-5.5487e-06,-8.86562e-07,-1.23945e-05,-5.33218e-05,-8.52001e-06,-0.000119109,
3.07397,3.17475,3.12114,3.01075,17.1247,-10.1662,1.68717,1,-1,1,-1,1,-1,1,-1,-5.60203e-06,-8.95083e-07,-1.25137e-05,-5.33218e-05,-8.52001e-06,-0.000119109,
3.07397,3.17475,3.12114,3.01075,17.1262,-10.1671,1.68731,1,-1,1,-1,1,-1,1,-1,-5.65536e-06,-9.03603e-07,-1.26328e-05,-5.33218e-05,-8.52001e-06,-0.000119109,
3.07397,3.17475,3.12114,3.01075,17.1276,-10.1679,1.68746,1,-1,1,-1,1,-1,1,-1,-5.70872e-06,-9.12128e-07,-1.2752e-05,-5.33218e-05,-8.52001e-06,-0.000119109,
3.07397,3.17475,3.12114,3.01075,17.129,-10.1688,1.6876,1,-1,1,-1,1,-1,1,-1,-5.76208e-06,-9.20654e-07,-1.28712e-05,-5.33218e-05,-8.52001e-06,-0.000119109,
3.07397,3.17475,3.12114,3.01075,17.1304,-10.1696,1.68774,1,-1,1,-1,1,-1,1,-1,-5.81541e-06,-9.29175e-07,-1.29903e-05,-5.33218e-05,-8.52001e-06,-0.000119109,
3.07397,3.17475,3.12114,3.01075,17.1319,-10.1705,1.68788,1,-1,1,-1,1,-1,1,-1,-5.8688e-06,-9.37705e-07,-1.31096e-05,-5.33218e-05,-8.52001e-06,-0.000119109,
3.07397,3.17475,3.12114,3.01075,17.1333,-10.1713,1.68802,1,-1,1,-1,1,-1,1,-1,-5.92217e-06,-9.46231e-07,-1.32288e-05,-5.33218e-05,-8.52001e-06,-0.000119109,
3.07397,3.17475,3.12114,3.01075,17.1347,-10.1722,1.68816,1,-1,1,-1,1,-1,1,-1,-5.97552e-06,-9.54755e-07,-1.3348e-05,-5.33218e-05,-8.52001e-06,-0.000119109,
3.07397,3.17475,3.12114,3.01075,17.1362,-10.173,1.6883,1,-1,1,-1,1,-1,1,-1,-6.0289e-06,-9.63284e-07,-1.34672e-05,-5.33218e-05,-8.52001e-06,-0.000119109,
3.07397,3.17475,3.12114,3.01075,17.1376,-10.1739,1.68844,1,-1,1,-1,1,-1,1,-1,-6.08228e-06,-9.71813e-07,-1.35865e-05,-5.33218e-05,-8.52001e-06,-0.000119109,
3.07397,3.17475,3.12114,3.01075,17.139,-10.1747,1.68858,1,-1,1,-1,1,-1,1,-1,-6.13561e-06,-9.80333e-07,-1.37056e-05,-5.33218e-05,-8.52001e-06,-0.000119109,
3.07397,3.17475,3.12114,3.01075,17.1404,-10.1756,1.68872,1,-1,1,-1,1,-1,1,-1,-6.18895e-06,-9.88855e-07,-1.38247e-05,-5.33218e-05,-8.52001e-06,-0.000119109,
3.07397,3.17475,3.12114,3.01075,17.1419,-10.1764,1.68886,1,-1,1,-1,1,-1,1,-1,-6.24234e-06,-9.97385e-07,-1.3944e-05,-5.33218e-05,-8.52001e-06,-0.000119109,
3.07397,3.17475,3.12114,3.01075,17.1433,-10.1773,1.68901,1,-1,1,-1,1,-1,1,-1,-6.29566e-06,-1.00591e-06,-1.40631e-05,-5.33218e-05,-8.52001e-06,-0.000119109,
3.07397,3.17475,3.12114,3.01075,17.1447,-10.1781,1.68915,1,-1,1,-1,1,-1,1,-1,-6.34905e-06,-1.01443e-06,-1.41823e-05,-5.33218e-05,-8.52001e-06,-0.000119109,
3.07397,3.17475,3.12114,3.01075,17.1462,-10.179,1.68929,1,-1,1,-1,1,-1,1,-1,-6.40241e-06,-1.02296e-06,-1.43015e-05,-5.33218e-05,-8.52001e-06,-0.000119109,
3.07397,3.17475,3.12114,3.01075,17.1476,-10.1798,1.68943,1,-1,1,-1,1,-1,1,-1,-6.45574e-06,-1.03148e-06,-1.44207e-05,-5.33218e-05,-8.52001e-06,-0.000119109,
3.07397,3.17475,3.12114,3.01075,17.149,-10.1807,1.68957,1,-1,1,-1,1,-1,1,-1,-6.50907e-06,-1.04e-06,-1.45398e-05,-5.33218e-05,-8.52001e-06,-0.000119109,
3.07397,3.17475,3.12114,3.01075,17.1505,-10.1815,1.68971,1,-1,1,-1,1,-1,1,-1,-6.56243e-06,-1.04853e-06,-1.4659e-05,-5.33218e-05,-8.52001e-06,-0.000119109,
3.07397,3.17475,3.12114,3.01075,17.1519,-10.1824,1.68985,1,-1,1,-1,1,-1,1,-1,-6.61577e-06,-1.05705e-06,-1.47781e-05,-5.33218e-05,-8.52001e-06,-0.000119109,
3.07397,3.17475,3.12114,3.01075,17.1533,-10.1832,1.68999,1,-1,1,-1,1,-1,1,-1,-6.66916e-06,-1.06558e-06,-1.48974e-05,-5.33218e-05,-8.52001e-06,-0.000119109,
3.07397,3.17475,3.12114,3.01075,17.1547,-10.1841,1.69013,1,-1,1,-1,1,-1,1,-1,-6.72255e-06,-1.07411e-06,-1.50166e-05,-5.33218e-05,-8.52001e-06,-0.000119109,
3.07397,3.17475,3.12114,3.01075,17.1562,-10.1849,1.69027,1,-1,1,-1,1,-1,1,-1,-6.77588e-06,-1.08263e-06,-1.51358e-05,-5.33218e-05,-8.52001e-06,-0.000119109,
3.07397,3.17475,3.12114,3.01075,17.1576,-10.1858,1.69041,1,-1,1,-1,1,-1,1,-1,-6.82921e-06,-1.09115e-06,-1.52549e-05,-5.33218e-05,-8.52001e-06,-0.000119109,
3.07397,3.17475,3.12114,3.01075,17.159,-10.1866,1.69055,1,-1,1,-1,1,-1,1,-1,-6.8826e-06,-1.09968e-06,-1.53742e-05,-5.33218e-05,-8.52001e-06,-0.000119109,
3.07397,3.17475,3.12114,3.01075,17.1605,-10.1875,1.6907,1,-1,1,-1,1,-1,1,-1,-6.93597e-06,-1.10821e-06,-1.54934e-05,-5.33218e-05,-8.52001e-06,-0.000119109,
3.07397,3.17475,3.12114,3.01075,17.1619,-10.1883,1.69084,1,-1,1,-1,1,-1,1,-1,-6.98932e-06,-1.11673e-06,-1.56126e-05,-5.33218e-05,-8.52001e-06,-0.000119109,
3.07397,3.17475,3.12114,3.01075,17.1633,-10.1892,1.69098,1,-1,1,-1,1,-1,1,-1,-7.04265e-06,-1.12525e-06,-1.57317e-05,-5.33218e-05,-8.52001e-06,-0.000119109,
3.07397,3.17475,3.12114,3.01075,17.1648,-10.19,1.69112,1,-1,1,-1,1,-1,1,-1,-7.09602e-06,-1.13378e-06,-1.58509e-05,-5.33218e-05,-8.52001e-06,-0.000119109,
3.07397,3.17475,3.12114,3.01075,17.1662,-10.1908,1.69126,1,-1,1,-1,1,-1,1,-1,-7.14938e-06,-1.1423e-06,-1.59701e-05,-5.33218e-05,-8.52001e-06,-0.000119109,
3.07397,3.17475,3.12114,3.01075,17.1676,-10.1917,1.6914,1,-1,1,-1,1,-1,1,-1,-7.20273e-06,-1.15083e-06,-1.60893e-05,-5.33218e-05,-8.52001e-06,-0.000119109,
3.07397,3.17475,3.12114,3.01075,17.169,-10.1925,1.69154,1,-1,1,-1,1,-1,1,-1,-7.25607e-06,-1.15935e-06,-1.62084e-05,-5.33218e-05,-8.52001e-06,-0.000119109,
3.07397,3.17475,3.12114,3.01075,17.1705,-10.1934,1.69168,1,-1,1,-1,1,-1,1,-1,-7.30945e-06,-1.16788e-06,-1.63276e-05,-5.33218e-05,-8.52001e-06,-0.000119109,
3.07397,3.17475,3.12114,3.01075,17.1719,-10.1942,1.69182,1,-1,1,-1,1,-1,1,-1,-7.36278e-06,-1.1764e-06,-1.64468e-05,-5.33218e-05,-8.52001e-06,-0.000119109,
3.07397,3.17475,3.12114,3.01075,17.1733,-10.1951,1.69196,1,-1,1,-1,1,-1,1,-1,-7.41613e-06,-1.18492e-06,-1.65659e-05,-5.33218e-05,-8.52001e-06,-0.000119109,
3.07397,3.17475,3.12114,3.01075,17.1748,-10.1959,1.6921,1,-1,1,-1,1,-1,1,-1,-7.46947e-06,-1.19344e-06,-1.66851e-05,-5.33218e-05,-8.52001e-06,-0.000119109,
3.07397,3.17475,3.12114,3.01075,17.1762,-10.1968,1.69224,1,-1,1,-1,1,-1,1,-1,-7.52283e-06,-1.20197e-06,-1.68043e-05,-5.33218e-05,-8.52001e-06,-0.000119109,
3.07397,3.17475,3.12114,3.01075,17.1776,-10.1976,1.69239,1,-1,1,-1,1,-1,1,-1,-7.57618e-06,-1.21049e-06,-1.69235e-05,-5.33218e-05,-8.52001e-06,-0.000119109,
3.07397,3.17475,3.12114,3.01075,17.1791,-10.1985,1.69253,1,-1,1,-1,1,-1,1,-1,-7.62957e-06,-1.21902e-06,-1.70427e-05,-5.33218e-05,-8.52001e-06,-0.000119109,
3.07397,3.17475,3.12114,3.01075,17.1805,-10.1993,1.69267,1,-1,1,-1,1,-1,1,-1,-7.68294e-06,-1.22755e-06,-1.7162e-05,-5.33218e-05,-8.52001e-06,-0.000119109,
3.07397,3.17475,3.12114,3.01075,17.1819,-10.2002,1.69281,1,-1,1,-1,1,-1,1,-1,-7.73628e-06,-1.23607e-06,-1.72811e-05,-5.33218e-05,-8.52001e-06,-0.000119109,
3.07397,3.17475,3.12114,3.01075,17.1833,-10.201,1.69295,1,-1,1,-1,1,-1,1,-1,-7.78967e-06,-1.2446e-06,-1.74004e-05,-5.33218e-05,-8.52001e-06,-0.000119109,
3.07397,3.17475,3.12114,3.01075,17.1848,-10.2019,1.69309,1,-1,1,-1,1,-1,1,-1,-7.843e-06,-1.25312e-06,-1.75195e-05,-5.33218e-05,-8.52001e-06,-0.000119109,
3.07397,3.17475,3.12114,3.01075,17.1862,-10.2027,1.69323,1,-1,1,-1,1,-1,1,-1,-7.89633e-06,-1.26164e-06,-1.76386e-05,-5.33218e-05,-8.52001e-06,-0.000119109,
3.07397,3.17475,3.12114,3.01075,17.1876,-10.2036,1.69337,1,-1,1,-1,1,-1,1,-1,-7.94966e-06,-1.27016e-06,-1.77577e-05,-5.33218e-05,-8.52001e-06,-0.000119109,
3.07397,3.17475,3.12114,3.01075,17.1891,-10.2044,1.69351,1,-1,1,-1,1,-1,1,-1,-8.00298e-06,-1.27868e-06,-1.78769e-05,-5.33218e-05,-8.52001e-06,-0.000119109,
3.07397,3.17475,3.12114,3.01075,17.1905,-10.2053,1.69365,1,-1,1,-1,1,-1,1,-1,-8.05637e-06,-1.28721e-06,-1.79961e-05,-5.33218e-05,-8.52001e-06,-0.000119109,
3.07397,3.17475,3.12114,3.01075,17.1919,-10.2061,1.69379,1,-1,1,-1,1,-1,1,-1,-8.10976e-06,-1.29574e-06,-1.81154e-05,-5.33218e-05,-8.52001e-06,-0.000119109,
3.07397,3.17475,3.12114,3.01075,17.1933,-10.207,1.69394,1,-1,1,-1,1,-1,1,-1,-8.16309e-06,-1.30426e-06,-1.82345e-05,-5.33218e-05,-8.52001e-06,-0.000119109,
3.07397,3.17475,3.12114,3.01075,17.1948,-10.2078,1.69408,1,-1,1,-1,1,-1,1,-1,-8.21646e-06,-1.31279e-06,-1.83537e-05,-5.33218e-05,-8.52001e-06,-0.000119109,
3.07397,3.17475,3.12114,3.01075,17.1962,-10.2087,1.69422,1,-1,1,-1,1,-1,1,-1,-8.26983e-06,-1.32131e-06,-1.84729e-05,-5.33218e-05,-8.52001e-06,-0.000119109,
3.07397,3.17475,3.12114,3.01075,17.1976,-10.2095,1.69436,1,-1,1,-1,1,-1,1,-1,-8.32316e-06,-1.32983e-06,-1.85921e-05,-5.33218e-05,-8.52001e-06,-0.000119109,
3.07397,3.17475,3.12114,3.01075,17.1991,-10.2104,1.6945,1,-1,1,-1,1,-1,1,-1,-8.37654e-06,-1.33836e-06,-1.87113e-05,-5.33218e-05,-8.52001e-06,-0.000119109,
3.07397,3.17475,3.12114,3.01075,17.2005,-10.2112,1.69464,1,-1,1,-1,1,-1,1,-1,-8.42991e-06,-1.34689e-06,-1.88305e-05,-5.33218e-05,-8.52001e-06,-0.000119109,
3.07397,3.17475,3.12114,3.01075,17.2019,-10.2121,1.69478,1,-1,1,-1,1,-1,1,-1,-8.48326e-06,-1.35541e-06,-1.89497e-05,-5.33218e-05,-8.52001e-06,-0.000119109,
3.07397,3.17475,3.12114,3.01075,17.2034,-10.2129,1.69492,1,-1,1,-1,1,-1,1,-1,-8.53664e-06,-1.36394e-06,-1.90689e-05,-5.33218e-05,-8.52001e-06,-0.000119109,
3.07397,3.17475,3.12114,3.01075,17.2048,-10.2138,1.69506,1,-1,1,-1,1,-1,1,-1,-8.59001e-06,-1.37247e-06,-1.91881e-05,-5.33218e-05,-8.52001e-06,-0.000119109,
3.07397,3.17475,3.12114,3.01075,17.2062,-10.2146,1.6952,1,-1,1,-1,1,-1,1,-1,-8.64336e-06,-1.38099e-06,-1.93073e-05,-5.33218e-05,-8.52001e-06,-0.000119109,
3.07397,3.17475,3.12114,3.01075,17.2076,-10.2155,1.69534,1,-1,1,-1,1,-1,1,-1,-8.6967e-06,-1.38951e-06,-1.94264e-05,-5.33218e-05,-8.52001e-06,-0.000119109,
3.07397,3.17475,3.12114,3.01075,17.2091,-10.2163,1.69548,1,-1,1,-1,1,-1,1,-1,-8.75005e-06,-1.39804e-06,-1.95456e-05,-5.33218e-05,-8.52001e-06,-0.000119109,
3.07397,3.17475,3.12114,3.01075,17.2105,-10.2172,1.69563,1,-1,1,-1,1,-1,1,-1,-8.80338e-06,-1.40656e-06,-1.96648e-05,-5.33218e-05,-8.52001e-06,-0.000119109,
3.07397,3.17475,3.12114,3.01075,17.2119,-10.218,1.69577,1,-1,1,-1,1,-1,1,-1,-8.85672e-06,-1.41508e-06,-1.97839e-05,-5.33218e-05,-8.52001e-06,-0.000119109,
3.07397,3.17475,3.12114,3.01075,17.2134,-10.2189,1.69591,1,-1,1,-1,1,-1,1,-1,-8.91007e-06,-1.4236e-06,-1.99031e-05,-5.33218e-05,-8.52001e-06,-0.000119109,
3.07397,3.17475,3.12114,3.01075,17.2148,-10.2197,1.69605,1,-1,1,-1,1,-1,1,-1,-8.96343e-06,-1.43213e-06,-2.00223e-05,-5.33218e-05,-8.52001e-06,-0.000119109,
3.07397,3.17475,3.12114,3.01075,17.2162,-10.2206,1.69619,1,-1,1,-1,1,-1,1,-1,-9.01682e-06,-1.44066e-06,-2.01415e-05,-5.33218e-05,-8.52001e-06,-0.000119109,
3.07397,3.17475,3.12114,3.01075,17.2177,-10.2214,1.69633,1,-1,1,-1,1,-1,1,-1,-9.07015e-06,-1.44918e-06,-2.02607e-05,-5.33218e-05,-8.52001e-06,-0.000119109,
3.07397,3.17475,3.12114,3.01075,17.2191,-10.2223,1.69647,1,-1,1,-1,1,-1,1,-1,-9.12352e-06,-1.4577e-06,-2.03799e-05,-5.33218e-05,-8.52001e-06,-0.000119109,
3.07397,3.17475,3.12114,3.01075,17.2205,-10.2231,1.69661,1,-1,1,-1,1,-1,1,-1,-9.17687e-06,-1.46623e-06,-2.0499e-05,-5.33218e-05,-8.52001e-06,-0.000119109,
3.07397,3.17475,3.12114,3.01075,17.2219,-10.224,1.69675,1,-1,1,-1,1,-1,1,-1,-9.2302e-06,-1.47475e-06,-2.06182e-05,-5.33218e-05,-8.52001e-06,-0.000119109,
3.07397,3.17475,3.12114,3.01075,17.2234,-10.2248,1.69689,1,-1,1,-1,1,-1,1,-1,-9.28354e-06,-1.48327e-06,-2.07373e-05,-5.33218e-05,-8.52001e-06,-0.000119109,
3.07397,3.17475,3.12114,3.01075,17.2248,-10.2256,1.69703,1,-1,1,-1,1,-1,1,-1,-9.33691e-06,-1.49179e-06,-2.08565e-05,-5.33218e-05,-8.52001e-06,-0.000119109,
3.07397,3.17475,3.12114,3.01075,17.2262,-10.2265,1.69717,1,-1,1,-1,1,-1,1,-1,-9.39027e-06,-1.50032e-06,-2.09757e-05,-5.33218e-05,-8.52001e-06,-0.000119109,
3.07397,3.17475,3.12114,3.01075,17.2277,-10.2273,1.69732,1,-1,1,-1,1,-1,1,-1,-9.4436e-06,-1.50884e-06,-2.10949e-05,-5.33218e-05,-8.52001e-06,-0.000119109,
3.07397,3.17475,3.12114,3.01075,17.2291,-10.2282,1.69746,1,-1,1,-1,1,-1,1,-1,-9.49699e-06,-1.51737e-06,-2.12141e-05,-5.33218e-05,-8.52001e-06,-0.000119109,
3.07397,3.17475,3.12114,3.01075,17.2305,-10.229,1.6976,1,-1,1,-1,1,-1,1,-1,-9.55036e-06,-1.5259e-06,-2.13333e-05,-5.33218e-05,-8.52001e-06,-0.000119109,
3.07397,3.17475,3.12114,3.01075,17.232,-10.2299,1.69774,1,-1,1,-1,1,-1,1,-1,-9.6037e-06,-1.53442e-06,-2.14525e-05,-5.33218e-05,-8.52001e-06,-0.000119109,
3.07397,3.17475,3.12114,3.01075,17.2334,-10.2307,1.69788,1,-1,1,-1,1,-1,1,-1,-9.65703e-06,-1.54294e-06,-2.15716e-05,-5.33218e-05,-8.52001e-06,-0.000119109,
3.07397,3.17475,3.12114,3.01075,17.2348,-10.2316,1.69802,1,-1,1,-1,1,-1,1,-1,-9.71039e-06,-1.55146e-06,-2.16908e-05,-5.33218e-05,-8.52001e-06,-0.000119109,
3.07397,3.17475,3.12114,3.01075,17.2362,-10.2324,1.69816,1,-1,1,-1,1,-1,1,-1,-9.76377e-06,-1.55999e-06,-2.181e-05,-5.33218e-05,-8.52001e-06,-0.000119109,
3.07397,3.17475,3.12114,3.01075,17.2377,-10.2333,1.6983,1,-1,1,-1,1,-1,1,-1,-9.81711e-06,-1.56851e-06,-2.19292e-05,-5.33218e-05,-8.52001e-06,-0.000119109,
3.07397,3.17475,3.12114,3.01075,17.2391,-10.2341,1.69844,1,-1,1,-1,1,-1,1,-1,-9.87044e-06,-1.57703e-06,-2.20483e-05,-5.33218e-05,-8.52001e-06,-0.000119109,
3.07397,3.17475,3.12114,3.01075,17.2405,-10.235,1.69858,1,-1,1,-1,1,-1,1,-1,-9.92377e-06,-1.58555e-06,-2.21674e-05,-5.33218e-05,-8.52001e-06,-0.000119109,
3.07397,3.17475,3.12114,3.01075,17.242,-10.2358,1.69872,1,-1,1,-1,1,-1,1,-1,-9.9771e-06,-1.59407e-06,-2.22866e-05,-5.33218e-05,-8.52001e-06,-0.000119109,
3.07397,3.17475,3.12114,3.01075,17.2434,-10.2367,1.69887,1,-1,1,-1,1,-1,1,-1,-1.00304e-05,-1.60259e-06,-2.24057e-05,-5.33218e-05,-8.52001e-06,-0.000119109,
3.07397,3.17475,3.12114,3.01075,17.2448,-10.2375,1.69901,1,-1,1,-1,1,-1,1,-1,-1.00838e-05,-1.61112e-06,-2.25249e-05,-5.33218e-05,-8.52001e-06,-0.000119109,
3.07397,3.17475,3.12114,3.01075,17.2462,-10.2384,1.69915,1,-1,1,-1,1,-1,1,-1,-1.01371e-05,-1.61964e-06,-2.26441e-05,-5.33218e-05,-8.52001e-06,-0.000119109,
3.07397,3.17475,3.12114,3.01075,17.2477,-10.2392,1.69929,1,-1,1,-1,1,-1,1,-1,-1.01905e-05,-1.62817e-06,-2.27633e-05,-5.33218e-05,-8.52001e-06,-0.000119109,
3.07397,3.17475,3.12114,3.01075,17.2491,-10.2401,1.69943,1,-1,1,-1,1,-1,1,-1,-1.02439e-05,-1.63669e-06,-2.28825e-05,-5.33218e-05,-8.52001e-06,-0.000119109,
3.07397,3.17475,3.12114,3.01075,17.2505,-10.2409,1.69957,1,-1,1,-1,1,-1,1,-1,-1.02972e-05,-1.64521e-06,-2.30016e-05,-5.33218e-05,-8.52001e-06,-0.000119109,
3.07397,3.17475,3.12114,3.01075,17.252,-10.2418,1.69971,1,-1,1,-1,1,-1,1,-1,-1.03506e-05,-1.65374e-06,-2.31208e-05,-5.33218e-05,-8.52001e-06,-0.000119109,
3.07397,3.17475,3.12114,3.01075,17.2534,-10.2426,1.69985,1,-1,1,-1,1,-1,1,-1,-1.0404e-05,-1.66227e-06,-2.32401e-05,-5.33218e-05,-8.52001e-06,-0.000119109,
3.07397,3.17475,3.12114,3.01075,17.2548,-10.2435,1.69999,1,-1,1,-1,1,-1,1,-1,-1.04573e-05,-1.67079e-06,-2.33592e-05,-5.33218e-05,-8.52001e-06,-0.000119109,
3.07397,3.17475,3.12114,3.01075,17.2563,-10.2443,1.70013,1,-1,1,-1,1,-1,1,-1,-1.05107e-05,-1.67932e-06,-2.34785e-05,-5.33218e-05,-8.52001e-06,-0.000119109,
3.07397,3.17475,3.12114,3.01075,17.2577,-10.2452,1.70027,1,-1,1,-1,1,-1,1,-1,-1.0564e-05,-1.68784e-06,-2.35976e-05,-5.33218e-05,-8.52001e-06,-0.000119109,
3.07397,3.17475,3.12114,3.01075,17.2591,-10.246,1.70041,1,-1,1,-1,1,-1,1,-1,-1.06174e-05,-1.69637e-06,-2.37169e-05,-5.33218e-05,-8.52001e-06,-0.000119109,
3.07397,3.17475,3.12114,3.01075,17.2605,-10.2469,1.70056,1,-1,1,-1,1,-1,1,-1,-1.06707e-05,-1.70489e-06,-2.3836e-05,-5.33218e-05,-8.52001e-06,-0.000119109,
3.07397,3.17475,3.12114,3.01075,17.262,-10.2477,1.7007,1,-1,1,-1,1,-1,1,-1,-1.07241e-05,-1.71341e-06,-2.39551e-05,-5.33218e-05,-8.52001e-06,-0.000119109,
3.07397,3.17475,3.12114,3.01075,17.2634,-10.2486,1.70084,1,-1,1,-1,1,-1,1,-1,-1.07774e-05,-1.72193e-06,-2.40743e-05,-5.33218e-05,-8.52001e-06,-0.000119109,
3.07397,3.17475,3.12114,3.01075,17.2648,-10.2494,1.70098,1,-1,1,-1,1,-1,1,-1,-1.08308e-05,-1.73046e-06,-2.41936e-05,-5.33218e-05,-8.52001e-06,-0.000119109,
3.07397,3.17475,3.12114,3.01075,17.2663,-10.2503,1.70112,1,-1,1,-1,1,-1,1,-1,-1.08841e-05,-1.73898e-06,-2.43127e-05,-5.33218e-05,-8.52001e-06,-0.000119109,
3.07397,3.17475,3.12114,3.01075,17.2677,-10.2511,1.70126,1,-1,1,-1,1,-1,1,-1,-1.09375e-05,-1.7475e-06,-2.44318e-05,-5.33218e-05,-8.52001e-06,-0.000119109,
3.07397,3.17475,3.12114,3.01075,17.2691,-10.252,1.7014,1,-1,1,-1,1,-1,1,-1,-1.09909e-05,-1.75603e-06,-2.45511e-05,-5.33218e-05,-8.52001e-06,-0.000119109,
3.07397,3.17475,3.12114,3.01075,17.2706,-10.2528,1.70154,1,-1,1,-1,1,-1,1,-1,-1.10442e-05,-1.76456e-06,-2.46703e-05,-5.33218e-05,-8.52001e-06,-0.000119109,
3.07397,3.17475,3.12114,3.01075,17.272,-10.2537,1.70168,1,-1,1,-1,1,-1,1,-1,-1.10976e-05,-1.77308e-06,-2.47895e-05,-5.33218e-05,-8.52001e-06,-0.000119109,
3.07397,3.17475,3.12114,3.01075,17.2734,-10.2545,1.70182,1,-1,1,-1,1,-1,1,-1,-1.11509e-05,-1.7816e-06,-2.49086e-05,-5.33218e-05,-8.52001e-06,-0.000119109,
3.07397,3.17475,3.12114,3.01075,17.2748,-10.2554,1.70196,1,-1,1,-1,1,-1,1,-1,-1.12043e-05,-1.79013e-06,-2.50279e-05,-5.33218e-05,-8.52001e-06,-0.000119109,
3.07397,3.17475,3.12114,3.01075,17.2763,-10.2562,1.7021,1,-1,1,-1,1,-1,1,-1,-1.12577e-05,-1.79866e-06,-2.5147e-05,-5.33218e-05,-8.52001e-06,-0.000119109,
3.07397,3.17475,3.12114,3.01075,17.2777,-10.2571,1.70225,1,-1,1,-1,1,-1,1,-1,-1.1311e-05,-1.80718e-06,-2.52662e-05,-5.33218e-05,-8.52001e-06,-0.000119109,
3.07397,3.17475,3.12114,3.01075,17.2791,-10.2579,1.70239,1,-1,1,-1,1,-1,1,-1,-1.13644e-05,-1.8157e-06,-2.53854e-05,-5.33218e-05,-8.52001e-06,-0.000119109,
3.07397,3.17475,3.12114,3.01075,17.2806,-10.2587,1.70253,1,-1,1,-1,1,-1,1,-1,-1.14178e-05,-1.82423e-06,-2.55047e-05,-5.33218e-05,-8.52001e-06,-0.000119109,
3.07397,3.17475,3.12114,3.01075,17.282,-10.2596,1.70267,1,-1,1,-1,1,-1,1,-1,-1.14711e-05,-1.83276e-06,-2.56239e-05,-5.33218e-05,-8.52001e-06,-0.000119109,
3.07397,3.17475,3.12114,3.01075,17.2834,-10.2604,1.70281,1,-1,1,-1,1,-1,1,-1,-1.15245e-05,-1.84128e-06,-2.5743e-05,-5.33218e-05,-8.52001e-06,-0.000119109,
3.07397,3.17475,3.12114,3.01075,17.2848,-10.2613,1.70295,1,-1,1,-1,1,-1,1,-1,-1.15778e-05,-1.8498e-06,-2.58622e-05,-5.33218e-05,-8.52001e-06,-0.000119109,
3.07397,3.17475,3.12114,3.01075,17.2863,-10.2621,1.70309,1,-1,1,-1,1,-1,1,-1,-1.16311e-05,-1.85832e-06,-2.59813e-05,-5.33218e-05,-8.52001e-06,-0.000119109,
3.07397,3.17475,3.12114,3.01075,17.2877,-10.263,1.70323,1,-1,1,-1,1,-1,1,-1,-1.16845e-05,-1.86685e-06,-2.61005e-05,-5.33218e-05,-8.52001e-06,-0.000119109,
3.07397,3.17475,3.12114,3.01075,17.2891,-10.2638,1.70337,1,-1,1,-1,1,-1,1,-1,-1.17378e-05,-1.87537e-06,-2.62197e-05,-5.33218e-05,-8.52001e-06,-0.000119109,
3.07397,3.17475,3.12114,3.01075,17.2906,-10.2647,1.70351,1,-1,1,-1,1,-1,1,-1,-1.17912e-05,-1.88389e-06,-2.63389e-05,-5.33218e-05,-8.52001e-06,-0.000119109,
3.07397,3.17475,3.12114,3.01075,17.292,-10.2655,1.70365,1,-1,1,-1,1,-1,1,-1,-1.18446e-05,-1.89242e-06,-2.64581e-05,-5.33218e-05,-8.52001e-06,-0.000119109,
3.07397,3.17475,3.12114,3.01075,17.2934,-10.2664,1.7038,1,-1,1,-1,1,-1,1,-1,-1.1898e-05,-1.90095e-06,-2.65774e-05,-5.33218e-05,-8.52001e-06,-0.000119109,
3.07397,3.17475,3.12114,3.01075,17.2949,-10.2672,1.70394,1,-1,1,-1,1,-1,1,-1,-1.19513e-05,-1.90947e-06,-2.66965e-05,-5.33218e-05,-8.52001e-06,-0.000119109,
3.07397,3.17475,3.12114,3.01075,17.2963,-10.2681,1.70408,1,-1,1,-1,1,-1,1,-1,-1.20047e-05,-1.918e-06,-2.68157e-05,-5.33218e-05,-8.52001e-06,-0.000119109,
3.07397,3.17475,3.12114,3.01075,17.2977,-10.2689,1.70422,1,-1,1,-1,1,-1,1,-1,-1.2058e-05,-1.92652e-06,-2.69348e-05,-5.33218e-05,-8.52001e-06,-0.000119109,
3.07397,3.17475,3.12114,3.01075,17.2991,-10.2698,1.70436,1,-1,1,-1,1,-1,1,-1,-1.21114e-05,-1.93504e-06,-2.7054e-05,-5.33218e-05,-8.52001e-06,-0.000119109,
3.07397,3.17475,3.12114,3.01075,17.3006,-10.2706,1.7045,1,-1,1,-1,1,-1,1,-1,-1.21648e-05,-1.94357e-06,-2.71733e-05,-5.33218e-05,-8.52001e-06,-0.000119109,
3.07397,3.17475,3.12114,3.01075,17.302,-10.2715,1.70464,1,-1,1,-1,1,-1,1,-1,-1.22181e-05,-1.95209e-06,-2.72924e-05,-5.33218e-05,-8.52001e-06,-0.000119109,
3.07397,3.17475,3.12114,3.01075,17.3034,-10.2723,1.70478,1,-1,1,-1,1,-1,1,-1,-1.22714e-05,-1.96062e-06,-2.74116e-05,-5.33218e-05,-8.52001e-06,-0.000119109,
3.07397,3.17475,3.12114,3.01075,17.3049,-10.2732,1.70492,1,-1,1,-1,1,-1,1,-1,-1.23248e-05,-1.96914e-06,-2.75308e-05,-5.33218e-05,-8.52001e-06,-0.000119109,
3.07397,3.17475,3.12114,3.01075,17.3063,-10.274,1.70506,1,-1,1,-1,1,-1,1,-1,-1.23781e-05,-1.97766e-06,-2.76499e-05,-5.33218e-05,-8.52001e-06,-0.000119109,
3.07397,3.17475,3.12114,3.01075,17.3077,-10.2749,1.7052,1,-1,1,-1,1,-1,1,-1,-1.24315e-05,-1.98618e-06,-2.77691e-05,-5.33218e-05,-8.52001e-06,-0.000119109,
3.07397,3.17475,3.12114,3.01075,17.3092,-10.2757,1.70534,1,-1,1,-1,1,-1,1,-1,-1.24848e-05,-1.9947e-06,-2.78882e-05,-5.33218e-05,-8.52001e-06,-0.000119109,
3.07397,3.17475,3.12114,3.01075,17.3106,-10.2766,1.70549,1,-1,1,-1,1,-1,1,-1,-1.25381e-05,-2.00322e-06,-2.80073e-05,-5.33218e-05,-8.52001e-06,-0.000119109,
3.07397,3.17475,3.12114,3.01075,17.312,-10.2774,1.70563,1,-1,1,-1,1,-1,1,-1,-1.25915e-05,-2.01174e-06,-2.81265e-05,-5.33218e-05,-8.52001e-06,-0.000119109,
3.07397,3.17475,3.12114,3.01075,17.3134,-10.2783,1.70577,1,-1,1,-1,1,-1,1,-1,-1.26448e-05,-2.02027e-06,-2.82457e-05,-5.33218e-05,-8.52001e-06,-0.000119109,
3.07397,3.17475,3.12114,3.01075,17.3149,-10.2791,1.70591,1,-1,1,-1,1,-1,1,-1,-1.26982e-05,-2.0288e-06,-2.8365e-05,-5.33218e-05,-8.52001e-06,-0.000119109,
3.07397,3.17475,3.12114,3.01075,17.3163,-10.28,1.70605,1,-1,1,-1,1,-1,1,-1,-1.27516e-05,-2.03732e-06,-2.84842e-05,-5.33218e-05,-8.52001e-06,-0.000119109,
3.07397,3.17475,3.12114,3.01075,17.3177,-10.2808,1.70619,1,-1,1,-1,1,-1,1,-1,-1.2805e-05,-2.04585e-06,-2.86034e-05,-5.33218e-05,-8.52001e-06,-0.000119109,
3.07397,3.17475,3.12114,3.01075,17.3192,-10.2817,1.70633,1,-1,1,-1,1,-1,1,-1,-1.28583e-05,-2.05437e-06,-2.87225e-05,-5.33218e-05,-8.52001e-06,-0.000119109,
3.07397,3.17475,3.12114,3.01075,17.3206,-10.2825,1.70647,1,-1,1,-1,1,-1,1,-1,-1.29117e-05,-2.06289e-06,-2.88417e-05,-5.33218e-05,-8.52001e-06,-0.000119109,
3.07397,3.17475,3.12114,3.01075,17.322,-10.2834,1.70661,1,-1,1,-1,1,-1,1,-1,-1.2965e-05,-2.07142e-06,-2.89609e-05,-5.33218e-05,-8.52001e-06,-0.000119109,
3.07397,3.17475,3.12114,3.01075,17.3235,-10.2842,1.70675,1,-1,1,-1,1,-1,1,-1,-1.30184e-05,-2.07994e-06,-2.90801e-05,-5.33218e-05,-8.52001e-06,-0.000119109,
3.07397,3.17475,3.12114,3.01075,17.3249,-10.2851,1.70689,1,-1,1,-1,1,-1,1,-1,-1.30717e-05,-2.08847e-06,-2.91993e-05,-5.33218e-05,-8.52001e-06,-0.000119109,
3.07397,3.17475,3.12114,3.01075,17.3263,-10.2859,1.70703,1,-1,1,-1,1,-1,1,-1,-1.31251e-05,-2.09699e-06,-2.93184e-05,-5.33218e-05,-8.52001e-06,-0.000119109,
3.07397,3.17475,3.12114,3.01075,17.3277,-10.2868,1.70718,1,-1,1,-1,1,-1,1,-1,-1.31785e-05,-2.10552e-06,-2.94377e-05,-5.33218e-05,-8.52001e-06,-0.000119109,
3.07397,3.17475,3.12114,3.01075,17.3292,-10.2876,1.70732,1,-1,1,-1,1,-1,1,-1,-1.32318e-05,-2.11404e-06,-2.95568e-05,-5.33218e-05,-8.52001e-06,-0.000119109,
3.07397,3.17475,3.12114,3.01075,17.3306,-10.2885,1.70746,1,-1,1,-1,1,-1,1,-1,-1.32852e-05,-2.12257e-06,-2.96761e-05,-5.33218e-05,-8.52001e-06,-0.000119109,
3.07397,3.17475,3.12114,3.01075,17.332,-10.2893,1.7076,1,-1,1,-1,1,-1,1,-1,-1.33385e-05,-2.13109e-06,-2.97952e-05,-5.33218e-05,-8.52001e-06,-0.000119109,
3.07397,3.17475,3.12114,3.01075,17.3335,-10.2902,1.70774,1,-1,1,-1,1,-1,1,-1,-1.33919e-05,-2.13961e-06,-2.99143e-05,-5.33218e-05,-8.52001e-06,-0.000119109,
3.07397,3.17475,3.12114,3.01075,17.3349,-10.291,1.70788,1,-1,1,-1,1,-1,1,-1,-1.34452e-05,-2.14813e-06,-3.00335e-05,-5.33218e-05,-8.52001e-06,-0.000119109,
3.07397,3.17475,3.12114,3.01075,17.3363,-10.2918,1.70802,1,-1,1,-1,1,-1,1,-1,-1.34985e-05,-2.15665e-06,-3.01526e-05,-5.33218e-05,-8.52001e-06,-0.000119109,
3.07397,3.17475,3.12114,3.01075,17.3377,-10.2927,1.70816,1,-1,1,-1,1,-1,1,-1,-1.35519e-05,-2.16518e-06,-3.02719e-05,-5.33218e-05,-8.52001e-06,-0.000119109,
3.07397,3.17475,3.12114,3.01075,17.3392,-10.2935,1.7083,1,-1,1,-1,1,-1,1,-1,-1.36052e-05,-2.1737e-06,-3.0391e-05,-5.33218e-05,-8.52001e-06,-0.000119109,
3.07397,3.17475,3.12114,3.01075,17.3406,-10.2944,1.70844,1,-1,1,-1,1,-1,1,-1,-1.36586e-05,-2.18222e-06,-3.05102e-05,-5.33218e-05,-8.52001e-06,-0.000119109,
3.07397,3.17475,3.12114,3.01075,17.342,-10.2952,1.70858,1,-1,1,-1,1,-1,1,-1,-1.3712e-05,-2.19074e-06,-3.06294e-05,-5.33218e-05,-8.52001e-06,-0.000119109,
3.07397,3.17475,3.12114,3.01075,17.3435,-10.2961,1.70873,1,-1,1,-1,1,-1,1,-1,-1.37653e-05,-2.19927e-06,-3.07486e-05,-5.33218e-05,-8.52001e-06,-0.000119109,
3.07397,3.17475,3.12114,3.01075,17.3449,-10.2969,1.70887,1,-1,1,-1,1,-1,1,-1,-1.38187e-05,-2.2078e-06,-3.08678e-05,-5.33218e-05,-8.52001e-06,-0.000119109,
3.07397,3.17475,3.12114,3.01075,17.3463,-10.2978,1.70901,1,-1,1,-1,1,-1,1,-1,-1.38721e-05,-2.21632e-06,-3.0987e-05,-5.33218e-05,-8.52001e-06,-0.000119109,
3.07397,3.17475,3.12114,3.01075,17.3478,-10.2986,1.70915,1,-1,1,-1,1,-1,1,-1,-1.39254e-05,-2.22485e-06,-3.11062e-05,-5.33218e-05,-8.52001e-06,-0.000119109,
3.07397,3.17475,3.12114,3.01075,17.3492,-10.2995,1.70929,1,-1,1,-1,1,-1,1,-1,-1.39788e-05,-2.23337e-06,-3.12254e-05,-5.33218e-05,-8.52001e-06,-0.000119109,
3.07397,3.17475,3.12114,3.01075,17.3506,-10.3003,1.70943,1,-1,1,-1,1,-1,1,-1,-1.40322e-05,-2.2419e-06,-3.13446e-05,-5.33218e-05,-8.52001e-06,-0.000119109,
3.07397,3.17475,3.12114,3.01075,17.352,-10.3012,1.70957,1,-1,1,-1,1,-1,1,-1,-1.40855e-05,-2.25042e-06,-3.14638e-05,-5.33218e-05,-8.52001e-06,-0.000119109,
3.07397,3.17475,3.12114,3.01075,17.3535,-10.302,1.70971,1,-1,1,-1,1,-1,1,-1,-1.41389e-05,-2.25894e-06,-3.1583e-05,-5.33218e-05,-8.52001e-06,-0.000119109,
3.07397,3.17475,3.12114,3.01075,17.3549,-10.3029,1.70985,1,-1,1,-1,1,-1,1,-1,-1.41922e-05,-2.26747e-06,-3.17022e-05,-5.33218e-05,-8.52001e-06,-0.000119109,
3.07397,3.17475,3.12114,3.01075,17.3563,-10.3037,1.70999,1,-1,1,-1,1,-1,1,-1,-1.42456e-05,-2.27599e-06,-3.18213e-05,-5.33218e-05,-8.52001e-06,-0.000119109,
3.07397,3.17475,3.12114,3.01075,17.3578,-10.3046,1.71013,1,-1,1,-1,1,-1,1,-1,-1.42989e-05,-2.28451e-06,-3.19405e-05,-5.33218e-05,-8.52001e-06,-0.000119109,
3.07397,3.17475,3.12114,3.01075,17.3592,-10.3054,1.71027,1,-1,1,-1,1,-1,1,-1,-1.43523e-05,-2.29303e-06,-3.20596e-05,-5.33218e-05,-8.52001e-06,-0.000119109,
3.07397,3.17475,3.12114,3.01075,17.3606,-10.3063,1.71042,1,-1,1,-1,1,-1,1,-1,-1.44056e-05,-2.30155e-06,-3.21788e-05,-5.33218e-05,-8.52001e-06,-0.000119109,
3.07397,3.17475,3.12114,3.01075,17.3621,-10.3071,1.71056,1,-1,1,-1,1,-1,1,-1,-1.44589e-05,-2.31008e-06,-3.2298e-05,-5.33218e-05,-8.52001e-06,-0.000119109,
3.07397,3.17475,3.12114,3.01075,17.3635,-10.308,1.7107,1,-1,1,-1,1,-1,1,-1,-1.45123e-05,-2.31861e-06,-3.24172e-05,-5.33218e-05,-8.52001e-06,-0.000119109,
3.07397,3.17475,3.12114,3.01075,17.3649,-10.3088,1.71084,1,-1,1,-1,1,-1,1,-1,-1.45657e-05,-2.32713e-06,-3.25364e-05,-5.33218e-05,-8.52001e-06,-0.000119109,
3.07397,3.17475,3.12114,3.01075,17.3663,-10.3097,1.71098,1,-1,1,-1,1,-1,1,-1,-1.4619e-05,-2.33565e-06,-3.26556e-05,-5.33218e-05,-8.52001e-06,-0.000119109,
3.07397,3.17475,3.12114,3.01075,17.3678,-10.3105,1.71112,1,-1,1,-1,1,-1,1,-1,-1.46724e-05,-2.34418e-06,-3.27748e-05,-5.33218e-05,-8.52001e-06,-0.000119109,
3.07397,3.17475,3.12114,3.01075,17.3692,-10.3114,1.71126,1,-1,1,-1,1,-1,1,-1,-1.47258e-05,-2.3527e-06,-3.2894e-05,-5.33218e-05,-8.52001e-06,-0.000119109,
3.07397,3.17475,3.12114,3.01075,17.3706,-10.3122,1.7114,1,-1,1,-1,1,-1,1,-1,-1.47791e-05,-2.36122e-06,-3.30131e-05,-5.33218e-05,-8.52001e-06,-0.000119109,
3.07397,3.17475,3.12114,3.01075,17.3721,-10.3131,1.71154,1,-1,1,-1,1,-1,1,-1,-1.48325e-05,-2.36975e-06,-3.31323e-05,-5.33218e-05,-8.52001e-06,-0.000119109,
3.07397,3.17475,3.12114,3.01075,17.3735,-10.3139,1.71168,1,-1,1,-1,1,-1,1,-1,-1.48858e-05,-2.37827e-06,-3.32515e-05,-5.33218e-05,-8.52001e-06,-0.000119109,
3.07397,3.17475,3.12114,3.01075,17.3749,-10.3148,1.71182,1,-1,1,-1,1,-1,1,-1,-1.49392e-05,-2.3868e-06,-3.33707e-05,-5.33218e-05,-8.52001e-06,-0.000119109,
3.07397,3.17475,3.12114,3.01075,17.3764,-10.3156,1.71197,1,-1,1,-1,1,-1,1,-1,-1.49925e-05,-2.39532e-06,-3.34899e-05,-5.33218e-05,-8.52001e-06,-0.000119109,
3.07397,3.17475,3.12114,3.01075,17.3778,-10.3165,1.71211,1,-1,1,-1,1,-1,1,-1,-1.50459e-05,-2.40384e-06,-3.3609e-05,-5.33218e-05,-8.52001e-06,-0.000119109,
3.07397,3.17475,3.12114,3.01075,17.3792,-10.3173,1.71225,1,-1,1,-1,1,-1,1,-1,-1.50992e-05,-2.41236e-06,-3.37281e-05,-5.33218e-05,-8.52001e-06,-0.000119109,
3.07397,3.17475,3.12114,3.01075,17.3806,-10.3182,1.71239,1,-1,1,-1,1,-1,1,-1,-1.51526e-05,-2.42088e-06,-3.38473e-05,-5.33218e-05,-8.52001e-06,-0.000119109,
3.07397,3.17475,3.12114,3.01075,17.3821,-10.319,1.71253,1,-1,1,-1,1,-1,1,-1,-1.52059e-05,-2.4294e-06,-3.39665e-05,-5.33218e-05,-8.52001e-06,-0.000119109,
3.07397,3.17475,3.12114,3.01075,17.3835,-10.3199,1.71267,1,-1,1,-1,1,-1,1,-1,-1.52593e-05,-2.43793e-06,-3.40857e-05,-5.33218e-05,-8.52001e-06,-0.000119109,
3.07397,3.17475,3.12114,3.01075,17.3849,-10.3207,1.71281,1,-1,1,-1,1,-1,1,-1,-1.53126e-05,-2.44645e-06,-3.42049e-05,-5.33218e-05,-8.52001e-06,-0.000119109,
3.07397,3.17475,3.12114,3.01075,17.3864,-10.3216,1.71295,1,-1,1,-1,1,-1,1,-1,-1.5366e-05,-2.45497e-06,-3.4324e-05,-5.33218e-05,-8.52001e-06,-0.000119109,
3.07397,3.17475,3.12114,3.01075,17.3878,-10.3224,1.71309,1,-1,1,-1,1,-1,1,-1,-1.54193e-05,-2.46349e-06,-3.44431e-05,-5.33218e-05,-8.52001e-06,-0.000119109,
3.07397,3.17475,3.12114,3.01075,17.3892,-10.3233,1.71323,1,-1,1,-1,1,-1,1,-1,-1.54726e-05,-2.47201e-06,-3.45623e-05,-5.33218e-05,-8.52001e-06,-0.000119109,
3.07397,3.17475,3.12114,3.01075,17.3906,-10.3241,1.71337,1,-1,1,-1,1,-1,1,-1,-1.5526e-05,-2.48054e-06,-3.46814e-05,-5.33218e-05,-8.52001e-06,-0.000119109,
3.07397,3.17475,3.12114,3.01075,17.3921,-10.325,1.71351,1,-1,1,-1,1,-1,1,-1,-1.55793e-05,-2.48906e-06,-3.48006e-05,-5.33218e-05,-8.52001e-06,-0.000119109,
3.07397,3.17475,3.12114,3.01075,17.3935,-10.3258,1.71366,1,-1,1,-1,1,-1,1,-1,-1.56327e-05,-2.49758e-06,-3.49198e-05,-5.33218e-05,-8.52001e-06,-0.000119109,
3.07397,3.17475,3.12114,3.01075,17.3949,-10.3266,1.7138,1,-1,1,-1,1,-1,1,-1,-1.56861e-05,-2.50611e-06,-3.50391e-05,-5.33218e-05,-8.52001e-06,-0.000119109,
3.07397,3.17475,3.12114,3.01075,17.3964,-10.3275,1.71394,1,-1,1,-1,1,-1,1,-1,-1.57394e-05,-2.51463e-06,-3.51582e-05,-5.33218e-05,-8.52001e-06,-0.000119109,
3.07397,3.17475,3.12114,3.01075,17.3978,-10.3283,1.71408,1,-1,1,-1,1,-1,1,-1,-1.57928e-05,-2.52316e-06,-3.52775e-05,-5.33218e-05,-8.52001e-06,-0.000119109,
3.07397,3.17475,3.12114,3.01075,17.3992,-10.3292,1.71422,1,-1,1,-1,1,-1,1,-1,-1.58462e-05,-2.53169e-06,-3.53967e-05,-5.33218e-05,-8.52001e-06,-0.000119109,
3.07397,3.17475,3.12114,3.01075,17.4007,-10.33,1.71436,1,-1,1,-1,1,-1,1,-1,-1.58995e-05,-2.54021e-06,-3.55159e-05,-5.33218e-05,-8.52001e-06,-0.000119109,
3.07397,3.17475,3.12114,3.01075,17.4021,-10.3309,1.7145,1,-1,1,-1,1,-1,1,-1,-1.59529e-05,-2.54874e-06,-3.56351e-05,-5.33218e-05,-8.52001e-06,-0.000119109,
3.07397,3.17475,3.12114,3.01075,17.4035,-10.3317,1.71464,1,-1,1,-1,1,-1,1,-1,-1.60063e-05,-2.55726e-06,-3.57543e-05,-5.33218e-05,-8.52001e-06,-0.000119109,
3.07397,3.17475,3.12114,3.01075,17.4049,-10.3326,1.71478,1,-1,1,-1,1,-1,1,-1,-1.60596e-05,-2.56578e-06,-3.58734e-05,-5.33218e-05,-8.52001e-06,-0.000119109,
3.07397,3.17475,3.12114,3.01075,17.4064,-10.3334,1.71492,1,-1,1,-1,1,-1,1,-1,-1.61129e-05,-2.5743e-06,-3.59926e-05,-5.33218e-05,-8.52001e-06,-0.000119109,
3.07397,3.17475,3.12114,3.01075,17.4078,-10.3343,1.71506,1,-1,1,-1,1,-1,1,-1,-1.61663e-05,-2.58282e-06,-3.61117e-05,-5.33218e-05,-8.52001e-06,-0.000119109,
3.07397,3.17475,3.12114,3.01075,17.4092,-10.3351,1.7152,1,-1,1,-1,1,-1,1,-1,-1.62196e-05,-2.59135e-06,-3.62309e-05,-5.33218e-05,-8.52001e-06,-0.000119109,
3.07397,3.17475,3.12114,3.01075,17.4107,-10.336,1.71535,1,-1,1,-1,1,-1,1,-1,-1.6273e-05,-2.59987e-06,-3.63501e-05,-5.33218e-05,-8.52001e-06,-0.000119109,
3.07397,3.17475,3.12114,3.01075,17.4121,-10.3368,1.71549,1,-1,1,-1,1,-1,1,-1,-1.63263e-05,-2.60839e-06,-3.64692e-05,-5.33218e-05,-8.52001e-06,-0.000119109,
3.07397,3.17475,3.12114,3.01075,17.4135,-10.3377,1.71563,1,-1,1,-1,1,-1,1,-1,-1.63797e-05,-2.61692e-06,-3.65885e-05,-5.33218e-05,-8.52001e-06,-0.000119109,
3.07397,3.17475,3.12114,3.01075,17.4149,-10.3385,1.71577,1,-1,1,-1,1,-1,1,-1,-1.6433e-05,-2.62544e-06,-3.67076e-05,-5.33218e-05,-8.52001e-06,-0.000119109,
3.07397,3.17475,3.12114,3.01075,17.4164,-10.3394,1.71591,1,-1,1,-1,1,-1,1,-1,-1.64864e-05,-2.63395e-06,-3.68267e-05,-5.33218e-05,-8.52001e-06,-0.000119109,
3.07397,3.17475,3.12114,3.01075,17.4178,-10.3402,1.71605,1,-1,1,-1,1,-1,1,-1,-1.65397e-05,-2.64248e-06,-3.69459e-05,-5.33218e-05,-8.52001e-06,-0.000119109,
3.07397,3.17475,3.12114,3.01075,17.4192,-10.3411,1.71619,1,-1,1,-1,1,-1,1,-1,-1.65931e-05,-2.651e-06,-3.70651e-05,-5.33218e-05,-8.52001e-06,-0.000119109,
3.07397,3.17475,3.12114,3.01075,17.4207,-10.3419,1.71633,1,-1,1,-1,1,-1,1,-1,-1.66464e-05,-2.65953e-06,-3.71843e-05,-5.33218e-05,-8.52001e-06,-0.000119109,
3.07397,3.17475,3.12114,3.01075,17.4221,-10.3428,1.71647,1,-1,1,-1,1,-1,1,-1,-1.66998e-05,-2.66805e-06,-3.73035e-05,-5.33218e-05,-8.52001e-06,-0.000119109,
3.07397,3.17475,3.12114,3.01075,17.4235,-10.3436,1.71661,1,-1,1,-1,1,-1,1,-1,-1.67531e-05,-2.67657e-06,-3.74227e-05,-5.33218e-05,-8.52001e-06,-0.000119109,
3.07397,3.17475,3.12114,3.01075,17.425,-10.3445,1.71675,1,-1,1,-1,1,-1,1,-1,-1.68065e-05,-2.6851e-06,-3.75419e-05,-5.33218e-05,-8.52001e-06,-0.000119109,
3.07397,3.17475,3.12114,3.01075,17.4264,-10.3453,1.71689,1,-1,1,-1,1,-1,1,-1,-1.68599e-05,-2.69362e-06,-3.7661e-05,-5.33218e-05,-8.52001e-06,-0.000119109,
3.07397,3.17475,3.12114,3.01075,17.4278,-10.3462,1.71704,1,-1,1,-1,1,-1,1,-1,-1.69132e-05,-2.70214e-06,-3.77802e-05,-5.33218e-05,-8.52001e-06,-0.000119109,
3.07397,3.17475,3.12114,3.01075,17.4292,-10.347,1.71718,1,-1,1,-1,1,-1,1,-1,-1.69665e-05,-2.71066e-06,-3.78994e-05,-5.33218e-05,-8.52001e-06,-0.000119109,
3.07397,3.17475,3.12114,3.01075,17.4307,-10.3479,1.71732,1,-1,1,-1,1,-1,1,-1,-1.70199e-05,-2.71919e-06,-3.80186e-05,-5.33218e-05,-8.52001e-06,-0.000119109,
3.07397,3.17475,3.12114,3.01075,17.4321,-10.3487,1.71746,1,-1,1,-1,1,-1,1,-1,-1.70733e-05,-2.72772e-06,-3.81378e-05,-5.33218e-05,-8.52001e-06,-0.000119109,
3.07397,3.17475,3.12114,3.01075,17.4335,-10.3496,1.7176,1,-1,1,-1,1,-1,1,-1,-1.71267e-05,-2.73624e-06,-3.8257e-05,-5.33218e-05,-8.52001e-06,-0.000119109,
3.07397,3.17475,3.12114,3.01075,17.435,-10.3504,1.71774,1,-1,1,-1,1,-1,1,-1,-1.718e-05,-2.74477e-06,-3.83763e-05,-5.33218e-05,-8.52001e-06,-0.000119109,
3.07397,3.17475,3.12114,3.01075,17.4364,-10.3513,1.71788,1,-1,1,-1,1,-1,1,-1,-1.72334e-05,-2.75329e-06,-3.84954e-05,-5.33218e-05,-8.52001e-06,-0.000119109,
3.07397,3.17475,3.12114,3.01075,17.4378,-10.3521,1.71802,1,-1,1,-1,1,-1,1,-1,-1.72868e-05,-2.76182e-06,-3.86147e-05,-5.33218e-05,-8.52001e-06,-0.000119109,
3.07397,3.17475,3.12114,3.01075,17.4393,-10.353,1.71816,1,-1,1,-1,1,-1,1,-1,-1.73401e-05,-2.77034e-06,-3.87338e-05,-5.33218e-05,-8.52001e-06,-0.000119109,
3.07397,3.17475,3.12114,3.01075,17.4407,-10.3538,1.7183,1,-1,1,-1,1,-1,1,-1,-1.73935e-05,-2.77886e-06,-3.8853e-05,-5.33218e-05,-8.52001e-06,-0.000119109,
3.07397,3.17475,3.12114,3.01075,17.4421,-10.3547,1.71844,1,-1,1,-1,1,-1,1,-1,-1.74468e-05,-2.78738e-06,-3.89721e-05,-5.33218e-05,-8.52001e-06,-0.000119109,
3.07397,3.17475,3.12114,3.01075,17.4435,-10.3555,1.71859,1,-1,1,-1,1,-1,1,-1,-1.75001e-05,-2.7959e-06,-3.90913e-05,-5.33218e-05,-8.52001e-06,-0.000119109,
3.07397,3.17475,3.12114,3.01075,17.445,-10.3564,1.71873,1,-1,1,-1,1,-1,1,-1,-1.75535e-05,-2.80443e-06,-3.92105e-05,-5.33218e-05,-8.52001e-06,-0.000119109,
3.07397,3.17475,3.12114,3.01075,17.4464,-10.3572,1.71887,1,-1,1,-1,1,-1,1,-1,-1.76068e-05,-2.81295e-06,-3.93296e-05,-5.33218e-05,-8.52001e-06,-0.000119109,
3.07397,3.17475,3.12114,3.01075,17.4478,-10.3581,1.71901,1,-1,1,-1,1,-1,1,-1,-1.76602e-05,-2.82147e-06,-3.94488e-05,-5.33218e-05,-8.52001e-06,-0.000119109,
3.07397,3.17475,3.12114,3.01075,17.4493,-10.3589,1.71915,1,-1,1,-1,1,-1,1,-1,-1.77135e-05,-2.82999e-06,-3.95679e-05,-5.33218e-05,-8.52001e-06,-0.000119109,
3.07397,3.17475,3.12114,3.01075,17.4507,-10.3597,1.71929,1,-1,1,-1,1,-1,1,-1,-1.77669e-05,-2.83851e-06,-3.96871e-05,-5.33218e-05,-8.52001e-06,-0.000119109,
3.07397,3.17475,3.12114,3.01075,17.4521,-10.3606,1.71943,1,-1,1,-1,1,-1,1,-1,-1.78202e-05,-2.84703e-06,-3.98062e-05,-5.33218e-05,-8.52001e-06,-0.000119109,
3.07397,3.17475,3.12114,3.01075,17.4535,-10.3614,1.71957,1,-1,1,-1,1,-1,1,-1,-1.78735e-05,-2.85555e-06,-3.99253e-05,-5.33218e-05,-8.52001e-06,-0.000119109,
3.07397,3.17475,3.12114,3.01075,17.455,-10.3623,1.71971,1,-1,1,-1,1,-1,1,-1,-1.79269e-05,-2.86407e-06,-4.00446e-05,-5.33218e-05,-8.52001e-06,-0.000119109,
3.07397,3.17475,3.12114,3.01075,17.4564,-10.3631,1.71985,1,-1,1,-1,1,-1,1,-1,-1.79803e-05,-2.8726e-06,-4.01637e-05,-5.33218e-05,-8.52001e-06,-0.000119109,
3.07397,3.17475,3.12114,3.01075,17.4578,-10.364,1.71999,1,-1,1,-1,1,-1,1,-1,-1.80336e-05,-2.88112e-06,-4.02829e-05,-5.33218e-05,-8.52001e-06,-0.000119109,
3.07397,3.17475,3.12114,3.01075,17.4593,-10.3648,1.72013,1,-1,1,-1,1,-1,1,-1,-1.8087e-05,-2.88965e-06,-4.04021e-05,-5.33218e-05,-8.52001e-06,-0.000119109,
3.07397,3.17475,3.12114,3.01075,17.4607,-10.3657,1.72028,1,-1,1,-1,1,-1,1,-1,-1.81403e-05,-2.89817e-06,-4.05213e-05,-5.33218e-05,-8.52001e-06,-0.000119109,
3.07397,3.17475,3.12114,3.01075,17.4621,-10.3665,1.72042,1,-1,1,-1,1,-1,1,-1,-1.81937e-05,-2.9067e-06,-4.06406e-05,-5.33218e-05,-8.52001e-06,-0.000119109,
3.07397,3.17475,3.12114,3.01075,17.4636,-10.3674,1.72056,1,-1,1,-1,1,-1,1,-1,-1.82471e-05,-2.91523e-06,-4.07599e-05,-5.33218e-05,-8.52001e-06,-0.000119109,
3.07397,3.17475,3.12114,3.01075,17.465,-10.3682,1.7207,1,-1,1,-1,1,-1,1,-1,-1.83005e-05,-2.92375e-06,-4.0879e-05,-5.33218e-05,-8.52001e-06,-0.000119109,
3.07397,3.17475,3.12114,3.01075,17.4664,-10.3691,1.72084,1,-1,1,-1,1,-1,1,-1,-1.83539e-05,-2.93228e-06,-4.09983e-05,-5.33218e-05,-8.52001e-06,-0.000119109,
3.07397,3.17475,3.12114,3.01075,17.4678,-10.3699,1.72098,1,-1,1,-1,1,-1,1,-1,-1.84072e-05,-2.9408e-06,-4.11175e-05,-5.33218e-05,-8.52001e-06,-0.000119109,
3.07397,3.17475,3.12114,3.01075,17.4693,-10.3708,1.72112,1,-1,1,-1,1,-1,1,-1,-1.84606e-05,-2.94932e-06,-4.12366e-05,-5.33218e-05,-8.52001e-06,-0.000119109,
3.07397,3.17475,3.12114,3.01075,17.4707,-10.3716,1.72126,1,-1,1,-1,1,-1,1,-1,-1.85139e-05,-2.95784e-06,-4.13558e-05,-5.33218e-05,-8.52001e-06,-0.000119109,
3.07397,3.17475,3.12114,3.01075,17.4721,-10.3725,1.7214,1,-1,1,-1,1,-1,1,-1,-1.85672e-05,-2.96636e-06,-4.14749e-05,-5.33218e-05,-8.52001e-06,-0.000119109,
3.07397,3.17475,3.12114,3.01075,17.4736,-10.3733,1.72154,1,-1,1,-1,1,-1,1,-1,-1.86206e-05,-2.97488e-06,-4.1594e-05,-5.33218e-05,-8.52001e-06,-0.000119109,
3.07397,3.17475,3.12114,3.01075,17.475,-10.3742,1.72168,1,-1,1,-1,1,-1,1,-1,-1.86739e-05,-2.9834e-06,-4.17132e-05,-5.33218e-05,-8.52001e-06,-0.000119109,
3.07397,3.17475,3.12114,3.01075,17.4764,-10.375,1.72182,1,-1,1,-1,1,-1,1,-1,-1.87272e-05,-2.99193e-06,-4.18323e-05,-5.33218e-05,-8.52001e-06,-0.000119109,
3.07397,3.17475,3.12114,3.01075,17.4779,-10.3759,1.72197,1,-1,1,-1,1,-1,1,-1,-1.87806e-05,-3.00045e-06,-4.19515e-05,-5.33218e-05,-8.52001e-06,-0.000119109,
3.07397,3.17475,3.12114,3.01075,17.4793,-10.3767,1.72211,1,-1,1,-1,1,-1,1,-1,-1.8834e-05,-3.00897e-06,-4.20707e-05,-5.33218e-05,-8.52001e-06,-0.000119109,
3.07397,3.17475,3.12114,3.01075,17.4807,-10.3776,1.72225,1,-1,1,-1,1,-1,1,-1,-1.88873e-05,-3.0175e-06,-4.21899e-05,-5.33218e-05,-8.52001e-06,-0.000119109,
3.07397,3.17475,3.12114,3.01075,17.4821,-10.3784,1.72239,1,-1,1,-1,1,-1,1,-1,-1.89407e-05,-3.02602e-06,-4.23091e-05,-5.33218e-05,-8.52001e-06,-0.000119109,
3.07397,3.17475,3.12114,3.01075,17.4836,-10.3793,1.72253,1,-1,1,-1,1,-1,1,-1,-1.8994e-05,-3.03454e-06,-4.24282e-05,-5.33218e-05,-8.52001e-06,-0.000119109,
3.07397,3.17475,3.12114,3.01075,17.485,-10.3801,1.72267,1,-1,1,-1,1,-1,1,-1,-1.90473e-05,-3.04306e-06,-4.25474e-05,-5.33218e-05,-8.52001e-06,-0.000119109,
3.07397,3.17475,3.12114,3.01075,17.4864,-10.381,1.72281,1,-1,1,-1,1,-1,1,-1,-1.91007e-05,-3.05159e-06,-4.26666e-05,-5.33218e-05,-8.52001e-06,-0.000119109,
3.07397,3.17475,3.12114,3.01075,17.4879,-10.3818,1.72295,1,-1,1,-1,1,-1,1,-1,-1.91541e-05,-3.06011e-06,-4.27859e-05,-5.33218e-05,-8.52001e-06,-0.000119109,
3.07397,3.17475,3.12114,3.01075,17.4893,-10.3827,1.72309,1,-1,1,-1,1,-1,1,-1,-1.92075e-05,-3.06864e-06,-4.29051e-05,-5.33218e-05,-8.52001e-06,-0.000119109,
3.07397,3.17475,3.12114,3.01075,17.4907,-10.3835,1.72323,1,-1,1,-1,1,-1,1,-1,-1.92608e-05,-3.07716e-06,-4.30243e-05,-5.33218e-05,-8.52001e-06,-0.000119109,
3.07397,3.17475,3.12114,3.01075,17.4922,-10.3844,1.72337,1,-1,1,-1,1,-1,1,-1,-1.93142e-05,-3.08569e-06,-4.31435e-05,-5.33218e-05,-8.52001e-06,-0.000119109,
3.07397,3.17475,3.12114,3.01075,17.4936,-10.3852,1.72352,1,-1,1,-1,1,-1,1,-1,-1.93676e-05,-3.09421e-06,-4.32627e-05,-5.33218e-05,-8.52001e-06,-0.000119109,
3.07397,3.17475,3.12114,3.01075,17.495,-10.3861,1.72366,1,-1,1,-1,1,-1,1,-1,-1.94209e-05,-3.10273e-06,-4.33818e-05,-5.33218e-05,-8.52001e-06,-0.000119109,
3.07397,3.17475,3.12114,3.01075,17.4964,-10.3869,1.7238,1,-1,1,-1,1,-1,1,-1,-1.94743e-05,-3.11126e-06,-4.3501e-05,-5.33218e-05,-8.52001e-06,-0.000119109,
3.07397,3.17475,3.12114,3.01075,17.4979,-10.3878,1.72394,1,-1,1,-1,1,-1,1,-1,-1.95276e-05,-3.11978e-06,-4.36202e-05,-5.33218e-05,-8.52001e-06,-0.000119109,
3.07397,3.17475,3.12114,3.01075,17.4993,-10.3886,1.72408,1,-1,1,-1,1,-1,1,-1,-1.95809e-05,-3.1283e-06,-4.37393e-05,-5.33218e-05,-8.52001e-06,-0.000119109,
3.07397,3.17475,3.12114,3.01075,17.5007,-10.3895,1.72422,1,-1,1,-1,1,-1,1,-1,-1.96343e-05,-3.13682e-06,-4.38585e-05,-5.33218e-05,-8.52001e-06,-0.000119109,
3.07397,3.17475,3.12114,3.01075,17.5022,-10.3903,1.72436,1,-1,1,-1,1,-1,1,-1,-1.96877e-05,-3.14534e-06,-4.39777e-05,-5.33218e-05,-8.52001e-06,-0.000119109,
3.07397,3.17475,3.12114,3.01075,17.5036,-10.3912,1.7245,1,-1,1,-1,1,-1,1,-1,-1.9741e-05,-3.15386e-06,-4.40968e-05,-5.33218e-05,-8.52001e-06,-0.000119109,
3.07397,3.17475,3.12114,3.01075,17.505,-10.392,1.72464,1,-1,1,-1,1,-1,1,-1,-1.97944e-05,-3.16238e-06,-4.4216e-05,-5.33218e-05,-8.52001e-06,-0.000119109,
3.07397,3.17475,3.12114,3.01075,17.5064,-10.3928,1.72478,1,-1,1,-1,1,-1,1,-1,-1.98477e-05,-3.1709e-06,-4.43351e-05,-5.33218e-05,-8.52001e-06,-0.000119109,
3.07397,3.17475,3.12114,3.01075,17.5079,-10.3937,1.72492,1,-1,1,-1,1,-1,1,-1,-1.9901e-05,-3.17942e-06,-4.44543e-05,-5.33218e-05,-8.52001e-06,-0.000119109,
3.07397,3.17475,3.12114,3.01075,17.5093,-10.3945,1.72506,1,-1,1,-1,1,-1,1,-1,-1.99543e-05,-3.18794e-06,-4.45734e-05,-5.33218e-05,-8.52001e-06,-0.000119109,
3.07397,3.17475,3.12114,3.01075,17.5107,-10.3954,1.72521,1,-1,1,-1,1,-1,1,-1,-2.00077e-05,-3.19647e-06,-4.46926e-05,-5.33218e-05,-8.52001e-06,-0.000119109,
3.07397,3.17475,3.12114,3.01075,17.5122,-10.3962,1.72535,1,-1,1,-1,1,-1,1,-1,-2.00611e-05,-3.20499e-06,-4.48118e-05,-5.33218e-05,-8.52001e-06,-0.000119109,
3.07397,3.17475,3.12114,3.01075,17.5136,-10.3971,1.72549,1,-1,1,-1,1,-1,1,-1,-2.01145e-05,-3.21352e-06,-4.4931e-05,-5.33218e-05,-8.52001e-06,-0.000119109,
3.07397,3.17475,3.12114,3.01075,17.515,-10.3979,1.72563,1,-1,1,-1,1,-1,1,-1,-2.01678e-05,-3.22204e-06,-4.50502e-05,-5.33218e-05,-8.52001e-06,-0.000119109,
3.07397,3.17475,3.12114,3.01075,17.5165,-10.3988,1.72577,1,-1,1,-1,1,-1,1,-1,-2.02212e-05,-3.23056e-06,-4.51694e-05,-5.33218e-05,-8.52001e-06,-0.000119109,
3.07397,3.17475,3.12114,3.01075,17.5179,-10.3996,1.72591,1,-1,1,-1,1,-1,1,-1,-2.02745e-05,-3.23908e-06,-4.52886e-05,-5.33218e-05,-8.52001e-06,-0.000119109,
3.07397,3.17475,3.12114,3.01075,17.5193,-10.4005,1.72605,1,-1,1,-1,1,-1,1,-1,-2.03278e-05,-3.2476e-06,-4.54077e-05,-5.33218e-05,-8.52001e-06,-0.000119109,
