ee_s_x,ee_s_y,ee_s_z,ee_s_qx,ee_s_qy,ee_s_qz,ee_s_qw,ee_twist_x,ee_twist_y,ee_twist_z,ee_twist_qx,ee_twist_qy,ee_twist_qz,elbow_s_x,elbow_s_y,elbow_s_z,elbow_s_qx,elbow_s_qy,elbow_s_qz,elbow_s_qw,arm_base_s_x,arm_base_s_y,arm_base_s_z,arm_base_s_qx,arm_base_s_qy,arm_base_s_qz,arm_base_s_qw,ee_f_e_x, ee_f_e_y, ee_f_e_z, ee_f_e_qx, ee_f_e_qy, ee_f_e_qz,ee_beta_x,ee_beta_y,ee_beta_z,ee_beta_qx,ee_beta_qy,ee_beta_qz,tau_c_1,tau_c_2,tau_c_3,tau_c_4,tau_c_5,tau_c_6,tau_c_7,ee_f_c_x,ee_f_c_y,ee_f_c_z,ee_f_c_qx,ee_f_c_qy,ee_f_c_qz,elbow_f_c_x,elbow_f_c_y,elbow_f_c_z,elbow_f_c_qx,elbow_f_c_qy,elbow_f_c_qz
0.42433,-0.260637,0.718581,0.551066,0.477406,-0.484185,-0.483708,-0.00111351,0.0129242,0.00961076,-0.0389714,-0.0675101,0.0311126,0.327929,-0.567422,0.708654,0.999794,0.0145508,-0.0129153,0.00573721,-0.178981,-0.0799403,0.739144,0.694608,-0.287717,0.609157,0.252322,0,0,0,0,0,0,0,-3.56448,-3.21579,11.0329,18.5858,-5.43587,-9.32537,9.73528,-8.06716,3.09237,-0.861138,-1.37098,0.768146,0,0,-12,0,0,0,0,0,-2.59634,0,0,0,
0.424193,-0.259813,0.71917,0.552054,0.478295,-0.48427,-0.481616,-0.00273098,0.0123818,0.00360416,-0.0400527,-0.0432802,0.0344508,0.328452,-0.566831,0.709899,0.999773,0.0155535,-0.0125039,0.00743942,-0.178981,-0.0799403,0.739144,0.694608,-0.287717,0.609157,0.252322,0,0,0,0,0,0,0,-1.03112,-0.991188,3.41623,5.13129,-5.06164,-3.66727,-5.41729,-7.60581,4.31845,0.7019,-1.08571,0.456551,0,0,-12,0,0,0,0,0,-2.96966,0,0,0,
0.424234,-0.259926,0.718753,0.551888,0.47826,-0.484235,-0.481874,0.00360942,-0.0189332,-0.0268664,0.0759339,0.0545834,-0.0393769,0.328374,-0.566927,0.70946,0.999768,0.0153781,-0.0131444,0.00734013,-0.178981,-0.0799403,0.739144,0.694608,-0.287717,0.609157,0.252322,0,0,0,0,0,0,0,-0.422994,1.2139,-0.890652,-0.661974,-0.254879,-5.78623,-7.44493,-10.1771,3.55971,1.29897,-2.27172,1.75422,0,0,-12,0,0,0,0,0,-2.83806,0,0,0,
0.424371,-0.260224,0.718328,0.551618,0.478173,-0.483954,-0.482552,0.00707739,-0.00980573,-0.0130081,0.0459014,0.0116685,-0.0265441,0.328189,-0.567142,0.708762,0.999771,0.0148812,-0.0137734,0.00677955,-0.178981,-0.0799403,0.739144,0.694608,-0.287717,0.609157,0.252322,0,0,0,0,0,0,0,0.856073,1.74211,-3.87374,-2.02139,5.87089,-4.60776,-11.5987,-10.2456,3.02043,1.34914,-3.63357,1.82899,0,0,-12,0,0,0,0,0,-2.62864,0,0,0,
0.424663,-0.260473,0.718008,0.551544,0.478131,-0.48355,-0.483083,0.0162613,-0.0108298,-0.0175712,0.0334245,0.01641,-0.041306,0.328053,-0.567302,0.708149,0.999777,0.0142055,-0.0143141,0.00626969,-0.178981,-0.0799403,0.739144,0.694608,-0.287717,0.609157,0.252322,0,0,0,0,0,0,0,-0.0393843,1.1579,-2.82716,-0.244487,5.00787,-6.2889,-6.5958,-10.0629,2.72279,1.30614,-3.56931,2.20771,0,0,-12,0,0,0,0,0,-2.44479,0,0,0,
0.425118,-0.260631,0.717658,0.551556,0.478021,-0.483341,-0.483387,0.0195114,-0.0023972,-0.00996017,0.00328714,-0.00614333,-0.0122028,0.327968,-0.567403,0.707621,0.999782,0.013356,-0.0148968,0.0059515,-0.178981,-0.0799403,0.739144,0.694608,-0.287717,0.609157,0.252322,0,0,0,0,0,0,0,-0.236269,1.27882,-1.18284,-0.191537,5.69943,-7.16611,-5.24862,-10.4869,2.48425,1.30103,-3.75683,2.061,0,0,-12,0,0,0,0,0,-2.28642,0,0,0,
0.425564,-0.260717,0.717427,0.551516,0.478084,-0.483229,-0.483483,0.0195715,-0.00467802,-0.0095857,0.0187325,0.00142205,-0.00171042,0.327897,-0.567488,0.70715,0.999788,0.0125437,-0.0153277,0.00556755,-0.178981,-0.0799403,0.739144,0.694608,-0.287717,0.609157,0.252322,0,0,0,0,0,0,0,-0.633709,0.94214,-0.957952,0.393581,4.28469,-7.46249,-3.60731,-10.144,2.57579,1.31569,-3.46823,2.15102,0,0,-12,0,0,0,0,0,-2.14493,0,0,0,
0.426077,-0.260856,0.717232,0.551436,0.478185,-0.483072,-0.483631,0.0209899,-0.00916778,-0.0046801,0.0364708,-0.00497955,-0.015301,0.327781,-0.567623,0.706563,0.999798,0.0115555,-0.0157155,0.00493554,-0.178981,-0.0799403,0.739144,0.694608,-0.287717,0.609157,0.252322,0,0,0,0,0,0,0,-0.453374,0.820479,-1.47385,0.395687,5.18885,-7.05539,-4.08806,-9.79893,2.51017,1.33325,-3.66878,2.0992,0,0,-12,0,0,0,0,0,-1.96886,0,0,0,
0.426812,-0.261281,0.716883,0.551198,0.478296,-0.482593,-0.484271,0.02257,-0.0159664,-0.0154382,0.0581969,0.012311,-0.0214816,0.32747,-0.567971,0.705387,0.999811,0.00991784,-0.0163647,0.00354845,-0.178981,-0.0799403,0.739144,0.694608,-0.287717,0.609157,0.252322,0,0,0,0,0,0,0,0.153991,1.15724,-3.63743,-0.231801,7.87789,-6.58356,-6.3831,-9.86707,2.25807,1.33507,-4.26423,2.26802,0,0,-12,0,0,0,0,0,-1.61625,0,0,0,
0.427239,-0.261619,0.716616,0.550991,0.478407,-0.48223,-0.484757,0.0248438,-0.0201538,-0.0152341,0.0646701,0.0101082,-0.0370497,0.327216,-0.568251,0.704515,0.999816,0.00885621,-0.0168552,0.00253257,-0.178981,-0.0799403,0.739144,0.694608,-0.287717,0.609157,0.252322,0,0,0,0,0,0,0,0.470053,1.45334,-4.82554,-0.354659,8.88685,-6.43326,-7.97805,-10.0945,2.16551,1.26237,-4.47056,2.36809,0,0,-12,0,0,0,0,0,-1.35455,0,0,0,
0.427802,-0.262035,0.716329,0.550722,0.478669,-0.481763,-0.485269,0.0222886,-0.014195,-0.00964733,0.056312,-0.0100844,-0.00503468,0.326883,-0.568613,0.703365,0.999819,0.00746011,-0.0174415,0.00112331,-0.178981,-0.0799403,0.739144,0.694608,-0.287717,0.609157,0.252322,0,0,0,0,0,0,0,0.910125,1.24638,-4.78461,0.292794,8.97526,-5.06949,-10.582,-9.39083,2.29741,1.10384,-4.37644,1.83147,0,0,-12,0,0,0,0,0,-1.00955,0,0,0,
0.428387,-0.262368,0.716241,0.550451,0.479122,-0.481282,-0.485607,0.0231845,-0.012603,-0.00230382,0.0606827,-0.00948299,0.00441236,0.326592,-0.568925,0.702368,0.999824,0.00609385,-0.0177678,-0.000297535,-0.178981,-0.0799403,0.739144,0.694608,-0.287717,0.609157,0.252322,0,0,0,0,0,0,0,-0.932434,0.581286,-4.95307,1.37542,8.78842,-9.1813,0.522242,-9.76236,1.80995,1.40352,-4.76668,3.37566,0,0,-12,0,0,0,0,0,-0.710537,0,0,0,
0.428989,-0.262583,0.716134,0.550164,0.479495,-0.481128,-0.485716,0.0253846,-0.00412472,-0.00109771,0.0169669,-0.0185459,0.0306328,0.32636,-0.56917,0.701521,0.999824,0.00479863,-0.0180717,-0.00148373,-0.178981,-0.0799403,0.739144,0.694608,-0.287717,0.609157,0.252322,0,0,0,0,0,0,0,-2.7594,0.65254,-3.23907,0.718073,8.18498,-13.7629,10.6917,-11.2219,1.48375,1.8004,-5.03875,4.57236,0,0,-12,0,0,0,0,0,-0.456317,0,0,0,
0.42953,-0.262799,0.716014,0.549822,0.480008,-0.481052,-0.485672,0.0217112,-0.017932,-0.0137214,0.0608031,0.014999,0.0180863,0.326087,-0.569456,0.700577,0.99982,0.00354144,-0.0184349,-0.00277786,-0.178981,-0.0799403,0.739144,0.694608,-0.287717,0.609157,0.252322,0,0,0,0,0,0,0,-3.70283,0.714163,-3.16636,1.15465,6.62411,-15.8521,14.9798,-12.0675,1.60333,1.82283,-4.87997,5.27495,0,0,-12,0,0,0,0,0,-0.173025,0,0,0,
0.430294,-0.263918,0.715181,0.548691,0.480389,-0.480366,-0.487251,0.0245993,-0.0478706,-0.0271136,0.170666,0.0357949,-0.0412677,0.325144,-0.570421,0.697869,0.999785,0.000932687,-0.0197783,-0.00610444,-0.178981,-0.0799403,0.739144,0.694608,-0.287717,0.609157,0.252322,0,0,0,0,0,0,0,-0.31059,2.71232,-9.96658,-3.10179,14.5981,-11.3965,-1.62164,-12.2445,1.07748,1.74104,-6.24204,4.68055,0,0,-12,0,0,0,0,0,0.63927,0,0,0,
0.430734,-0.264975,0.714799,0.547831,0.480998,-0.479223,-0.488742,0.024682,-0.0617112,-0.0167238,0.244859,0.021927,-0.0696217,0.324297,-0.571265,0.695597,0.999745,-0.00103901,-0.0205447,-0.00927316,-0.178981,-0.0799403,0.739144,0.694608,-0.287717,0.609157,0.252322,0,0,0,0,0,0,0,1.68327,2.16566,-16.8936,-1.16947,17.7184,-6.78827,-11.2382,-9.64188,0.956149,1.29628,-6.61628,4.50861,0,0,-12,0,0,0,0,0,1.32085,0,0,0,
0.431344,-0.266355,0.714554,0.546677,0.48201,-0.477621,-0.4906,0.0218156,-0.0544788,-0.0102564,0.22296,0.00818213,-0.0342016,0.32317,-0.572357,0.692668,0.999674,-0.00370282,-0.0212043,-0.0137012,-0.178981,-0.0799403,0.739144,0.694608,-0.287717,0.609157,0.252322,0,0,0,0,0,0,0,1.92661,1.31709,-18.0215,-0.0414703,17.4749,-5.13433,-12.5784,-7.66,1.06813,1.23919,-6.44533,4.14608,0,0,-12,0,0,0,0,0,2.19947,0,0,0,
0.431985,-0.267584,0.714232,0.545625,0.482837,-0.476461,-0.492084,0.0242669,-0.0395134,-0.0133378,0.144098,0.00951939,0.00931151,0.322121,-0.573338,0.689933,0.999583,-0.0062857,-0.0219268,-0.0177229,-0.178981,-0.0799403,0.739144,0.694608,-0.287717,0.609157,0.252322,0,0,0,0,0,0,0,2.12016,1.62857,-15.3567,-0.651026,17.5502,-4.94254,-14.463,-7.61033,0.993095,1.19236,-6.30559,3.24453,0,0,-12,0,0,0,0,0,3.02017,0,0,0,
0.432558,-0.268476,0.71393,0.544837,0.483585,-0.475909,-0.492756,0.0261321,-0.032578,-0.0116206,0.085514,2.97509e-05,0.0224319,0.321267,-0.574113,0.687695,0.99949,-0.00845428,-0.0226192,-0.0209086,-0.178981,-0.0799403,0.739144,0.694608,-0.287717,0.609157,0.252322,0,0,0,0,0,0,0,1.96673,1.58485,-10.4228,0.106055,13.3881,-4.21556,-16.755,-7.17829,1.42526,0.957528,-5.07021,1.74467,0,0,-12,0,0,0,0,0,3.69163,0,0,0,
0.433164,-0.269203,0.713384,0.543954,0.484116,-0.475948,-0.493172,0.0231168,-0.0248162,-0.0309914,0.030564,0.0560539,0.0584636,0.320481,-0.574806,0.685619,0.999389,-0.0105487,-0.0235487,-0.0235562,-0.178981,-0.0799403,0.739144,0.694608,-0.287717,0.609157,0.252322,0,0,0,0,0,0,0,2.69665,2.4878,-7.92877,-1.9693,11.9129,-3.01891,-23.0943,-7.12956,1.33753,0.96528,-4.3457,0.413842,0,0,-12,0,0,0,0,0,4.31419,0,0,0,
0.433824,-0.269747,0.712453,0.543002,0.484364,-0.476841,-0.493115,0.023296,-0.0120467,-0.0231555,-0.00436776,0.0358621,0.0905971,0.31973,-0.575448,0.683579,0.99928,-0.0126411,-0.0249384,-0.0256628,-0.178981,-0.0799403,0.739144,0.694608,-0.287717,0.609157,0.252322,0,0,0,0,0,0,0,2.24726,3.48349,-3.53915,-3.90051,9.33821,-4.43835,-23.3122,-8.56505,1.45111,1.06546,-3.65537,-0.310534,0,0,-12,0,0,0,0,0,4.92628,0,0,0,
0.434253,-0.269719,0.712315,0.542606,0.484896,-0.477672,-0.492224,0.0197058,0.0132906,0.0101691,-0.0722097,-0.0518749,0.150906,0.319491,-0.575647,0.682901,0.999236,-0.0136376,-0.0252651,-0.0265243,-0.178981,-0.0799403,0.739144,0.694608,-0.287717,0.609157,0.252322,0,0,0,0,0,0,0,0.56248,1.31478,0.14855,0.161161,3.00101,-4.46769,-15.8279,-6.66625,2.56127,0.971898,-2.34091,-0.664061,0,0,-12,0,0,0,0,0,5.12958,0,0,0,
0.434747,-0.269215,0.71301,0.542645,0.486195,-0.478453,-0.490137,0.0187559,0.0272506,0.0436926,-0.066602,-0.141771,0.192016,0.319589,-0.57556,0.683077,0.999232,-0.0142665,-0.0246496,-0.0269202,-0.178981,-0.0799403,0.739144,0.694608,-0.287717,0.609157,0.252322,0,0,0,0,0,0,0,-1.56328,-1.71108,2.64065,6.9557,-0.572943,-5.39535,-3.33974,-4.74253,3.61493,0.657761,-1.94598,-0.199618,0,0,-12,0,0,0,0,0,5.07697,0,0,0,
0.43521,-0.268512,0.714131,0.542876,0.487832,-0.479037,-0.487677,0.0190644,0.0277418,0.0417872,-0.0798937,-0.137375,0.166666,0.319857,-0.575329,0.683695,0.999249,-0.0146174,-0.0235297,-0.0270891,-0.178981,-0.0799403,0.739144,0.694608,-0.287717,0.609157,0.252322,0,0,0,0,0,0,0,-2.33192,-3.29621,3.11479,10.3048,-3.1456,-4.90363,0.785749,-3.20639,4.18302,0.490739,-1.46097,-0.140514,0,0,-12,0,0,0,0,0,4.89153,0,0,0,
0.435802,-0.268069,0.714845,0.543047,0.489041,-0.479491,-0.485827,0.0273211,0.0098933,0.0157322,-0.0400225,-0.0722703,0.107576,0.319978,-0.575222,0.683939,0.999244,-0.0153882,-0.0228969,-0.0273847,-0.178981,-0.0799403,0.739144,0.694608,-0.287717,0.609157,0.252322,0,0,0,0,0,0,0,-1.60916,-1.99528,1.98145,8.00544,1.00941,-5.63811,-1.88984,-4.78705,3.52631,0.538404,-2.41413,0.102298,0,0,-12,0,0,0,0,0,4.81834,0,0,0,
0.436538,-0.268101,0.714569,0.542866,0.489259,-0.48004,-0.485266,0.0224416,-0.00549392,-0.0312861,-0.0243705,0.0484277,0.0787282,0.319804,-0.575365,0.683396,0.999198,-0.0167886,-0.0233861,-0.0278459,-0.178981,-0.0799403,0.739144,0.694608,-0.287717,0.609157,0.252322,0,0,0,0,0,0,0,0.0685899,1.42639,-0.102808,0.610814,7.8686,-6.96732,-9.98693,-8.30635,2.20655,0.931412,-3.85741,0.334138,0,0,-12,0,0,0,0,0,4.98124,0,0,0,
0.43684,-0.268221,0.713601,0.541944,0.489474,-0.481233,-0.484899,0.00684241,-0.00632347,-0.0443872,-0.00759,0.0838562,0.107171,0.319384,-0.575713,0.682223,0.99913,-0.0178167,-0.0247183,-0.0284902,-0.178981,-0.0799403,0.739144,0.694608,-0.287717,0.609157,0.252322,0,0,0,0,0,0,0,0.605538,3.90179,-1.07443,-4.13944,-3.25687,-5.75815,-22.0554,-9.64062,2.87577,1.12877,-0.665907,-0.322108,0,0,-12,0,0,0,0,0,5.33322,0,0,0,
0.437093,-0.268318,0.71276,0.540937,0.489884,-0.482366,-0.484482,0.0143701,-0.00345774,-0.0308958,-0.0106089,0.0497821,0.11245,0.318962,-0.57606,0.681075,0.99906,-0.0187738,-0.0258912,-0.0292615,-0.178981,-0.0799403,0.739144,0.694608,-0.287717,0.609157,0.252322,0,0,0,0,0,0,0,0.714748,3.59655,-1.81619,-3.69522,-6.66852,-4.43681,-24.6794,-8.42975,3.11031,1.11541,0.349548,-0.643658,0,0,-12,0,0,0,0,0,5.67756,0,0,0,
0.437499,-0.268182,0.712488,0.54038,0.490502,-0.483251,-0.483596,0.0186508,0.0118828,0.00451603,-0.0447944,-0.0369427,0.114166,0.318792,-0.576195,0.680561,0.999019,-0.0196324,-0.026371,-0.0296791,-0.178981,-0.0799403,0.739144,0.694608,-0.287717,0.609157,0.252322,0,0,0,0,0,0,0,-0.0466431,1.65786,-0.23761,0.137345,-6.49463,-4.15014,-18.7511,-6.59375,3.43458,0.94409,0.146314,-0.762502,0,0,-12,0,0,0,0,0,5.83166,0,0,0,
0.438008,-0.267822,0.712799,0.540455,0.49125,-0.483804,-0.482199,0.0213776,0.0184288,0.0200404,-0.0707737,-0.0801032,0.0995668,0.318891,-0.576106,0.680713,0.999011,-0.0202925,-0.0261719,-0.0296721,-0.178981,-0.0799403,0.739144,0.694608,-0.287717,0.609157,0.252322,0,0,0,0,0,0,0,-0.934021,-0.373839,2.08369,4.73501,-6.07506,-4.13531,-11.9001,-5.02352,3.81894,0.652056,-0.168816,-0.900776,0,0,-12,0,0,0,0,0,5.7862,0,0,0,
0.438451,-0.267263,0.713161,0.540654,0.49187,-0.484608,-0.480533,0.0122681,0.0265127,0.0099036,-0.0988558,-0.0518467,0.128802,0.31915,-0.575883,0.681223,0.999028,-0.0206115,-0.0258656,-0.0291562,-0.178981,-0.0799403,0.739144,0.694608,-0.287717,0.609157,0.252322,0,0,0,0,0,0,0,-1.56253,-0.571669,4.39809,4.68906,-8.82045,-4.55878,-9.80775,-5.17136,4.26948,0.739613,0.402492,-1.15974,0,0,-12,0,0,0,0,0,5.63297,0,0,0,
0.438754,-0.266602,0.713208,0.540678,0.492348,-0.485881,-0.478728,0.0103765,0.0207098,-0.00346508,-0.091037,-0.0158838,0.114669,0.319416,-0.575648,0.681705,0.999049,-0.0206758,-0.0259233,-0.0283003,-0.178981,-0.0799403,0.739144,0.694608,-0.287717,0.609157,0.252322,0,0,0,0,0,0,0,-1.59133,0.505944,5.21866,2.50495,-13.9798,-4.52293,-13.604,-6.1452,4.62585,0.869692,1.79046,-1.4871,0,0,-12,0,0,0,0,0,5.48863,0,0,0,
0.438986,-0.266252,0.712982,0.540597,0.49245,-0.486813,-0.477766,0.0106017,0.0134856,-0.0140302,-0.073135,0.00857592,0.0846949,0.319526,-0.575547,0.681838,0.999053,-0.0208556,-0.0262624,-0.0277343,-0.178981,-0.0799403,0.739144,0.694608,-0.287717,0.609157,0.252322,0,0,0,0,0,0,0,-1.24872,1.59053,4.46305,0.250675,-13.8987,-4.9275,-16.2553,-7.28448,4.41595,0.9954,1.83693,-1.35406,0,0,-12,0,0,0,0,0,5.44859,0,0,0,
0.439086,-0.26585,0.712658,0.540387,0.492622,-0.487873,-0.476744,-0.000266628,0.0176671,-0.0113851,-0.0765622,-0.000108278,0.0911591,0.319635,-0.575444,0.681943,0.999059,-0.0208173,-0.0267337,-0.0270783,-0.178981,-0.0799403,0.739144,0.694608,-0.287717,0.609157,0.252322,0,0,0,0,0,0,0,-1.36924,1.82984,3.71299,-0.121278,-17.5099,-4.66021,-17.8815,-7.34913,4.75461,1.01642,2.76693,-1.28117,0,0,-12,0,0,0,0,0,5.41703,0,0,0,
0.43903,-0.265365,0.712507,0.540324,0.492914,-0.488799,-0.475564,-0.0026713,0.0207424,0.000980163,-0.0715491,-0.0368908,0.0962392,0.319822,-0.575274,0.682229,0.99908,-0.0204279,-0.0270224,-0.0263038,-0.178981,-0.0799403,0.739144,0.694608,-0.287717,0.609157,0.252322,0,0,0,0,0,0,0,-1.64648,1.24489,4.04528,1.47315,-21.6257,-3.78684,-18.3517,-6.45845,5.25259,0.881204,3.82651,-1.53623,0,0,-12,0,0,0,0,0,5.3312,0,0,0,
0.439009,-0.264846,0.712429,0.540455,0.493108,-0.489619,-0.474369,8.65365e-05,0.0213135,-0.00338409,-0.088558,-0.0187511,0.0727737,0.320083,-0.57504,0.682679,0.999108,-0.0199924,-0.0272213,-0.0253409,-0.178981,-0.0799403,0.739144,0.694608,-0.287717,0.609157,0.252322,0,0,0,0,0,0,0,-1.65152,1.01239,4.81415,2.16515,-21.4274,-3.62977,-17.9679,-6.27638,5.25575,0.802001,3.78222,-1.71885,0,0,-12,0,0,0,0,0,5.1963,0,0,0,
0.439048,-0.264259,0.712361,0.540797,0.493054,-0.4905,-0.473124,0.00160156,0.0248314,-6.12267e-05,-0.11131,-0.0284035,0.0591488,0.320444,-0.574717,0.683347,0.999146,-0.0195056,-0.0273684,-0.024051,-0.178981,-0.0799403,0.739144,0.694608,-0.287717,0.609157,0.252322,0,0,0,0,0,0,0,-1.79354,0.982733,6.62065,2.06065,-20.6704,-4.0183,-16.5884,-6.57836,5.23061,0.821218,3.54266,-1.95213,0,0,-12,0,0,0,0,0,4.99597,0,0,0,
0.439037,-0.263429,0.712408,0.5414,0.492909,-0.491548,-0.471495,-0.0015034,0.0321022,-0.00164216,-0.138105,-0.0205254,0.0713926,0.321011,-0.574208,0.684442,0.999206,-0.0186388,-0.0273623,-0.0221831,-0.178981,-0.0799403,0.739144,0.694608,-0.287717,0.609157,0.252322,0,0,0,0,0,0,0,-2.22785,0.606725,8.27249,2.81789,-22.6861,-4.06679,-14.9334,-6.47692,5.58515,0.782516,3.96071,-2.16059,0,0,-12,0,0,0,0,0,4.66738,0,0,0,
0.439001,-0.262733,0.712354,0.541839,0.49265,-0.492518,-0.470247,-0.0015732,0.0317163,-0.00238137,-0.133618,-0.0147208,0.0623273,0.321491,-0.573771,0.685376,0.999254,-0.0178567,-0.0274193,-0.0205139,-0.178981,-0.0799403,0.739144,0.694608,-0.287717,0.609157,0.252322,0,0,0,0,0,0,0,-2.57238,0.969324,9.67024,1.76978,-24.0288,-4.80197,-13.912,-7.31976,5.7899,0.888898,4.20162,-2.18733,0,0,-12,0,0,0,0,0,4.38733,0,0,0,
0.438974,-0.26206,0.712199,0.542335,0.492228,-0.493422,-0.469168,-0.00104749,0.0253415,-0.0103022,-0.113386,0.00165844,0.0272521,0.321993,-0.573309,0.686313,0.999299,-0.0170537,-0.0275949,-0.0187119,-0.178981,-0.0799403,0.739144,0.694608,-0.287717,0.609157,0.252322,0,0,0,0,0,0,0,-2.29806,1.3045,8.42669,1.1409,-23.1711,-4.81112,-14.9273,-7.73101,5.64339,0.898244,3.99456,-1.92485,0,0,-12,0,0,0,0,0,4.106,0,0,0,
0.43895,-0.261464,0.711952,0.542826,0.491732,-0.49416,-0.468344,-0.000904614,0.0206426,-0.0104983,-0.0930189,-0.00164758,0.00823699,0.322469,-0.572864,0.687164,0.999335,-0.0162939,-0.0278904,-0.0169328,-0.178981,-0.0799403,0.739144,0.694608,-0.287717,0.609157,0.252322,0,0,0,0,0,0,0,-2.1218,1.64711,7.58967,0.791503,-22.8204,-4.95815,-15.7453,-8.26117,5.56254,0.856891,3.9078,-1.70205,0,0,-12,0,0,0,0,0,3.85082,0,0,0,
0.438937,-0.260928,0.711671,0.543407,0.491132,-0.494775,-0.46765,0.000280988,0.0210309,-0.0119591,-0.0978511,-0.00166264,-0.00116756,0.322933,-0.572426,0.687975,0.999365,-0.0155709,-0.0282359,-0.0151645,-0.178981,-0.0799403,0.739144,0.694608,-0.287717,0.609157,0.252322,0,0,0,0,0,0,0,-1.94164,1.7967,7.59106,0.811847,-21.6729,-5.05388,-15.9959,-8.60095,5.40651,0.794141,3.62927,-1.67259,0,0,-12,0,0,0,0,0,3.6075,0,0,0,
0.438957,-0.26038,0.711472,0.544057,0.490559,-0.495219,-0.467025,0.000636887,0.0207962,-0.00348041,-0.0863836,-0.0197092,-0.0194009,0.323441,-0.571942,0.688869,0.999395,-0.0148377,-0.0284813,-0.0133589,-0.178981,-0.0799403,0.739144,0.694608,-0.287717,0.609157,0.252322,0,0,0,0,0,0,0,-2.00428,1.52922,7.13658,1.4608,-22.0592,-4.86572,-15.4743,-8.40128,5.50304,0.73224,3.68525,-1.54229,0,0,-12,0,0,0,0,0,3.33938,0,0,0,
0.438983,-0.259737,0.711401,0.544995,0.489905,-0.495572,-0.466242,0.0028028,0.0206819,-0.00117084,-0.0865208,-0.0245459,-0.0304633,0.324067,-0.571341,0.689985,0.99943,-0.0139485,-0.0285863,-0.0113156,-0.178981,-0.0799403,0.739144,0.694608,-0.287717,0.609157,0.252322,0,0,0,0,0,0,0,-2.08197,1.07845,7.6157,2.57223,-22.0207,-4.59191,-14.5061,-8.06004,5.56595,0.627161,3.64062,-1.62394,0,0,-12,0,0,0,0,0,3.00454,0,0,0,
0.439062,-0.25927,0.711461,0.5457,0.489486,-0.495675,-0.465748,0.0036535,0.020796,0.00255143,-0.0753547,-0.0278552,-0.0371009,0.324547,-0.570876,0.690853,0.999455,-0.0133638,-0.0285131,-0.00988887,-0.178981,-0.0799403,0.739144,0.694608,-0.287717,0.609157,0.252322,0,0,0,0,0,0,0,-2.10347,0.619796,7.00014,3.26809,-20.8176,-4.41549,-13.1462,-7.62814,5.50353,0.614133,3.27682,-1.439,0,0,-12,0,0,0,0,0,2.74405,0,0,0,
0.439102,-0.25871,0.711455,0.546487,0.488885,-0.495875,-0.465244,-0.000600758,0.0206225,-0.00278755,-0.0772251,-0.0136269,-0.0347542,0.325123,-0.570311,0.691878,0.999482,-0.0125684,-0.0284895,-0.00813498,-0.178981,-0.0799403,0.739144,0.694608,-0.287717,0.609157,0.252322,0,0,0,0,0,0,0,-2.14346,0.882221,7.3863,2.43539,-18.4786,-5.26637,-11.5039,-8.37551,5.24993,0.710981,2.6037,-1.22581,0,0,-12,0,0,0,0,0,2.43664,0,0,0,
0.439113,-0.258275,0.711343,0.547172,0.488234,-0.495988,-0.465001,0.00219101,0.01631,-0.00797846,-0.0652813,0.00277479,-0.0555065,0.325612,-0.569827,0.692702,0.999499,-0.0118563,-0.0285993,-0.00658655,-0.178981,-0.0799403,0.739144,0.694608,-0.287717,0.609157,0.252322,0,0,0,0,0,0,0,-1.76476,1.26255,6.21693,1.56005,-14.2765,-5.84903,-11.124,-9.05057,4.72053,0.779364,1.52661,-0.821279,0,0,-12,0,0,0,0,0,2.18942,0,0,0,
0.439185,-0.257902,0.711111,0.547934,0.487406,-0.496064,-0.464892,0.0048134,0.0116774,-0.00925674,-0.0557391,-0.00128092,-0.0671733,0.326083,-0.569353,0.693447,0.999507,-0.011264,-0.0288623,-0.00500911,-0.178981,-0.0799403,0.739144,0.694608,-0.287717,0.609157,0.252322,0,0,0,0,0,0,0,-1.6404,1.7051,6.61861,1.00785,-7.5671,-7.62294,-8.04891,-10.3749,3.8906,0.816248,-0.27079,-0.394947,0,0,-12,0,0,0,0,0,1.96603,0,0,0,
0.439321,-0.257593,0.710928,0.548663,0.486689,-0.495926,-0.46493,0.00534964,0.0110796,-0.0084945,-0.0524355,-0.0043344,-0.0654993,0.326521,-0.56891,0.694106,0.999512,-0.0108283,-0.0290848,-0.00362529,-0.178981,-0.0799403,0.739144,0.694608,-0.287717,0.609157,0.252322,0,0,0,0,0,0,0,-1.50326,1.53942,5.22585,1.46009,-3.96058,-8.02841,-6.41326,-10.427,3.47229,0.803934,-1.24732,0.075914,0,0,-12,0,0,0,0,0,1.76815,0,0,0,
0.439408,-0.257321,0.710783,0.54925,0.486147,-0.49566,-0.465088,0.000835582,0.00657504,-0.00585845,-0.00830288,-0.00406441,-0.0478126,0.326919,-0.568504,0.694643,0.999514,-0.0103727,-0.0292892,-0.00248904,-0.178981,-0.0799403,0.739144,0.694608,-0.287717,0.609157,0.252322,0,0,0,0,0,0,0,-1.32759,1.36041,3.45289,1.55475,-4.95708,-7.25476,-7.63379,-9.90738,3.59913,0.816271,-0.969216,0.268905,0,0,-12,0,0,0,0,0,1.60709,0,0,0,
0.439405,-0.257225,0.710701,0.549492,0.485965,-0.495394,-0.465275,-0.000229733,0.00271972,-0.00247742,0.0112131,-0.0131636,-0.0411798,0.327091,-0.568326,0.694806,0.999513,-0.0101098,-0.0294443,-0.0020621,-0.178981,-0.0799403,0.739144,0.694608,-0.287717,0.609157,0.252322,0,0,0,0,0,0,0,-1.05591,1.31349,1.71583,1.73771,-5.8179,-6.5053,-9.46102,-9.53375,3.69284,0.76952,-0.694018,0.419047,0,0,-12,0,0,0,0,0,1.55806,0,0,0,
0.439407,-0.257212,0.710585,0.549715,0.485817,-0.494985,-0.465601,0.000223548,0.000505658,-0.00295108,0.0256074,-0.0117398,-0.0358312,0.327209,-0.568202,0.694818,0.999508,-0.00993563,-0.029682,-0.00182332,-0.178981,-0.0799403,0.739144,0.694608,-0.287717,0.609157,0.252322,0,0,0,0,0,0,0,-0.731684,1.37461,0.730163,1.75829,-5.83876,-5.94342,-11.198,-9.34562,3.66958,0.72576,-0.612446,0.424933,0,0,-12,0,0,0,0,0,1.55462,0,0,0,
0.439402,-0.257181,0.710574,0.549874,0.485858,-0.494521,-0.465865,-0.000224553,0.000996908,0.0021472,0.0264739,-0.020904,-0.0369309,0.32732,-0.568085,0.694821,0.999506,-0.00976239,-0.0298095,-0.0017254,-0.178981,-0.0799403,0.739144,0.694608,-0.287717,0.609157,0.252322,0,0,0,0,0,0,0,-0.745644,1.01292,0.0495132,2.46014,-6.62447,-5.42957,-11.2976,-8.74965,3.80195,0.679701,-0.41489,0.459324,0,0,-12,0,0,0,0,0,1.55384,0,0,0,
0.439391,-0.257071,0.710619,0.550063,0.485866,-0.494174,-0.466001,-0.000652297,0.0072031,0.00746303,0.00915625,-0.0306393,-0.0168886,0.327486,-0.567911,0.694945,0.999509,-0.0094945,-0.0298372,-0.00151822,-0.178981,-0.0799403,0.739144,0.694608,-0.287717,0.609157,0.252322,0,0,0,0,0,0,0,-0.972897,0.813577,0.904429,2.48352,-6.99264,-5.53521,-10.1274,-8.57863,3.88228,0.736246,-0.365412,0.346467,0,0,-12,0,0,0,0,0,1.51635,0,0,0,
0.439385,-0.256915,0.710682,0.550273,0.485852,-0.493904,-0.466054,-0.000150802,0.00605385,-0.00471987,-0.00451573,0.000762778,-0.0196833,0.327682,-0.567708,0.695123,0.999512,-0.00919015,-0.029833,-0.00125409,-0.178981,-0.0799403,0.739144,0.694608,-0.287717,0.609157,0.252322,0,0,0,0,0,0,0,-1.09514,0.74853,1.48272,2.49808,-7.31301,-5.61879,-9.58471,-8.5702,3.93482,0.75349,-0.30589,0.266814,0,0,-12,0,0,0,0,0,1.46325,0,0,0,
0.439399,-0.2567,0.710565,0.550506,0.485665,-0.493812,-0.466071,0.000742239,0.00550485,-0.00325994,-0.00337894,-0.0071323,-0.0194658,0.327929,-0.56745,0.695306,0.999509,-0.00883443,-0.0300524,-0.000741937,-0.178981,-0.0799403,0.739144,0.694608,-0.287717,0.609157,0.252322,0,0,0,0,0,0,0,-1.15194,1.30322,2.48708,1.58807,-7.43346,-6.33714,-9.66437,-9.48348,3.89182,0.78745,-0.280156,0.21867,0,0,-12,0,0,0,0,0,1.40821,0,0,0,
0.439418,-0.256584,0.710471,0.550669,0.485522,-0.493719,-0.466126,0.00137213,0.00525607,-0.00666199,-0.0137024,-0.00161249,-0.0275606,0.328077,-0.567293,0.695398,0.999506,-0.00863782,-0.0302209,-0.000429042,-0.178981,-0.0799403,0.739144,0.694608,-0.287717,0.609157,0.252322,0,0,0,0,0,0,0,-1.09703,1.40155,2.34853,1.54861,-6.5778,-6.55268,-9.49494,-9.68899,3.77131,0.776848,-0.501294,0.300942,0,0,-12,0,0,0,0,0,1.38075,0,0,0,
0.439471,-0.256467,0.710403,0.550912,0.485354,-0.493503,-0.466243,0.00248363,0.00358469,-0.00270153,0.0022264,-0.00400062,-0.0309079,0.328256,-0.567105,0.6955,0.999503,-0.00845141,-0.0303772,-0.000118727,-0.178981,-0.0799403,0.739144,0.694608,-0.287717,0.609157,0.252322,0,0,0,0,0,0,0,-1.04986,1.22876,1.99991,1.86191,-5.27264,-6.55531,-8.84947,-9.5072,3.6239,0.773586,-0.846743,0.389889,0,0,-12,0,0,0,0,0,1.34998,0,0,0,
0.439535,-0.256387,0.710437,0.551183,0.485253,-0.493157,-0.466394,0.0039317,0.00212089,0.00346331,0.0108097,-0.0230108,-0.0379324,0.328415,-0.566938,0.695573,0.999503,-0.00831396,-0.0304239,1.61332e-05,-0.178981,-0.0799403,0.739144,0.694608,-0.287717,0.609157,0.252322,0,0,0,0,0,0,0,-0.977699,0.881177,1.42769,2.46431,-4.69012,-6.15467,-8.63832,-8.97186,3.58633,0.748435,-0.991579,0.420398,0,0,-12,0,0,0,0,0,1.32802,0,0,0,
0.439612,-0.256323,0.710493,0.551428,0.485246,-0.492764,-0.466527,0.00142887,0.0020631,0.00103641,0.0147722,-0.0215636,-0.0228217,0.32855,-0.566794,0.695596,0.999502,-0.00823304,-0.030466,5.32607e-05,-0.178981,-0.0799403,0.739144,0.694608,-0.287717,0.609157,0.252322,0,0,0,0,0,0,0,-0.933163,0.795004,0.998514,2.91229,-4.75741,-6.01122,-8.84229,-8.85148,3.59805,0.683976,-0.969714,0.47608,0,0,-12,0,0,0,0,0,1.32134,0,0,0,
0.439637,-0.256281,0.710472,0.5516,0.485238,-0.492415,-0.466701,0.000502417,0.0014834,-0.00134189,0.0119458,-0.0138974,-0.0268556,0.328657,-0.56668,0.695539,0.999498,-0.00811098,-0.0306123,5.9595e-05,-0.178981,-0.0799403,0.739144,0.694608,-0.287717,0.609157,0.252322,0,0,0,0,0,0,0,-0.854371,1.06218,0.762464,2.48927,-5.45952,-6.03886,-9.77771,-9.11897,3.65929,0.684838,-0.766374,0.503028,0,0,-12,0,0,0,0,0,1.33833,0,0,0,
0.439642,-0.256234,0.710401,0.551731,0.485164,-0.492199,-0.466849,0.000162982,0.00189951,-0.000795842,0.0139794,-0.0095317,-0.0212457,0.328753,-0.566575,0.695488,0.999494,-0.00796867,-0.030792,0.00011876,-0.178981,-0.0799403,0.739144,0.694608,-0.287717,0.609157,0.252322,0,0,0,0,0,0,0,-0.845203,1.24346,1.25924,1.87803,-5.9367,-6.08482,-10.1746,-9.28103,3.70449,0.745132,-0.62549,0.380898,0,0,-12,0,0,0,0,0,1.3537,0,0,0,
0.439648,-0.25618,0.710421,0.551822,0.485235,-0.491902,-0.466981,0.000253378,0.00263112,-0.0018497,0.0118567,-0.0096692,-0.0179234,0.328847,-0.566474,0.69544,0.999493,-0.00783366,-0.0308717,7.23777e-05,-0.178981,-0.0799403,0.739144,0.694608,-0.287717,0.609157,0.252322,0,0,0,0,0,0,0,-0.86923,0.931003,0.541022,2.48794,-6.25541,-5.74461,-10.0019,-8.79846,3.77901,0.709633,-0.55876,0.469927,0,0,-12,0,0,0,0,0,1.36791,0,0,0,
0.439674,-0.256124,0.710392,0.551929,0.485221,-0.49164,-0.467146,0.00137453,0.0020187,-0.00106548,0.0119141,-0.0108704,-0.0234275,0.328952,-0.566361,0.695389,0.99949,-0.00771197,-0.0310038,7.55677e-05,-0.178981,-0.0799403,0.739144,0.694608,-0.287717,0.609157,0.252322,0,0,0,0,0,0,0,-0.878381,1.10412,0.772435,2.13358,-5.47833,-6.11665,-9.61196,-9.10845,3.66304,0.744155,-0.767531,0.507124,0,0,-12,0,0,0,0,0,1.38316,0,0,0,
0.439702,-0.256071,0.710366,0.552069,0.485199,-0.491367,-0.467291,0.000979364,0.00212198,-0.000434176,0.0121562,-0.0106024,-0.0206454,0.329056,-0.566248,0.695336,0.999486,-0.0075963,-0.0311395,7.73122e-05,-0.178981,-0.0799403,0.739144,0.694608,-0.287717,0.609157,0.252322,0,0,0,0,0,0,0,-0.878974,1.09157,0.926657,2.29015,-5.25633,-6.17196,-9.47648,-9.12458,3.63109,0.720307,-0.823099,0.481943,0,0,-12,0,0,0,0,0,1.39933,0,0,0,
0.439724,-0.256006,0.710353,0.552166,0.485215,-0.491126,-0.467412,0.000836008,0.00264123,-0.00167196,0.00897842,-0.00624338,-0.0177347,0.329159,-0.566137,0.695281,0.999483,-0.00746935,-0.0312567,5.59206e-05,-0.178981,-0.0799403,0.739144,0.694608,-0.287717,0.609157,0.252322,0,0,0,0,0,0,0,-0.925878,1.05476,0.826333,2.27967,-5.60376,-6.15043,-9.37676,-9.05069,3.68101,0.732536,-0.744781,0.503105,0,0,-12,0,0,0,0,0,1.4158,0,0,0,
0.439746,-0.255941,0.710341,0.55227,0.485192,-0.490852,-0.467601,0.000744575,0.00175244,2.98427e-05,0.0119861,-0.00881971,-0.0233781,0.329277,-0.56601,0.695216,0.999481,-0.00732071,-0.0313727,6.90582e-06,-0.178981,-0.0799403,0.739144,0.694608,-0.287717,0.609157,0.252322,0,0,0,0,0,0,0,-0.91944,1.0462,0.759772,2.05276,-5.23438,-6.17817,-9.16274,-8.99773,3.64086,0.781371,-0.842783,0.518448,0,0,-12,0,0,0,0,0,1.43522,0,0,0,
0.43976,-0.25591,0.710371,0.552408,0.485183,-0.490575,-0.467739,0.000656704,0.0019311,0.00118752,0.011419,-0.0133001,-0.0207415,0.32936,-0.56592,0.695168,0.99948,-0.00721537,-0.0314245,-6.62259e-05,-0.178981,-0.0799403,0.739144,0.694608,-0.287717,0.609157,0.252322,0,0,0,0,0,0,0,-0.867088,0.884256,0.663316,2.5897,-4.66775,-6.04864,-9.03018,-8.79549,3.57985,0.722473,-0.979021,0.500457,0,0,-12,0,0,0,0,0,1.44951,0,0,0,
0.439774,-0.255857,0.710403,0.552538,0.485202,-0.49029,-0.467864,0.000631824,0.00179683,0.00173891,0.0121699,-0.0179355,-0.0227866,0.329459,-0.565812,0.695105,0.999479,-0.00708391,-0.0314919,-0.000160299,-0.178981,-0.0799403,0.739144,0.694608,-0.287717,0.609157,0.252322,0,0,0,0,0,0,0,-0.907733,0.893189,0.698853,2.58276,-5.11853,-6.05515,-9.05943,-8.79359,3.637,0.720559,-0.868645,0.493816,0,0,-12,0,0,0,0,0,1.4685,0,0,0,
0.439819,-0.255817,0.710373,0.552714,0.485115,-0.490042,-0.468006,0.00235739,0.00126669,0.00243656,0.0145976,-0.0165867,-0.0255321,0.329559,-0.565703,0.695038,0.999475,-0.0070003,-0.0316299,-0.00017992,-0.178981,-0.0799403,0.739144,0.694608,-0.287717,0.609157,0.252322,0,0,0,0,0,0,0,-0.861236,1.11479,1.15133,2.28141,-4.25951,-6.40073,-8.96454,-9.16472,3.49847,0.727813,-1.0776,0.458376,0,0,-12,0,0,0,0,0,1.48871,0,0,0,
0.439864,-0.255785,0.710437,0.552872,0.485149,-0.489703,-0.46814,0.00124167,0.00232209,-0.000945352,0.00746417,-0.00738878,-0.0155477,0.329647,-0.565607,0.694967,0.999474,-0.00693676,-0.0316626,-0.000322612,-0.178981,-0.0799403,0.739144,0.694608,-0.287717,0.609157,0.252322,0,0,0,0,0,0,0,-0.845173,0.783202,0.525094,2.90115,-4.55461,-5.95829,-8.98295,-8.61556,3.57424,0.689809,-1.00236,0.489883,0,0,-12,0,0,0,0,0,1.5099,0,0,0,
0.439879,-0.255738,0.710427,0.552915,0.485175,-0.489504,-0.46827,0.000432999,0.000976614,-0.00174455,0.0140782,-0.0038336,-0.0155718,0.329724,-0.565522,0.69486,0.999472,-0.0068377,-0.0317706,-0.000450247,-0.178981,-0.0799403,0.739144,0.694608,-0.287717,0.609157,0.252322,0,0,0,0,0,0,0,-0.89848,1.0374,0.589133,2.16246,-5.64323,-6.10679,-9.41537,-8.87644,3.69562,0.759686,-0.726989,0.502164,0,0,-12,0,0,0,0,0,1.54203,0,0,0,
0.439891,-0.255706,0.71037,0.552979,0.485172,-0.489276,-0.468435,0.000486231,0.000297283,-0.00443227,0.0104425,0.00135681,-0.0180807,0.329797,-0.56544,0.694699,0.999466,-0.00673666,-0.0319614,-0.000590752,-0.178981,-0.0799403,0.739144,0.694608,-0.287717,0.609157,0.252322,0,0,0,0,0,0,0,-0.849788,1.17783,0.636837,2.09693,-5.45057,-6.25324,-9.64204,-9.07071,3.65143,0.736913,-0.76338,0.504733,0,0,-12,0,0,0,0,0,1.59015,0,0,0,
0.439902,-0.255691,0.710309,0.553043,0.485153,-0.489107,-0.468556,0.000348131,0.00215976,-0.00166696,0.00757885,-0.00976939,-0.0130391,0.329847,-0.565384,0.69457,0.999461,-0.00667239,-0.0321316,-0.000681214,-0.178981,-0.0799403,0.739144,0.694608,-0.287717,0.609157,0.252322,0,0,0,0,0,0,0,-0.824066,1.26688,0.714413,2.11538,-5.18922,-6.39221,-9.68856,-9.2158,3.60248,0.713508,-0.823615,0.507738,0,0,-12,0,0,0,0,0,1.62895,0,0,0,
0.439919,-0.255632,0.710316,0.553171,0.485168,-0.488856,-0.468651,0.0004517,0.00258123,0.00367174,0.015721,-0.0194122,-0.0119437,0.329944,-0.565277,0.694483,0.999458,-0.00654739,-0.032241,-0.000775375,-0.178981,-0.0799403,0.739144,0.694608,-0.287717,0.609157,0.252322,0,0,0,0,0,0,0,-0.935796,0.995506,0.769231,2.65783,-5.07962,-6.31446,-8.90987,-8.90146,3.61076,0.688592,-0.878144,0.498794,0,0,-12,0,0,0,0,0,1.65521,0,0,0,
0.439938,-0.255563,0.710342,0.553253,0.485211,-0.488649,-0.468725,0.000660401,0.00277781,6.87058e-05,0.00932213,-0.00785247,-0.0140118,0.330039,-0.565174,0.694414,0.999457,-0.00642926,-0.0323076,-0.000879259,-0.178981,-0.0799403,0.739144,0.694608,-0.287717,0.609157,0.252322,0,0,0,0,0,0,0,-0.979546,0.922744,0.691733,2.59835,-5.3624,-6.2375,-8.77001,-8.75179,3.65973,0.718164,-0.814714,0.499473,0,0,-12,0,0,0,0,0,1.67593,0,0,0,
0.439967,-0.255531,0.710312,0.553309,0.485183,-0.488443,-0.468904,0.00131948,-0.000110038,0.0015034,0.0224183,-0.00907146,-0.0216753,0.330114,-0.56509,0.694289,0.999453,-0.00635388,-0.0324373,-0.00101645,-0.178981,-0.0799403,0.739144,0.694608,-0.287717,0.609157,0.252322,0,0,0,0,0,0,0,-0.873465,1.12267,0.49888,2.02945,-4.63635,-6.39663,-8.99273,-8.95452,3.5527,0.777151,-0.984873,0.550309,0,0,-12,0,0,0,0,0,1.7133,0,0,0,
0.440013,-0.25553,0.71032,0.553381,0.485199,-0.488148,-0.469108,0.0017635,-0.000724827,-0.00199435,0.0176229,-0.00299432,-0.0212166,0.33017,-0.565026,0.694141,0.99945,-0.00633502,-0.0325332,-0.00123241,-0.178981,-0.0799403,0.739144,0.694608,-0.287717,0.609157,0.252322,0,0,0,0,0,0,0,-0.784578,0.992521,0.0635408,2.42104,-4.02159,-6.24309,-9.02716,-8.7357,3.48689,0.736848,-1.12989,0.591129,0,0,-12,0,0,0,0,0,1.75771,0,0,0,
0.440036,-0.255546,0.710395,0.553413,0.485341,-0.487749,-0.469339,0.000539316,-1.12088e-05,0.000317573,0.020585,-0.0105913,-0.0121739,0.330208,-0.56498,0.693949,0.999448,-0.00630692,-0.0325729,-0.00159933,-0.178981,-0.0799403,0.739144,0.694608,-0.287717,0.609157,0.252322,0,0,0,0,0,0,0,-0.741553,0.787546,-0.560273,2.80295,-4.5565,-5.86156,-9.38373,-8.31456,3.58565,0.708109,-0.982997,0.62225,0,0,-12,0,0,0,0,0,1.81541,0,0,0,
0.440048,-0.255546,0.710423,0.55341,0.485454,-0.487512,-0.469472,0.00060637,-0.000494224,0.00131399,0.0244261,-0.00970563,-0.0120334,0.330233,-0.564949,0.693795,0.999446,-0.00628234,-0.0326381,-0.00185233,-0.178981,-0.0799403,0.739144,0.694608,-0.287717,0.609157,0.252322,0,0,0,0,0,0,0,-0.786504,0.894624,-0.423174,2.68983,-5.04305,-5.99094,-9.48798,-8.46348,3.63492,0.702867,-0.861699,0.618768,0,0,-12,0,0,0,0,0,1.86159,0,0,0,
0.440064,-0.255536,0.710401,0.553404,0.485519,-0.487318,-0.469613,0.000484879,0.00201591,-0.000155964,0.0114323,-0.0093237,-0.00678644,0.330269,-0.564906,0.693615,0.999441,-0.00624402,-0.0327716,-0.00208405,-0.178981,-0.0799403,0.739144,0.694608,-0.287717,0.609157,0.252322,0,0,0,0,0,0,0,-0.816462,1.08633,0.037415,2.27104,-5.08037,-6.2452,-9.47608,-8.72994,3.61763,0.73563,-0.849323,0.56477,0,0,-12,0,0,0,0,0,1.91549,0,0,0,
0.440075,-0.25548,0.710373,0.553418,0.485553,-0.487193,-0.469691,0.00042821,0.00316046,-0.000895628,0.00714815,-0.00305041,-0.00497218,0.330338,-0.564828,0.693492,0.999437,-0.00614837,-0.0329009,-0.00221671,-0.178981,-0.0799403,0.739144,0.694608,-0.287717,0.609157,0.252322,0,0,0,0,0,0,0,-0.949326,1.11147,0.525691,2.21865,-5.35672,-6.4463,-8.99101,-8.8323,3.64299,0.746062,-0.799612,0.518017,0,0,-12,0,0,0,0,0,1.95229,0,0,0,
0.440084,-0.255398,0.710401,0.553474,0.485596,-0.487051,-0.469729,0.00029708,0.00291136,0.0033849,0.00861587,-0.0154609,-0.00976228,0.330431,-0.564725,0.693419,0.999436,-0.00601249,-0.03296,-0.00233782,-0.178981,-0.0799403,0.739144,0.694608,-0.287717,0.609157,0.252322,0,0,0,0,0,0,0,-1.00935,0.919423,0.68839,2.53367,-5.36752,-6.32195,-8.58686,-8.57191,3.66305,0.73617,-0.805271,0.457973,0,0,-12,0,0,0,0,0,1.9742,0,0,0,
0.440093,-0.255321,0.710438,0.55355,0.485647,-0.486884,-0.469758,0.000360601,0.00337116,-0.00135741,-0.000497828,-0.0037977,-0.00794244,0.330523,-0.564625,0.693343,0.999434,-0.00588239,-0.0330151,-0.00246921,-0.178981,-0.0799403,0.739144,0.694608,-0.287717,0.609157,0.252322,0,0,0,0,0,0,0,-1.01182,0.882365,0.662634,2.73768,-5.22144,-6.33572,-8.47172,-8.5402,3.64501,0.70931,-0.843859,0.463617,0,0,-12,0,0,0,0,0,1.99711,0,0,0,
0.440106,-0.255257,0.710426,0.55367,0.485652,-0.486705,-0.469798,0.000436108,0.00157518,0.00186747,0.010807,-0.0158448,-0.00991651,0.330612,-0.564525,0.693225,0.99943,-0.00575902,-0.0331536,-0.00258883,-0.178981,-0.0799403,0.739144,0.694608,-0.287717,0.609157,0.252322,0,0,0,0,0,0,0,-0.961325,1.04487,0.875812,2.6616,-4.8946,-6.53055,-8.6448,-8.79269,3.57907,0.683569,-0.912751,0.442796,0,0,-12,0,0,0,0,0,2.03242,0,0,0,
0.440117,-0.255255,0.710451,0.553728,0.485721,-0.486484,-0.469886,0.000619502,-0.000423255,-0.00161505,0.0125492,-0.00643441,-0.0152476,0.330643,-0.564488,0.693088,0.999428,-0.00572542,-0.0332264,-0.00280254,-0.178981,-0.0799403,0.739144,0.694608,-0.287717,0.609157,0.252322,0,0,0,0,0,0,0,-0.809932,0.906682,0.0220011,2.95815,-4.57441,-6.20905,-9.10459,-8.46715,3.56276,0.656056,-0.971837,0.527058,0,0,-12,0,0,0,0,0,2.07374,0,0,0,
0.440133,-0.255275,0.710414,0.55379,0.485715,-0.486249,-0.470063,0.000603514,0.000557985,0.00108949,0.0155566,-0.00781088,-0.0123138,0.330671,-0.564452,0.69289,0.999422,-0.00570033,-0.0333884,-0.00303708,-0.178981,-0.0799403,0.739144,0.694608,-0.287717,0.609157,0.252322,0,0,0,0,0,0,0,-0.752343,1.13844,0.101958,2.41442,-4.04615,-6.46205,-9.22789,-8.74877,3.47173,0.703808,-1.0956,0.544664,0,0,-12,0,0,0,0,0,2.13313,0,0,0,
0.440146,-0.255258,0.71045,0.55382,0.485767,-0.486037,-0.470194,0.00057474,0.000137848,0.00392299,0.0207456,-0.0123767,-0.0146882,0.330718,-0.564397,0.692756,0.99942,-0.00564324,-0.0334356,-0.00327835,-0.178981,-0.0799403,0.739144,0.694608,-0.287717,0.609157,0.252322,0,0,0,0,0,0,0,-0.867553,0.881257,-0.0271877,2.57732,-4.48404,-6.24229,-8.72859,-8.33307,3.56163,0.739687,-1.0074,0.535679,0,0,-12,0,0,0,0,0,2.17317,0,0,0,
0.440158,-0.255214,0.710468,0.553874,0.48579,-0.48589,-0.470258,0.000471246,0.00303918,-0.000591016,-0.000313363,-0.00439258,-0.00405939,0.330782,-0.564324,0.69264,0.999417,-0.00555681,-0.0335086,-0.00346055,-0.178981,-0.0799403,0.739144,0.694608,-0.287717,0.609157,0.252322,0,0,0,0,0,0,0,-0.944892,0.948521,0.513115,2.55152,-4.73002,-6.41222,-8.53637,-8.47859,3.57853,0.729748,-0.949184,0.457623,0,0,-12,0,0,0,0,0,2.20796,0,0,0,
0.440173,-0.255186,0.710442,0.553907,0.485774,-0.485785,-0.470344,0.000712071,-0.000508506,-0.000783484,0.0121442,-0.00246719,-0.0126503,0.33083,-0.564267,0.692491,0.999413,-0.00549774,-0.0336305,-0.00364777,-0.178981,-0.0799403,0.739144,0.694608,-0.287717,0.609157,0.252322,0,0,0,0,0,0,0,-0.888297,1.1008,0.58919,2.20633,-4.61352,-6.51173,-8.82237,-8.63353,3.55041,0.754005,-0.962926,0.440656,0,0,-12,0,0,0,0,0,2.2526,0,0,0,
0.440193,-0.25518,0.71036,0.5539,0.485756,-0.485673,-0.470486,0.000680058,0.00117607,-0.00359722,0.00435968,0.00271807,-0.0051869,0.33086,-0.564229,0.692272,0.999405,-0.00547137,-0.0338381,-0.00387634,-0.178981,-0.0799403,0.739144,0.694608,-0.287717,0.609157,0.252322,0,0,0,0,0,0,0,-0.818073,1.26432,0.373255,1.97218,-4.52996,-6.62778,-9.1921,-8.80087,3.52301,0.756709,-0.969995,0.491593,0,0,-12,0,0,0,0,0,2.31853,0,0,0,
0.440207,-0.255138,0.710266,0.553891,0.485708,-0.485697,-0.470523,0.00070026,0.000942279,-0.00239074,0.00741611,0.00193941,-0.00514638,0.330902,-0.564179,0.692145,0.999399,-0.0054192,-0.0340192,-0.00394628,-0.178981,-0.0799403,0.739144,0.694608,-0.287717,0.609157,0.252322,0,0,0,0,0,0,0,-0.95813,1.41912,1.05998,1.6587,-5.06803,-6.92533,-8.89747,-9.07989,3.56459,0.78162,-0.849005,0.420379,0,0,-12,0,0,0,0,0,2.35646,0,0,0,
0.440223,-0.255098,0.710339,0.553898,0.485837,-0.485514,-0.47057,0.000514459,0.0026812,0.00333426,0.0121556,-0.0135702,-0.00023765,0.33095,-0.564123,0.692017,0.999398,-0.00536197,-0.0340292,-0.00422139,-0.178981,-0.0799403,0.739144,0.694608,-0.287717,0.609157,0.252322,0,0,0,0,0,0,0,-0.938096,0.772713,-0.0156618,2.8951,-4.98723,-6.19815,-8.56211,-8.07641,3.63328,0.707553,-0.876843,0.490573,0,0,-12,0,0,0,0,0,2.395,0,0,0,
0.440237,-0.255039,0.710425,0.553898,0.485979,-0.485326,-0.470617,0.000627241,0.00184168,0.00305405,0.0180433,-0.009345,-0.00283652,0.331014,-0.56405,0.691909,0.999397,-0.00527876,-0.0340223,-0.00447972,-0.178981,-0.0799403,0.739144,0.694608,-0.287717,0.609157,0.252322,0,0,0,0,0,0,0,-0.99558,0.724639,-0.111904,2.95251,-5.04548,-6.22528,-8.27818,-8.01527,3.64617,0.713811,-0.877187,0.524376,0,0,-12,0,0,0,0,0,2.42742,0,0,0,
0.440253,-0.254987,0.710467,0.553865,0.486081,-0.485181,-0.470699,0.000583546,0.00254755,0.00217806,0.0129748,-0.0071286,-0.00195805,0.331073,-0.563982,0.691787,0.999395,-0.00520398,-0.034056,-0.00471639,-0.178981,-0.0799403,0.739144,0.694608,-0.287717,0.609157,0.252322,0,0,0,0,0,0,0,-0.979659,0.868054,-0.117569,2.53505,-4.98723,-6.36062,-8.37793,-8.16719,3.62878,0.757872,-0.88963,0.54516,0,0,-12,0,0,0,0,0,2.46379,0,0,0,
0.440266,-0.254919,0.710476,0.553847,0.486157,-0.485098,-0.470728,0.000604589,0.00210411,-0.000335536,0.00808192,-0.00288866,-0.00323709,0.331137,-0.563909,0.691675,0.999392,-0.00511836,-0.0341312,-0.00488915,-0.178981,-0.0799403,0.739144,0.694608,-0.287717,0.609157,0.252322,0,0,0,0,0,0,0,-1.02734,0.981348,0.311651,2.4745,-5.23295,-6.54374,-8.35139,-8.369,3.64075,0.741967,-0.826684,0.490528,0,0,-12,0,0,0,0,0,2.49759,0,0,0,
0.440283,-0.254891,0.710428,0.553831,0.486162,-0.485032,-0.470809,0.000678274,0.00129795,-0.00364318,0.00167995,0.00456384,-0.00502249,0.331174,-0.563864,0.691517,0.999387,-0.00507677,-0.0342733,-0.00506887,-0.178981,-0.0799403,0.739144,0.694608,-0.287717,0.609157,0.252322,0,0,0,0,0,0,0,-0.920018,1.18062,0.375618,2.09168,-4.77787,-6.68611,-8.72668,-8.58903,3.56334,0.761535,-0.917766,0.478336,0,0,-12,0,0,0,0,0,2.54504,0,0,0,
0.4403,-0.254884,0.710389,0.553838,0.486162,-0.484933,-0.470903,0.000582105,0.00134403,0.000242677,0.00777265,-0.00688746,-0.00503772,0.331199,-0.563831,0.691346,0.999381,-0.00505738,-0.0344107,-0.00527464,-0.178981,-0.0799403,0.739144,0.694608,-0.287717,0.609157,0.252322,0,0,0,0,0,0,0,-0.862973,1.15841,0.307848,2.21449,-4.44995,-6.6461,-8.81618,-8.52207,3.52295,0.742385,-0.987172,0.465192,0,0,-12,0,0,0,0,0,2.59612,0,0,0,
0.440314,-0.254833,0.710416,0.55388,0.486252,-0.48479,-0.470909,0.00058782,0.00134132,0.000585211,0.00970501,-0.00907676,-0.00455473,0.331254,-0.563767,0.691221,0.999378,-0.00498707,-0.0344857,-0.00547109,-0.178981,-0.0799403,0.739144,0.694608,-0.287717,0.609157,0.252322,0,0,0,0,0,0,0,-0.986332,0.928276,0.306791,2.93664,-4.87268,-6.54762,-8.33907,-8.27603,3.59041,0.668589,-0.901072,0.46195,0,0,-12,0,0,0,0,0,2.63372,0,0,0,
0.440328,-0.254784,0.71035,0.553901,0.486239,-0.484786,-0.4709,0.000524725,0.00270269,-0.00236843,-0.00401719,-0.00426433,0.00130125,0.3313,-0.563713,0.691091,0.999372,-0.00492888,-0.0346509,-0.00556814,-0.178981,-0.0799403,0.739144,0.694608,-0.287717,0.609157,0.252322,0,0,0,0,0,0,0,-0.98475,1.25687,0.943175,2.23276,-5.02833,-6.88106,-8.60122,-8.72056,3.57205,0.71728,-0.84768,0.38162,0,0,-12,0,0,0,0,0,2.67262,0,0,0,
0.440345,-0.254777,0.710337,0.553929,0.486281,-0.484665,-0.47095,0.000683192,2.60914e-05,0.000600077,0.0130936,-0.00652705,-0.00597682,0.33132,-0.563685,0.690928,0.999367,-0.00491682,-0.0347663,-0.0057843,-0.178981,-0.0799403,0.739144,0.694608,-0.287717,0.609157,0.252322,0,0,0,0,0,0,0,-0.866894,1.07585,0.30087,2.61628,-4.54281,-6.59862,-8.78847,-8.3708,3.53684,0.686394,-0.953719,0.434495,0,0,-12,0,0,0,0,0,2.72172,0,0,0,
0.440362,-0.254737,0.710364,0.553925,0.486383,-0.484509,-0.471009,0.000600477,0.000779584,0.000567882,0.0104612,-0.00735296,-0.00766732,0.331367,-0.563628,0.690773,0.999363,-0.00486227,-0.0348411,-0.00603836,-0.178981,-0.0799403,0.739144,0.694608,-0.287717,0.609157,0.252322,0,0,0,0,0,0,0,-0.948491,0.950177,0.0180037,2.71767,-4.77187,-6.53142,-8.42709,-8.16774,3.58178,0.703905,-0.917269,0.491413,0,0,-12,0,0,0,0,0,2.76797,0,0,0,
0.440373,-0.254697,0.710422,0.553964,0.486483,-0.484363,-0.47101,0.00046309,0.003013,0.00051088,-2.02101e-05,-0.00814546,-0.00137823,0.331413,-0.563575,0.690682,0.999361,-0.0048061,-0.0348584,-0.00622755,-0.178981,-0.0799403,0.739144,0.694608,-0.287717,0.609157,0.252322,0,0,0,0,0,0,0,-0.9943,0.786938,0.105975,3.22062,-4.78157,-6.44007,-8.14232,-7.98031,3.59437,0.651148,-0.919415,0.454809,0,0,-12,0,0,0,0,0,2.7955,0,0,0,
0.440387,-0.254645,0.710437,0.554001,0.486527,-0.484275,-0.471012,0.000675745,0.000587737,0.000104147,0.00834171,-0.00617631,-0.00413993,0.331468,-0.563511,0.690568,0.999358,-0.00473489,-0.0349312,-0.00640225,-0.178981,-0.0799403,0.739144,0.694608,-0.287717,0.609157,0.252322,0,0,0,0,0,0,0,-1.0092,0.969192,0.504648,2.74527,-4.78877,-6.64762,-8.16697,-8.22081,3.57507,0.695464,-0.913744,0.404741,0,0,-12,0,0,0,0,0,2.82963,0,0,0,
0.440403,-0.254643,0.710394,0.553998,0.486557,-0.484174,-0.471088,0.000706644,-0.000157812,-0.000538023,0.0120978,-0.004032,-0.00568698,0.331482,-0.563489,0.690393,0.999352,-0.00472981,-0.0350778,-0.00660415,-0.178981,-0.0799403,0.739144,0.694608,-0.287717,0.609157,0.252322,0,0,0,0,0,0,0,-0.862701,1.17376,0.150866,2.43835,-4.4677,-6.74687,-8.77335,-8.42088,3.51756,0.699413,-0.969037,0.474709,0,0,-12,0,0,0,0,0,2.8821,0,0,0,
0.44042,-0.254619,0.710327,0.553968,0.486565,-0.484139,-0.471151,0.000569662,0.00290002,-0.00326552,-0.00189389,0.00299468,0.00285003,0.331509,-0.563455,0.690239,0.999345,-0.00470457,-0.0352372,-0.00675319,-0.178981,-0.0799403,0.739144,0.694608,-0.287717,0.609157,0.252322,0,0,0,0,0,0,0,-0.924951,1.26276,0.345346,2.13511,-4.72436,-6.88342,-8.64682,-8.52769,3.53856,0.737041,-0.912038,0.463973,0,0,-12,0,0,0,0,0,2.92844,0,0,0,
0.440435,-0.254556,0.710341,0.553957,0.486648,-0.484067,-0.471152,0.000595006,0.00187,-0.000179793,0.00564692,-0.00379247,3.63093e-05,0.331564,-0.56339,0.690125,0.999342,-0.0046347,-0.0353073,-0.00693072,-0.178981,-0.0799403,0.739144,0.694608,-0.287717,0.609157,0.252322,0,0,0,0,0,0,0,-1.04255,0.987909,0.273639,2.68231,-5.05305,-6.69505,-8.11441,-8.16515,3.60618,0.705619,-0.850352,0.452313,0,0,-12,0,0,0,0,0,2.96252,0,0,0,
0.44045,-0.254486,0.710341,0.553937,0.486704,-0.48404,-0.471146,0.000508528,0.00375388,-0.00117152,-0.00224016,-0.000806718,0.00533369,0.331621,-0.563323,0.690007,0.999338,-0.00455919,-0.0353893,-0.00710558,-0.178981,-0.0799403,0.739144,0.694608,-0.287717,0.609157,0.252322,0,0,0,0,0,0,0,-1.04789,1.03638,0.480605,2.45462,-5.15392,-6.72681,-8.14754,-8.18731,3.61708,0.734262,-0.819024,0.403535,0,0,-12,0,0,0,0,0,2.99805,0,0,0,
0.440462,-0.254418,0.710315,0.553923,0.486722,-0.484056,-0.471128,0.000574053,0.00297625,-0.00341448,-0.00343324,0.00587914,0.00251025,0.331676,-0.56326,0.689927,0.999334,-0.00448482,-0.035479,-0.0071892,-0.178981,-0.0799403,0.739144,0.694608,-0.287717,0.609157,0.252322,0,0,0,0,0,0,0,-1.10251,1.14266,0.736109,2.2921,-5.25428,-6.91553,-7.99974,-8.37381,3.61091,0.742206,-0.80151,0.394179,0,0,-12,0,0,0,0,0,3.02197,0,0,0,
0.440475,-0.254367,0.710251,0.553905,0.486719,-0.484058,-0.47115,0.000566604,0.00141793,-0.000268408,0.00666252,-0.00458548,-0.00276398,0.331721,-0.563206,0.689801,0.999329,-0.00442545,-0.0356315,-0.00729402,-0.178981,-0.0799403,0.739144,0.694608,-0.287717,0.609157,0.252322,0,0,0,0,0,0,0,-1.01728,1.26556,0.606078,2.16137,-4.95846,-7.00497,-8.2942,-8.51153,3.55923,0.735141,-0.860457,0.423889,0,0,-12,0,0,0,0,0,3.05983,0,0,0,
0.440488,-0.254304,0.71027,0.553916,0.486791,-0.483984,-0.471138,0.000479736,0.00275559,0.0023185,0.00701117,-0.00949076,0.00123123,0.331778,-0.56314,0.689701,0.999326,-0.00435139,-0.0356924,-0.00745349,-0.178981,-0.0799403,0.739144,0.694608,-0.287717,0.609157,0.252322,0,0,0,0,0,0,0,-1.06954,0.978198,0.376665,2.78796,-5.00642,-6.76064,-7.91604,-8.11202,3.59491,0.68981,-0.859246,0.424601,0,0,-12,0,0,0,0,0,3.08972,0,0,0,
0.440501,-0.25422,0.710317,0.55393,0.486894,-0.483898,-0.471104,0.000420612,0.00404092,-0.000858207,-0.00158818,-0.00425244,0.00335275,0.331851,-0.563058,0.689626,0.999324,-0.00425224,-0.0357208,-0.00760494,-0.178981,-0.0799403,0.739144,0.694608,-0.287717,0.609157,0.252322,0,0,0,0,0,0,0,-1.14181,0.88081,0.318565,2.9975,-5.17052,-6.73356,-7.5997,-7.99584,3.6233,0.67836,-0.833273,0.440778,0,0,-12,0,0,0,0,0,3.11225,0,0,0,
0.440509,-0.254139,0.710333,0.553953,0.486986,-0.483819,-0.471062,0.000468434,0.00325405,-0.00178384,-0.000897414,-0.0045004,0.00227693,0.33192,-0.562979,0.689541,0.999321,-0.00415246,-0.0357937,-0.00772485,-0.178981,-0.0799403,0.739144,0.694608,-0.287717,0.609157,0.252322,0,0,0,0,0,0,0,-1.12761,0.982414,0.406941,3.01534,-5.21332,-6.85975,-7.73473,-8.16102,3.61229,0.650251,-0.816139,0.443936,0,0,-12,0,0,0,0,0,3.13783,0,0,0,
0.44046,-0.25407,0.710292,0.553917,0.487091,-0.483789,-0.471027,-0.0024296,0.00257493,-0.000886084,0.00306293,-0.00682983,0.00714859,0.331966,-0.562922,0.689386,0.999314,-0.00399094,-0.0359566,-0.00787942,-0.178981,-0.0799403,0.739144,0.694608,-0.287717,0.609157,0.252322,0,0,0,0,0,0,0,-1.06566,1.16241,0.3647,2.6783,-6.15927,-6.8634,-8.53777,-8.29531,3.72628,0.659639,-0.550925,0.434276,0,0,-12,0,0,0,0,0,3.18408,0,0,0,
0.440429,-0.254036,0.710304,0.55391,0.487185,-0.483719,-0.47101,-0.000900119,0.000899897,-0.00363755,-2.77039e-05,0.0022078,-0.000751773,0.331992,-0.56289,0.689288,0.999311,-0.00389559,-0.0360199,-0.0080236,-0.178981,-0.0799403,0.739144,0.694608,-0.287717,0.609157,0.252322,0,0,0,0,0,0,0,-1.02236,0.99267,0.150246,2.99402,-5.95828,-6.64516,-8.53322,-8.00504,3.72468,0.638615,-0.592558,0.419326,0,0,-12,0,0,0,0,0,3.21356,0,0,0,
0.440398,-0.253994,0.710253,0.553883,0.487219,-0.483704,-0.471022,-0.00205405,0.00309612,3.69136e-05,0.00468022,-0.00652773,0.00517371,0.332024,-0.562849,0.68916,0.999306,-0.00378685,-0.0361614,-0.00814178,-0.178981,-0.0799403,0.739144,0.694608,-0.287717,0.609157,0.252322,0,0,0,0,0,0,0,-1.02797,1.22395,0.400347,2.41123,-5.77782,-6.92487,-8.52318,-8.31559,3.67266,0.694232,-0.639049,0.420754,0,0,-12,0,0,0,0,0,3.25191,0,0,0,
0.440376,-0.253921,0.710264,0.553906,0.4873,-0.483614,-0.471003,0.000290883,0.00287852,0.000521674,0.00515727,-0.0100422,-0.00276704,0.33209,-0.562774,0.68908,0.999303,-0.00364404,-0.0362383,-0.00824661,-0.178981,-0.0799403,0.739144,0.694608,-0.287717,0.609157,0.252322,0,0,0,0,0,0,0,-1.12064,1.01272,0.295417,3.02029,-5.6099,-6.86351,-7.91171,-8.10098,3.66079,0.639137,-0.704314,0.445223,0,0,-12,0,0,0,0,0,3.27604,0,0,0,
0.440385,-0.253842,0.710271,0.553954,0.487356,-0.483523,-0.470983,0.000368863,0.00313442,0.00148853,0.00519977,-0.012002,-0.00125437,0.332167,-0.562687,0.689015,0.999299,-0.00353501,-0.0363153,-0.00832107,-0.178981,-0.0799403,0.739144,0.694608,-0.287717,0.609157,0.252322,0,0,0,0,0,0,0,-1.13083,1.02622,0.425089,3.04102,-5.0472,-6.97726,-7.59235,-8.16258,3.57758,0.636339,-0.852155,0.439852,0,0,-12,0,0,0,0,0,3.29552,0,0,0,
0.440395,-0.253764,0.710283,0.554002,0.487438,-0.483422,-0.470945,0.0004205,0.00299868,0.00122128,0.00714425,-0.00995067,0.000686809,0.332238,-0.562606,0.688947,0.999296,-0.0034369,-0.0363916,-0.00839953,-0.178981,-0.0799403,0.739144,0.694608,-0.287717,0.609157,0.252322,0,0,0,0,0,0,0,-1.14629,1.00687,0.377991,3.22164,-5.14281,-6.98903,-7.54619,-8.15287,3.58752,0.608455,-0.8302,0.453619,0,0,-12,0,0,0,0,0,3.31576,0,0,0,
0.440409,-0.253688,0.710263,0.554016,0.487477,-0.483367,-0.470945,0.00053662,0.00233772,-0.00179492,0.00263572,-0.00234219,-0.00105533,0.332309,-0.562524,0.688852,0.999292,-0.00334245,-0.0365002,-0.00849931,-0.178981,-0.0799403,0.739144,0.694608,-0.287717,0.609157,0.252322,0,0,0,0,0,0,0,-1.12753,1.11006,0.433269,2.73302,-5.08998,-7.05243,-7.61903,-8.22091,3.57623,0.673502,-0.839769,0.443683,0,0,-12,0,0,0,0,0,3.34446,0,0,0,
0.440421,-0.253647,0.710226,0.554003,0.487501,-0.483344,-0.470958,0.000597687,0.00208144,-0.0021545,0.00280256,-0.000204058,0.00101187,0.332345,-0.562481,0.68876,0.999287,-0.00329834,-0.0366063,-0.00858247,-0.178981,-0.0799403,0.739144,0.694608,-0.287717,0.609157,0.252322,0,0,0,0,0,0,0,-1.08847,1.20821,0.376166,2.54203,-5.12039,-7.11631,-7.8398,-8.31985,3.57162,0.683952,-0.82348,0.460587,0,0,-12,0,0,0,0,0,3.37208,0,0,0,
0.440435,-0.253585,0.710223,0.553965,0.48757,-0.483306,-0.470971,0.000585404,0.00325085,-0.00261236,0.0014742,0.0042436,0.00433146,0.332396,-0.562421,0.688669,0.999284,-0.00323258,-0.0366735,-0.00871216,-0.178981,-0.0799403,0.739144,0.694608,-0.287717,0.609157,0.252322,0,0,0,0,0,0,0,-1.12207,1.06494,0.165603,2.63938,-5.34209,-6.94781,-7.68912,-8.05987,3.62267,0.700455,-0.774856,0.469063,0,0,-12,0,0,0,0,0,3.39917,0,0,0,
0.44045,-0.253498,0.710202,0.553918,0.487619,-0.483319,-0.470962,0.000534561,0.00354833,-0.00159859,-0.000429803,0.00220634,0.00528931,0.332462,-0.562345,0.688587,0.99928,-0.00314478,-0.0367603,-0.0088083,-0.178981,-0.0799403,0.739144,0.694608,-0.287717,0.609157,0.252322,0,0,0,0,0,0,0,-1.18385,1.13226,0.406318,2.46277,-5.53328,-7.07272,-7.52477,-8.16725,3.63445,0.719485,-0.73476,0.447898,0,0,-12,0,0,0,0,0,3.42401,0,0,0,
0.440463,-0.253419,0.710152,0.553875,0.487642,-0.483353,-0.470953,0.000515085,0.00230891,0.00256558,0.0123893,-0.009043,0.00247701,0.332521,-0.562276,0.688512,0.999276,-0.00306437,-0.036874,-0.00885478,-0.178981,-0.0799403,0.739144,0.694608,-0.287717,0.609157,0.252322,0,0,0,0,0,0,0,-1.18211,1.24077,0.532039,2.33414,-5.54161,-7.20869,-7.58055,-8.33011,3.61823,0.717844,-0.729859,0.446819,0,0,-12,0,0,0,0,0,3.44655,0,0,0,
0.440479,-0.25338,0.710123,0.553837,0.487689,-0.483316,-0.470988,0.000699343,0.000796641,-0.00277841,0.00435309,0.00318268,-0.00112429,0.332555,-0.562234,0.688401,0.999271,-0.0030283,-0.0369748,-0.00898276,-0.178981,-0.0799403,0.739144,0.694608,-0.287717,0.609157,0.252322,0,0,0,0,0,0,0,-1.0594,1.17175,0.139937,2.51861,-5.17661,-7.04122,-7.89238,-8.15365,3.58863,0.695052,-0.800393,0.471852,0,0,-12,0,0,0,0,0,3.47984,0,0,0,
0.440501,-0.253331,0.710151,0.553785,0.487808,-0.48319,-0.471055,0.000677638,0.00103038,0.000695737,0.011052,-0.00313421,-0.00105273,0.332602,-0.562177,0.688258,0.999267,-0.00297971,-0.0370304,-0.00923441,-0.178981,-0.0799403,0.739144,0.694608,-0.287717,0.609157,0.252322,0,0,0,0,0,0,0,-1.05807,0.995203,-0.210581,2.78047,-5.09044,-6.84785,-7.73558,-7.84922,3.60357,0.689335,-0.82557,0.499733,0,0,-12,0,0,0,0,0,3.52264,0,0,0,
0.440527,-0.25325,0.710134,0.553759,0.487906,-0.483114,-0.471062,0.000527712,0.00307268,0.000857887,0.00303634,-0.00662294,0.00365776,0.33267,-0.562094,0.688089,0.99926,-0.00290281,-0.0371699,-0.00945082,-0.178981,-0.0799403,0.739144,0.694608,-0.287717,0.609157,0.252322,0,0,0,0,0,0,0,-1.09967,1.10654,0.197577,2.754,-5.2111,-7.04086,-7.66488,-8.04655,3.59497,0.668599,-0.792925,0.450533,0,0,-12,0,0,0,0,0,3.57326,0,0,0,
0.44054,-0.253171,0.710134,0.553758,0.48797,-0.483093,-0.471019,0.000480775,0.00359695,-0.00310567,-0.00576193,0.00134219,0.00468957,0.332731,-0.562023,0.68802,0.999257,-0.00282041,-0.037238,-0.00953798,-0.178981,-0.0799403,0.739144,0.694608,-0.287717,0.609157,0.252322,0,0,0,0,0,0,0,-1.2063,1.072,0.423663,2.87546,-5.50427,-7.10297,-7.31047,-8.04869,3.62609,0.658233,-0.73532,0.427126,0,0,-12,0,0,0,0,0,3.59404,0,0,0,
0.440552,-0.253087,0.710108,0.553753,0.488008,-0.483107,-0.47097,0.000465211,0.00316075,-0.000594231,-0.000239484,-0.00381025,0.00375752,0.332796,-0.561949,0.68795,0.999253,-0.00273247,-0.0373346,-0.00959468,-0.178981,-0.0799403,0.739144,0.694608,-0.287717,0.609157,0.252322,0,0,0,0,0,0,0,-1.21331,1.16302,0.604474,2.70127,-5.56073,-7.21123,-7.33675,-8.17413,3.62001,0.668663,-0.718673,0.407578,0,0,-12,0,0,0,0,0,3.61505,0,0,0,
0.440565,-0.253024,0.710072,0.55376,0.488029,-0.483104,-0.470945,0.000525404,0.00187893,0.000436483,0.00344775,-0.00745073,-0.0011391,0.332847,-0.561889,0.68787,0.999249,-0.00266659,-0.0374434,-0.00965349,-0.178981,-0.0799403,0.739144,0.694608,-0.287717,0.609157,0.252322,0,0,0,0,0,0,0,-1.16608,1.20623,0.564476,2.68922,-5.31412,-7.24984,-7.43479,-8.22125,3.58208,0.659555,-0.772035,0.414122,0,0,-12,0,0,0,0,0,3.63903,0,0,0,
0.440582,-0.253005,0.710046,0.553747,0.488038,-0.483054,-0.471002,0.000782219,0.00016202,-0.00413255,0.000729399,0.00746254,-0.00381471,0.332871,-0.561857,0.687752,0.999244,-0.0026476,-0.0375368,-0.00980056,-0.178981,-0.0799403,0.739144,0.694608,-0.287717,0.609157,0.252322,0,0,0,0,0,0,0,-1.04251,1.1737,0.149459,2.52644,-4.82321,-7.10172,-7.68827,-8.05056,3.53864,0.693508,-0.878434,0.44696,0,0,-12,0,0,0,0,0,3.67428,0,0,0,
0.440602,-0.253036,0.710018,0.553735,0.48804,-0.482945,-0.471124,0.00083556,-0.00222303,-0.000559105,0.013489,-0.00205244,-0.0113152,0.332864,-0.561858,0.687596,0.999238,-0.00268211,-0.0376375,-0.0100104,-0.178981,-0.0799403,0.739144,0.694608,-0.287717,0.609157,0.252322,0,0,0,0,0,0,0,-0.90257,1.18336,-0.204105,2.51634,-4.28263,-7.02258,-8.03172,-7.97635,3.47817,0.688991,-0.991232,0.480779,0,0,-12,0,0,0,0,0,3.72114,0,0,0,
0.440616,-0.253006,0.710048,0.553726,0.488137,-0.482826,-0.471157,0.000509593,0.00265759,0.00282781,0.0109371,-0.0118863,0.00250695,0.332896,-0.561818,0.687495,0.999235,-0.00264867,-0.037676,-0.0101888,-0.178981,-0.0799403,0.739144,0.694608,-0.287717,0.609157,0.252322,0,0,0,0,0,0,0,-1.08011,0.984004,-0.239698,3.07324,-4.95074,-6.95305,-7.46633,-7.7693,3.57385,0.640528,-0.854386,0.500205,0,0,-12,0,0,0,0,0,3.75138,0,0,0,
0.440627,-0.252934,0.710105,0.553723,0.488264,-0.482725,-0.471132,0.00048478,0.00355813,-0.00101969,0.0010409,-0.000560358,0.00519494,0.332957,-0.561748,0.687435,0.999233,-0.00256808,-0.0376792,-0.0103317,-0.178981,-0.0799403,0.739144,0.694608,-0.287717,0.609157,0.252322,0,0,0,0,0,0,0,-1.19647,0.88512,-0.0868199,3.29535,-5.3599,-6.93286,-7.09195,-7.66984,3.63075,0.62636,-0.769187,0.475874,0,0,-12,0,0,0,0,0,3.76946,0,0,0,
0.44064,-0.252885,0.710146,0.553719,0.488369,-0.482614,-0.471142,0.000482285,0.00217223,-0.00202318,0.00113694,-0.00162909,6.45078e-06,0.333003,-0.561694,0.68736,0.999231,-0.00251189,-0.037699,-0.0104818,-0.178981,-0.0799403,0.739144,0.694608,-0.287717,0.609157,0.252322,0,0,0,0,0,0,0,-1.13049,0.933353,-0.187341,3.1976,-5.10381,-6.94644,-7.26315,-7.69803,3.59746,0.631137,-0.822548,0.487535,0,0,-12,0,0,0,0,0,3.79197,0,0,0,
0.440658,-0.252877,0.710098,0.553729,0.488389,-0.482532,-0.471193,0.000641667,0.000282661,-0.00340604,0.000783965,0.00241298,-0.00336802,0.333019,-0.561669,0.687222,0.999224,-0.00250653,-0.03784,-0.0106149,-0.178981,-0.0799403,0.739144,0.694608,-0.287717,0.609157,0.252322,0,0,0,0,0,0,0,-1.01279,1.22488,0.0773889,2.77815,-4.6665,-7.21846,-7.71597,-8.09012,3.50543,0.635706,-0.904693,0.466375,0,0,-12,0,0,0,0,0,3.83346,0,0,0,
0.440668,-0.252881,0.710045,0.553737,0.488377,-0.482488,-0.471241,0.000673138,-0.00137683,-0.00546475,-0.000283559,0.0063877,-0.00852797,0.333024,-0.561659,0.687112,0.999219,-0.00250982,-0.0379614,-0.0107074,-0.178981,-0.0799403,0.739144,0.694608,-0.287717,0.609157,0.252322,0,0,0,0,0,0,0,-0.984819,1.30358,0.168429,2.60931,-4.57117,-7.28699,-7.82344,-8.17408,3.4838,0.646996,-0.92018,0.452227,0,0,-12,0,0,0,0,0,3.86642,0,0,0,
0.44068,-0.252891,0.709948,0.553755,0.488315,-0.482485,-0.471289,0.000373468,0.000256231,-0.00117187,0.00197082,-0.00368281,-0.00360129,0.333024,-0.561652,0.686977,0.999211,-0.00252001,-0.0381417,-0.0107821,-0.178981,-0.0799403,0.739144,0.694608,-0.287717,0.609157,0.252322,0,0,0,0,0,0,0,-0.978427,1.43346,0.483186,2.36335,-4.52991,-7.43408,-7.89457,-8.34709,3.45806,0.660613,-0.921687,0.407475,0,0,-12,0,0,0,0,0,3.90679,0,0,0,
0.440693,-0.252895,0.709934,0.553778,0.488326,-0.482405,-0.471331,0.000466492,0.000439855,-0.000482961,0.00324725,-0.00327953,-0.00351061,0.333032,-0.561638,0.68686,0.999206,-0.00252212,-0.0382255,-0.0109342,-0.178981,-0.0799403,0.739144,0.694608,-0.287717,0.609157,0.252322,0,0,0,0,0,0,0,-1.00493,1.15027,0.100385,2.84276,-4.50801,-7.13944,-7.606,-7.90506,3.4922,0.639804,-0.935279,0.425132,0,0,-12,0,0,0,0,0,3.94187,0,0,0,
0.440706,-0.252861,0.709991,0.553785,0.488403,-0.482291,-0.47136,0.00045138,0.00145048,0.00401543,0.011071,-0.0111804,-0.00193001,0.33307,-0.561591,0.686787,0.999205,-0.00247779,-0.0382171,-0.0111117,-0.178981,-0.0799403,0.739144,0.694608,-0.287717,0.609157,0.252322,0,0,0,0,0,0,0,-1.10947,0.903346,-0.191816,3.13987,-4.73536,-6.92881,-7.10541,-7.53681,3.55219,0.648241,-0.903555,0.454854,0,0,-12,0,0,0,0,0,3.96396,0,0,0,
0.44072,-0.252851,0.710065,0.553798,0.488482,-0.482123,-0.471435,0.000658298,-0.000583741,0.00293295,0.0144074,-0.00810247,-0.00658033,0.333098,-0.561556,0.686703,0.999203,-0.00245293,-0.0381868,-0.0113328,-0.178981,-0.0799403,0.739144,0.694608,-0.287717,0.609157,0.252322,0,0,0,0,0,0,0,-1.02583,0.833247,-0.492594,3.21576,-4.33343,-6.79801,-7.22104,-7.37183,3.5195,0.648366,-0.993285,0.475287,0,0,-12,0,0,0,0,0,3.98914,0,0,0,
0.440734,-0.252881,0.710102,0.553812,0.488535,-0.481956,-0.471534,0.000454519,9.84028e-05,0.00248999,0.00941883,-0.0100469,-0.00392012,0.333095,-0.561553,0.686559,0.999199,-0.00247403,-0.0382192,-0.0115992,-0.178981,-0.0799403,0.739144,0.694608,-0.287717,0.609157,0.252322,0,0,0,0,0,0,0,-0.921186,0.979462,-0.386622,3.0343,-4.23007,-6.87756,-7.69243,-7.5249,3.49648,0.641832,-0.991389,0.448785,0,0,-12,0,0,0,0,0,4.03244,0,0,0,
0.440744,-0.252885,0.710081,0.553825,0.488527,-0.481904,-0.47158,0.000459291,0.000285884,-0.00396878,-0.00252694,0.0065079,-0.00392351,0.333101,-0.561541,0.686461,0.999195,-0.0024736,-0.0382947,-0.0117197,-0.178981,-0.0799403,0.739144,0.694608,-0.287717,0.609157,0.252322,0,0,0,0,0,0,0,-0.992195,1.17192,0.0649462,2.73631,-4.35821,-7.17103,-7.55008,-7.853,3.47676,0.655066,-0.966831,0.421929,0,0,-12,0,0,0,0,0,4.06173,0,0,0,
0.440747,-0.252833,0.710041,0.553808,0.488527,-0.48193,-0.471573,7.52338e-05,0.00304517,-0.00183761,-0.00324658,0.000519531,0.0037939,0.333141,-0.561493,0.686384,0.99919,-0.00240785,-0.0383922,-0.0117825,-0.178981,-0.0799403,0.739144,0.694608,-0.287717,0.609157,0.252322,0,0,0,0,0,0,0,-1.1638,1.23457,0.384561,2.55824,-5.11593,-7.33973,-7.17957,-7.98831,3.55465,0.679681,-0.803366,0.41253,0,0,-12,0,0,0,0,0,4.08489,0,0,0,
